n_train,n_test,repetition,covariate_index,covariate,mse_mlm,mse_bayes,ratio_mlm_bayes,percent_reduction
20,78,1,1,SAMS status,0.08632125289502991,0.05578960531576944,1.5472640899044043,35.36979197508657
20,78,1,2,Fish Oil,0.05325434798654887,0.03505469997772552,1.5191785415475751,34.17495227510863
20,78,1,3,Interaction SAMS-Fish Oil,0.0869062049510533,0.029875643185188004,2.9089316809801904,65.6231183929682
20,78,2,1,SAMS status,0.08235632511145274,0.054277058629554197,1.5173321324123707,34.09485117736725
20,78,2,2,Fish Oil,0.07426246294683767,0.04449446525792046,1.6690269793413959,40.08485109122659
20,78,2,3,Interaction SAMS-Fish Oil,0.06484487089401436,0.021526430161363238,3.01233741070553,66.80318756968906
20,78,3,1,SAMS status,0.10580920618976807,0.04725463230917,2.2391287587954687,55.33977239710206
20,78,3,2,Fish Oil,0.03741634243299949,0.024873126407834498,1.5042878735667966,33.523362278463786
20,78,3,3,Interaction SAMS-Fish Oil,0.10094202694169564,0.046618807260585315,2.1652640398425387,53.81625605010642
20,78,4,1,SAMS status,0.09564804241665227,0.02706926104318936,3.533455984041994,71.6990956016925
20,78,4,2,Fish Oil,0.043090494569740276,0.02189143331811191,1.968372465319084,49.19660696239752
20,78,4,3,Interaction SAMS-Fish Oil,0.07260187015757481,0.018479234386107657,3.928835396565755,74.54716476862042
20,78,5,1,SAMS status,0.0407379573046406,0.012897002426485948,3.158715177177841,68.34155838978012
20,78,5,2,Fish Oil,0.07218519177196074,0.031907237387141206,2.262345401330539,55.79808461555533
20,78,5,3,Interaction SAMS-Fish Oil,0.0849000197427745,0.04079943789512753,2.0809115057174274,51.94413615127598
20,78,6,1,SAMS status,0.1199920747263054,0.052140154026589544,2.3013371741309756,56.547001836981266
20,78,6,2,Fish Oil,0.08673141997839846,0.04610429428113906,1.8812004679980465,46.84245421944907
20,78,6,3,Interaction SAMS-Fish Oil,0.07862497424936327,0.04714184649923725,1.6678382390183935,40.04214697772187
20,78,7,1,SAMS status,0.13381773953930634,0.07930794038634294,1.6873183049190639,40.73435954053926
20,78,7,2,Fish Oil,0.04685649185203671,0.023192147819821953,2.0203601760415317,50.503874910102
20,78,7,3,Interaction SAMS-Fish Oil,0.0331835627780534,0.016654901922342247,1.9924201855273764,49.80978373618973
20,78,8,1,SAMS status,0.06810350499645468,0.02335039368045788,2.9165891559871646,65.71337454412449
20,78,8,2,Fish Oil,0.08050722004182578,0.034937706943729586,2.304307497097337,56.60301408298727
20,78,8,3,Interaction SAMS-Fish Oil,0.03183981364808029,0.012920502318258574,2.464286052028019,59.420295416717714
20,78,9,1,SAMS status,0.1240540390709844,0.07310121196937645,1.6970175422392872,41.07308998818851
20,78,9,2,Fish Oil,0.041672333406242185,0.029808002807524436,1.3980250094354807,28.470521396194638
20,78,9,3,Interaction SAMS-Fish Oil,0.05174317896381528,0.025846485026726786,2.001942581759562,50.048517419462016
20,78,10,1,SAMS status,0.12039395440713392,0.04570251018863221,2.6342963200537737,62.03919838526035
20,78,10,2,Fish Oil,0.05066584640233209,0.029631862286418637,1.70984347566822,41.51511443998157
20,78,10,3,Interaction SAMS-Fish Oil,0.08249649582018445,0.017187737730884948,4.799729732432736,79.16549356429802
20,78,11,1,SAMS status,0.14818106283713525,0.0925453399558049,1.6011726026172604,37.545771245060635
20,78,11,2,Fish Oil,0.2214768024174586,0.1620214352145982,1.3669598848085223,26.84496369547262
20,78,11,3,Interaction SAMS-Fish Oil,0.05087099404793477,0.020888108635450854,2.435404513436779,58.939059425950305
20,78,12,1,SAMS status,0.049965369174229855,0.018061557501983804,2.7663931623140403,63.851848189086866
20,78,12,2,Fish Oil,0.07640354878800257,0.05300506660101128,1.4414385961085627,30.62486305697032
20,78,12,3,Interaction SAMS-Fish Oil,0.09766817839644754,0.03865101059694977,2.5269243129222407,60.42619896107777
20,78,13,1,SAMS status,0.17275901462166598,0.09995295251481605,1.7284033165109143,42.14313346617063
20,78,13,2,Fish Oil,0.039902330641035606,0.023514614029136887,1.6969162492564305,41.06957250022276
20,78,13,3,Interaction SAMS-Fish Oil,0.08365478251001063,0.019604319191337618,4.267160807449738,76.56521408206201
20,78,14,1,SAMS status,0.04554233935904388,0.022081494832351466,2.0624663187349106,51.51435972959856
20,78,14,2,Fish Oil,0.06362960259905379,0.036651608628817334,1.7360657548063252,42.39849514734772
20,78,14,3,Interaction SAMS-Fish Oil,0.05435660842039838,0.03347689154785527,1.6237053653173121,38.412471784585414
20,78,15,1,SAMS status,0.07333147417241448,0.05295198261645242,1.3848673939855476,27.790920318943122
20,78,15,2,Fish Oil,0.06494575110328422,0.03736306103986457,1.7382342157134894,42.47035347940541
20,78,15,3,Interaction SAMS-Fish Oil,0.10843328204303836,0.051740799962977875,2.095701692293619,52.28328517950662
20,78,16,1,SAMS status,0.03348591913997293,0.015191401108518857,2.204267986920251,54.633465352950324
20,78,16,2,Fish Oil,0.07818044890226915,0.03325719269396609,2.3507831710778633,57.460985245122046
20,78,16,3,Interaction SAMS-Fish Oil,0.06916141164556258,0.02140848583524285,3.230560637394935,69.045620489997
20,78,17,1,SAMS status,0.08792440502111812,0.03204249668858441,2.743993574397167,63.55676597312399
20,78,17,2,Fish Oil,0.08484624861942607,0.049445273052180674,1.7159627883920465,41.72367799787452
20,78,17,3,Interaction SAMS-Fish Oil,0.11433390967709327,0.05613516800313309,2.0367607997665904,50.9024329162954
20,78,18,1,SAMS status,0.0773808318460437,0.02038662938937829,3.795665794874368,73.65416098144387
20,78,18,2,Fish Oil,0.037001393607788674,0.025699313984413098,1.439781374328918,30.545010664129492
20,78,18,3,Interaction SAMS-Fish Oil,0.09595162330009901,0.024010128289677534,3.996297818256584,74.9768399284051
20,78,19,1,SAMS status,0.036530446881253544,0.018486936682917423,1.976014063758273,49.39307273461133
20,78,19,2,Fish Oil,0.07148760312530647,0.053511270722744475,1.3359354423800165,25.146083539900378
20,78,19,3,Interaction SAMS-Fish Oil,0.04176214826261503,0.019081797536088345,2.188585649943754,54.308390899588524
20,78,20,1,SAMS status,0.062415145799852995,0.03356271992815474,1.8596569626496462,46.22664179015058
20,78,20,2,Fish Oil,0.05307991215665612,0.03412036658629629,1.5556665261027567,35.718871414866
20,78,20,3,Interaction SAMS-Fish Oil,0.02777340120013099,0.011474904723117874,2.4203600701082433,58.683833353965476
20,78,21,1,SAMS status,0.05847596864278045,0.009965555681020963,5.867808129771007,82.95786130213796
20,78,21,2,Fish Oil,0.027493804658324225,0.026601610384776833,1.0335391076195133,3.245073879861382
20,78,21,3,Interaction SAMS-Fish Oil,0.09537707141843416,0.01381625766437286,6.903249326652121,85.51406804706892
20,78,22,1,SAMS status,0.059514383810718725,0.02666069225897892,2.2322895156885947,55.202943302292496
20,78,22,2,Fish Oil,0.04512705641746624,0.04014292870762002,1.1241595436682756,11.044655037409301
20,78,22,3,Interaction SAMS-Fish Oil,0.12047467480857801,0.04998379693866688,2.410274572706185,58.51095093795767
20,78,23,1,SAMS status,0.11424137877595394,0.042843449378656744,2.6664841517841325,62.49743320878527
20,78,23,2,Fish Oil,0.09852960721541469,0.057437116282339544,1.71543443669908,41.70572896249843
20,78,23,3,Interaction SAMS-Fish Oil,0.11733998873285217,0.03865331186011318,3.0357033611377746,67.05870498409956
20,78,24,1,SAMS status,0.033447162553774355,0.013344864862485753,2.5063695210431782,60.10165334344677
20,78,24,2,Fish Oil,0.06290555908350581,0.03361838376986945,1.8711654764285564,46.55737225824231
20,78,24,3,Interaction SAMS-Fish Oil,0.034929467432759626,0.013205856583172028,2.6449982409523956,62.19279149161453
20,78,25,1,SAMS status,0.05037445732351191,0.024165663658160468,2.0845468196567003,52.02794244915603
20,78,25,2,Fish Oil,0.08906737400230116,0.06454473419596721,1.379932462528696,27.532685319430637
20,78,25,3,Interaction SAMS-Fish Oil,0.025108820788638533,0.009400707454023048,2.670950129172797,62.560139589363885
20,78,26,1,SAMS status,0.0379179326803912,0.019514726374229237,1.9430419854856318,48.534308189430796
20,78,26,2,Fish Oil,0.07605601010094558,0.05071992206694834,1.499529317110436,33.31240752751798
20,78,26,3,Interaction SAMS-Fish Oil,0.16007920890787028,0.10604952936978304,1.5094759011111845,33.75184067106598
20,78,27,1,SAMS status,0.21297308312209606,0.053685648768003094,3.9670393859341613,74.79228455493342
20,78,27,2,Fish Oil,0.11385691553987215,0.037574622975670526,3.0301545703757085,66.9983831921812
20,78,27,3,Interaction SAMS-Fish Oil,0.06069549588633734,0.01267316670261047,4.789291998647429,79.12008705498818
20,78,28,1,SAMS status,0.05455813966000409,0.028621344441450928,1.906204642888478,47.539735372551775
20,78,28,2,Fish Oil,0.06800503477302133,0.03546519707785676,1.9175146446734768,47.849159703795394
20,78,28,3,Interaction SAMS-Fish Oil,0.09445468130667621,0.04312677253471438,2.1901634589197707,54.341307452311405
20,78,29,1,SAMS status,0.13488282713673191,0.05879580044355617,2.2940894778058016,56.40972116935661
20,78,29,2,Fish Oil,0.03493247909884351,0.017323168991938385,2.0165178273732653,50.40956313772791
20,78,29,3,Interaction SAMS-Fish Oil,0.04637472231894034,0.00952902896703079,4.866678701407131,79.45210560724166
20,78,30,1,SAMS status,0.04126677072280925,0.021262811707476435,1.9407955678927928,48.474738063950554
20,78,30,2,Fish Oil,0.03466205780081968,0.038184941448570875,0.9077415464288201,-10.163515588124984
20,78,30,3,Interaction SAMS-Fish Oil,0.05781473005474187,0.01192496905479152,4.848207973463175,79.37382213235215
20,78,31,1,SAMS status,0.06294352840750074,0.036449500851595325,1.726869420346145,42.091741956982865
20,78,31,2,Fish Oil,0.0364429367791897,0.031781159506739466,1.1466836750075675,12.791991218205789
20,78,31,3,Interaction SAMS-Fish Oil,0.1391401020255026,0.07240772636116356,1.92161954280243,47.96056255018976
20,78,32,1,SAMS status,0.08918372295955547,0.02490812014849383,3.5805079800431394,72.07100205965882
20,78,32,2,Fish Oil,0.09247836751439863,0.04327989877255555,2.1367510122976667,53.19997537173546
20,78,32,3,Interaction SAMS-Fish Oil,0.08299497307542286,0.03769754209845397,2.201601708107824,54.578523612272534
20,78,33,1,SAMS status,0.07221567806355626,0.04522417512256087,1.5968379272335298,37.37623694018417
20,78,33,2,Fish Oil,0.10882948452031448,0.08758579243053512,1.2425472385447431,19.52016237457592
20,78,33,3,Interaction SAMS-Fish Oil,0.06338991304396989,0.02257216383881107,2.8083223875495666,64.39155260687284
20,78,34,1,SAMS status,0.045146532017245916,0.02582766134095679,1.7479914817395332,42.79148322823411
20,78,34,2,Fish Oil,0.029483191865009136,0.031556928839881516,0.9342858430427615,-7.033624393068205
20,78,34,3,Interaction SAMS-Fish Oil,0.051517386165580166,0.02808845763498585,1.8341123188413233,45.477712039372975
20,78,35,1,SAMS status,0.043614405267038386,0.028388764315360533,1.5363263008752936,34.9096608298466
20,78,35,2,Fish Oil,0.12961592731612526,0.0967919197527988,1.3391192947423416,25.324054105843587
20,78,35,3,Interaction SAMS-Fish Oil,0.052590850740154065,0.017694541532020353,2.9721510808847316,66.35433486435265
20,78,36,1,SAMS status,0.12795623497061015,0.055206461612004244,2.317776420265757,56.85520004188586
20,78,36,2,Fish Oil,0.062092864441838626,0.031154908250251544,1.9930363441637575,49.82530032990532
20,78,36,3,Interaction SAMS-Fish Oil,0.09230742145350732,0.021567169092959707,4.27999711300264,76.63549825858532
20,78,37,1,SAMS status,0.0560170988366284,0.017222343260555297,3.2525828796436524,69.2552031107795
20,78,37,2,Fish Oil,0.026244210523388736,0.02296719464754893,1.1426824619257332,12.48662394671518
20,78,37,3,Interaction SAMS-Fish Oil,0.16147036854760213,0.10004119412998534,1.6140387962362859,38.043620616068154
20,78,38,1,SAMS status,0.04591309315975621,0.023129537786821724,1.9850415335975988,49.623220316824025
20,78,38,2,Fish Oil,0.05883381581252403,0.02868717807602841,2.0508749817287453,51.240323817443546
20,78,38,3,Interaction SAMS-Fish Oil,0.04818467890129197,0.021914378923586945,2.198769997968307,54.52002706403973
20,78,39,1,SAMS status,0.12650482180346545,0.04784545005404531,2.6440303447990985,62.178951464493004
20,78,39,2,Fish Oil,0.056200065022029594,0.046756776306903176,1.2019662059920972,16.802985390541437
20,78,39,3,Interaction SAMS-Fish Oil,0.13731408674667892,0.061030047972557386,2.249942303968419,55.5544158516326
20,78,40,1,SAMS status,0.09272971812640275,0.03359941182855369,2.7598613511322996,63.766295738381
20,78,40,2,Fish Oil,0.03828237763813766,0.026525599502488846,1.443223842482644,30.710679066956594
20,78,40,3,Interaction SAMS-Fish Oil,0.08633121666068509,0.018853027399411307,4.579169956724341,78.1619811133776
20,78,41,1,SAMS status,0.07243259034560026,0.0320707872389496,2.2585223682202513,55.723263401282374
20,78,41,2,Fish Oil,0.05229682485340657,0.03895447836500748,1.3425112348670138,25.512727638435162
20,78,41,3,Interaction SAMS-Fish Oil,0.03818289620555132,0.011186481418737047,3.413307078094818,70.7028996477468
20,78,42,1,SAMS status,0.08004621508333232,0.02964073492636863,2.7005475836607067,62.97047287556187
20,78,42,2,Fish Oil,0.06469754841085099,0.037863395786537184,1.7087096143092118,41.476305182242754
20,78,42,3,Interaction SAMS-Fish Oil,0.08738556838037446,0.05716405558492855,1.5286803479250324,34.58410050489896
20,78,43,1,SAMS status,0.02946931261290784,0.017853588985396816,1.6506100054735213,39.41633719146617
20,78,43,2,Fish Oil,0.043049462908293826,0.03567652461232349,1.2066607769699504,17.126667321440326
20,78,43,3,Interaction SAMS-Fish Oil,0.04924052017454337,0.01097805635859531,4.485358661507537,77.70523885677633
20,78,44,1,SAMS status,0.04472574026819579,0.021150611617065544,2.1146310602246823,52.71042694824748
20,78,44,2,Fish Oil,0.07589723989793525,0.04611038175327654,1.6459902740350245,39.24629958179684
20,78,44,3,Interaction SAMS-Fish Oil,0.03543580342115654,0.013217652093337444,2.6809453881009997,62.699725088084236
20,78,45,1,SAMS status,0.07185592315376743,0.024593394601255772,2.921757013165575,65.77401900657883
20,78,45,2,Fish Oil,0.0506956176336855,0.028125089049179684,1.8025051421184433,44.521656186527004
20,78,45,3,Interaction SAMS-Fish Oil,0.08539742301556705,0.02057806006145379,4.14992583171292,75.9031838025105
20,78,46,1,SAMS status,0.05960983670922124,0.024795602941686312,2.404048687560056,58.40350467215656
20,78,46,2,Fish Oil,0.06713341577641808,0.03968535013639728,1.6916422696456674,40.88584696991163
20,78,46,3,Interaction SAMS-Fish Oil,0.08436592135266206,0.038857277018517766,2.171174303141642,53.941975153582945
20,78,47,1,SAMS status,0.06146833370386446,0.019581575736084655,3.139090261801121,68.14363663992802
20,78,47,2,Fish Oil,0.050298782486525,0.03893087594638911,1.2920023314088898,22.600758861670943
20,78,47,3,Interaction SAMS-Fish Oil,0.05503808902099102,0.022941230532165853,2.3990905345649276,58.31753801732419
20,78,48,1,SAMS status,0.03401441006591569,0.017216286064248066,1.975711250323099,49.38531630892599
20,78,48,2,Fish Oil,0.04936031545434215,0.023039334415566458,2.142436693873934,53.3241750918759
20,78,48,3,Interaction SAMS-Fish Oil,0.10633643896014834,0.05578475275322101,1.9061918124932171,47.539382267514675
20,78,49,1,SAMS status,0.09809098825820685,0.06209169807785867,1.579776222824629,36.69989549456524
20,78,49,2,Fish Oil,0.061810156391607016,0.04188021973645942,1.475879467217726,32.243789400691135
20,78,49,3,Interaction SAMS-Fish Oil,0.035427146061685115,0.012318003991455398,2.876045996271781,65.23004147721211
20,78,50,1,SAMS status,0.07937690770483341,0.045687199603642044,1.7373992801805633,42.44270667039343
20,78,50,2,Fish Oil,0.09915027585449668,0.06768619076185069,1.464852353759281,31.73373429522236
20,78,50,3,Interaction SAMS-Fish Oil,0.05777963035136477,0.022872518642206484,2.5261595041284375,60.41421777343332
20,78,51,1,SAMS status,0.15289245858689413,0.08839099052078168,1.7297289880573004,42.187475211181855
20,78,51,2,Fish Oil,0.08944032902373963,0.07506522370008822,1.1915015318023294,16.072285825151546
20,78,51,3,Interaction SAMS-Fish Oil,0.056687710491222426,0.021121896599502515,2.6838361898125,62.73990179445852
20,78,52,1,SAMS status,0.04435835631588338,0.016738727334493667,2.650043544497774,62.264771004375476
20,78,52,2,Fish Oil,0.04170250148572072,0.03485887371801442,1.1963238348739202,16.410592947402957
20,78,52,3,Interaction SAMS-Fish Oil,0.06250677897301452,0.033577961616660885,1.8615417959736895,46.28108795822419
20,78,53,1,SAMS status,0.030562226457000446,0.01697748568656602,1.8001621100575445,44.449447390711185
20,78,53,2,Fish Oil,0.09295746256403468,0.0555029416948815,1.6748204640224909,40.29210763294261
20,78,53,3,Interaction SAMS-Fish Oil,0.0723793071968686,0.02572539765038706,2.8135350201585547,64.45752433024113
20,78,54,1,SAMS status,0.058746401248389146,0.025975875587997046,2.261575400966839,55.78303515449925
20,78,54,2,Fish Oil,0.0573954145413072,0.04048489576336679,1.4176994520816348,29.46318780530801
20,78,54,3,Interaction SAMS-Fish Oil,0.023581772305480503,0.007538124637517784,3.1283340936169113,68.03410473195906
20,78,55,1,SAMS status,0.07691101564344863,0.03328665313074245,2.310566200253283,56.72056486023293
20,78,55,2,Fish Oil,0.09445443143443102,0.06580921516603015,1.4352766735803157,30.3270220712577
20,78,55,3,Interaction SAMS-Fish Oil,0.035633269342849216,0.01867593249962139,1.9079780537636661,47.58849568382581
20,78,56,1,SAMS status,0.05381355420623296,0.010245516248428945,5.252400455124432,80.96108610636563
20,78,56,2,Fish Oil,0.04520449010655857,0.03338820030448771,1.3539061612878436,26.139637399330972
20,78,56,3,Interaction SAMS-Fish Oil,0.08215076874754176,0.025297280502113335,3.2474150231555083,69.20627659632179
20,78,57,1,SAMS status,0.08940794762639305,0.02689454026711832,3.324390256847208,69.91929578844388
20,78,57,2,Fish Oil,0.06925339726380736,0.041559637156611366,1.6663619319590337,39.98902754431237
20,78,57,3,Interaction SAMS-Fish Oil,0.08979979862695862,0.02563375008183657,3.5031861643446582,71.45455727765841
20,78,58,1,SAMS status,0.11231964382788862,0.04977016639517992,2.256766492120195,55.68881390734774
20,78,58,2,Fish Oil,0.044494475450340916,0.029501104904809363,1.5082308135207263,33.69715092442262
20,78,58,3,Interaction SAMS-Fish Oil,0.1335580552370153,0.05271933128665006,2.53337916049849,60.527029842495786
20,78,59,1,SAMS status,0.08422619570982878,0.0324670457549761,2.5942057169436104,61.45255584517946
20,78,59,2,Fish Oil,0.08799917790194313,0.06505136711934001,1.3527644659720095,26.077301322262013
20,78,59,3,Interaction SAMS-Fish Oil,0.08421599706286005,0.04652084191011478,1.8102853173976934,44.760088899272965
20,78,60,1,SAMS status,0.0651966366693877,0.03330968855781807,1.9572874887803626,48.90888509060433
20,78,60,2,Fish Oil,0.058025387252642086,0.02265808208853601,2.5609134535707403,60.95143322373207
20,78,60,3,Interaction SAMS-Fish Oil,0.08669864405806792,0.04059092387794713,2.135912065435172,53.18159318528597
20,78,61,1,SAMS status,0.04104141757068627,0.02402960973488648,1.7079518986570075,41.45034173466375
20,78,61,2,Fish Oil,0.06295547934050043,0.042721485176782745,1.4736257197049407,32.14016377237046
20,78,61,3,Interaction SAMS-Fish Oil,0.05210436046306443,0.026479050715958095,1.9677578710048982,49.180739422512474
20,78,62,1,SAMS status,0.04932726848990143,0.022704391931933583,2.1725870764467796,53.971925413664934
20,78,62,2,Fish Oil,0.04872533112193743,0.04177088503718337,1.166490273753199,14.272752846666625
20,78,62,3,Interaction SAMS-Fish Oil,0.0406944425132504,0.015537290403543812,2.619146675920316,61.819625865412064
20,78,63,1,SAMS status,0.04858253878114447,0.014177428858831234,3.426752429153049,70.81785099231233
20,78,63,2,Fish Oil,0.08308291399199018,0.03509289235298364,2.3675140013053486,57.76160143303728
20,78,63,3,Interaction SAMS-Fish Oil,0.07343322512577967,0.026879220556533814,2.7319700350436493,63.396377442916474
20,78,64,1,SAMS status,0.12808836178673075,0.06615684638002325,1.9361316144206104,48.350618700100554
20,78,64,2,Fish Oil,0.15355781588362014,0.09673844018985772,1.5873505463004094,37.001943122729244
20,78,64,3,Interaction SAMS-Fish Oil,0.100650742852313,0.044744219014478274,2.249469206731367,55.545068276214884
20,78,65,1,SAMS status,0.048974758241969625,0.02124235839372144,2.30552358331573,56.62590453480279
20,78,65,2,Fish Oil,0.05613503702509054,0.02870137249207476,1.955831103219575,48.87084072066047
20,78,65,3,Interaction SAMS-Fish Oil,0.039036785594722,0.01046399397945128,3.730581809525185,73.19452967237632
20,78,66,1,SAMS status,0.04694455000539535,0.02734872103346297,1.7165171982980698,41.7425003960635
20,78,66,2,Fish Oil,0.12301930936748852,0.08451826854596914,1.4555351344020828,31.296746030745005
20,78,66,3,Interaction SAMS-Fish Oil,0.056992718037406874,0.022376473335069248,2.5469928698766733,60.73801337149324
20,78,67,1,SAMS status,0.05435540046790082,0.01206015323695746,4.507024031944525,77.8124102975205
20,78,67,2,Fish Oil,0.034062281299458985,0.03224877750455232,1.0562348074946613,5.324082021879917
20,78,67,3,Interaction SAMS-Fish Oil,0.08754154906135245,0.03315535915936959,2.640343862377178,62.12614522489994
20,78,68,1,SAMS status,0.11591425900940251,0.06168286673509444,1.8791970144191295,46.78578178195405
20,78,68,2,Fish Oil,0.03727996556078897,0.02278379049953791,1.636249488931399,38.884625678136686
20,78,68,3,Interaction SAMS-Fish Oil,0.08285402974185248,0.03595163723133071,2.3045968451653103,56.60846268631122
20,78,69,1,SAMS status,0.0756840549930882,0.04276371544768233,1.7698194415702964,43.49706097065267
20,78,69,2,Fish Oil,0.03722984854137853,0.031692732100917304,1.1747124994724252,14.872787984369806
20,78,69,3,Interaction SAMS-Fish Oil,0.04802485885824649,0.0174894356840708,2.745935302074214,63.5825360035022
20,78,70,1,SAMS status,0.12810373055836688,0.05251946992509331,2.439166479423284,59.00238837996659
20,78,70,2,Fish Oil,0.05228187114759201,0.043761674545822624,1.19469539706137,16.29665582878016
20,78,70,3,Interaction SAMS-Fish Oil,0.09117119206001018,0.017702450339221843,5.1502018259025855,80.58328520310468
20,78,71,1,SAMS status,0.05226185932414721,0.014055249536195186,3.718316006383385,73.10610506790549
20,78,71,2,Fish Oil,0.06116444664145593,0.03544785849798256,1.7254764951439021,42.04499436449284
20,78,71,3,Interaction SAMS-Fish Oil,0.10173670172492737,0.040209595152501706,2.5301598123302083,60.47680485925404
20,78,72,1,SAMS status,0.0424150875362774,0.023936804126585904,1.771961173762884,43.56535488436071
20,78,72,2,Fish Oil,0.0991785320589213,0.06404507720446129,1.5485738543541434,35.424455398863394
20,78,72,3,Interaction SAMS-Fish Oil,0.08774984629208761,0.029412033106241037,2.983467547963139,66.48195484201878
20,78,73,1,SAMS status,0.046815257590407854,0.015169570874949393,3.086129329321851,67.59695096058269
20,78,73,2,Fish Oil,0.0615303064088914,0.02466834808805204,2.4943018555301326,59.90862141312634
20,78,73,3,Interaction SAMS-Fish Oil,0.1312590083784211,0.08222418821838566,1.5963551750708689,37.35729895099279
20,78,74,1,SAMS status,0.07321595658650103,0.03053150483130743,2.398046116332411,58.29938410319618
20,78,74,2,Fish Oil,0.14408563961649945,0.1001157104588926,1.4391911015370644,30.516524252269615
20,78,74,3,Interaction SAMS-Fish Oil,0.05417871389201389,0.02271594613827913,2.385052049437473,58.07219384432909
20,78,75,1,SAMS status,0.04161883079074006,0.014517389008397472,2.8668261742291237,65.1182199678048
20,78,75,2,Fish Oil,0.06785079914525881,0.03054962043912211,2.2210030164030607,54.97529752933379
20,78,75,3,Interaction SAMS-Fish Oil,0.08571402713078245,0.024453232270975706,3.5052227934921745,71.47114295112401
20,78,76,1,SAMS status,0.1216900503996272,0.060211308947485706,2.0210497417646445,50.52076258514708
20,78,76,2,Fish Oil,0.07288683634074472,0.041402901803374345,1.7604282107300129,43.19563877101692
20,78,76,3,Interaction SAMS-Fish Oil,0.16741375309704873,0.06355072000758052,2.6343329088494842,62.03972563070099
20,78,77,1,SAMS status,0.060051221265447215,0.021225693719798003,2.829175906247775,64.65401823224697
20,78,77,2,Fish Oil,0.1270499977120935,0.07833289759437971,1.621923886563966,38.344825655259775
20,78,77,3,Interaction SAMS-Fish Oil,0.1100951295855617,0.056085332389263526,1.9629932621498971,49.05739009492135
20,78,78,1,SAMS status,0.029835419151798107,0.012978602827563279,2.2988159471553598,56.49934475017727
20,78,78,2,Fish Oil,0.06080693732484952,0.046612553400960204,1.3045184802855472,23.34336269570446
20,78,78,3,Interaction SAMS-Fish Oil,0.06395158461734146,0.019951225475913655,3.205396314855333,68.80260966902833
20,78,79,1,SAMS status,0.04604365192109363,0.027267875975239664,1.6885676010446553,40.778207554063194
20,78,79,2,Fish Oil,0.04268675589493257,0.02168229140172066,1.968738225312526,49.206045418188815
20,78,79,3,Interaction SAMS-Fish Oil,0.06371916987366054,0.031723358122805315,2.0085884232998032,50.21379251219854
20,78,80,1,SAMS status,0.10784891849522632,0.06207585088436293,1.737373180693585,42.44184202263413
20,78,80,2,Fish Oil,0.04516598536612277,0.0256285861574193,1.7623284050356216,43.256886903562844
20,78,80,3,Interaction SAMS-Fish Oil,0.05020678848544249,0.018715594044392624,2.682617947704681,62.72298107691307
20,78,81,1,SAMS status,0.03113916279583641,0.017521136976266324,1.7772341394292337,43.73279368124483
20,78,81,2,Fish Oil,0.05112769162789691,0.026273709359672656,1.9459639645086608,48.61158694413484
20,78,81,3,Interaction SAMS-Fish Oil,0.0815063835259561,0.02630771163321016,3.0981935891020105,67.72312732433731
20,78,82,1,SAMS status,0.09999876861609457,0.040551077156647415,2.465995372448499,59.448423497766136
20,78,82,2,Fish Oil,0.054413515862845485,0.037614174506256086,1.4466226250371463,30.873471581828603
20,78,82,3,Interaction SAMS-Fish Oil,0.04719523326508945,0.025498109999685346,1.8509306480233967,45.97312432705692
20,78,83,1,SAMS status,0.047159365719855253,0.019313281711326454,2.441810067534934,59.0467738135946
20,78,83,2,Fish Oil,0.06844117531411492,0.05198495435266367,1.3165573802337684,24.044328411843352
20,78,83,3,Interaction SAMS-Fish Oil,0.06112356691429637,0.030248423115449685,2.0207191191754026,50.51266697530574
20,78,84,1,SAMS status,0.04911739396097623,0.027803105280553974,1.7666154001628689,43.39458379521612
20,78,84,2,Fish Oil,0.038447234302755436,0.021584985599708756,1.7812026848548927,43.858157833314415
20,78,84,3,Interaction SAMS-Fish Oil,0.06758755407054613,0.01637153885862023,4.128356818147169,75.77728757349017
20,78,85,1,SAMS status,0.06109121628116583,0.028372721457665225,2.153167307983469,53.55679067333872
20,78,85,2,Fish Oil,0.07550282429960761,0.036567787387701806,2.0647359245202823,51.5676562738967
20,78,85,3,Interaction SAMS-Fish Oil,0.05700772538138605,0.03270613392785474,1.7430285556567857,42.628593389670954
20,78,86,1,SAMS status,0.06617412479652438,0.028713091438254394,2.3046673653663334,56.60979041801777
20,78,86,2,Fish Oil,0.1045721970116249,0.06217711412547527,1.6818438501438824,40.541448011689695
20,78,86,3,Interaction SAMS-Fish Oil,0.04884199083514379,0.016273990850792668,3.0012300782856105,66.68032860142368
20,78,87,1,SAMS status,0.06895873478873644,0.03950297691026573,1.745659192859867,42.715049759413425
20,78,87,2,Fish Oil,0.04694722891241741,0.028338290372858656,1.6566711786319226,39.63799135892501
20,78,87,3,Interaction SAMS-Fish Oil,0.030732424291522627,0.010684220998925822,2.8764309812210387,65.23469512988271
20,78,88,1,SAMS status,0.12499744562021961,0.04401440951731342,2.8399209938520444,64.78775282253157
20,78,88,2,Fish Oil,0.05075104469248411,0.018948463411535547,2.678372572500397,62.66389484916024
20,78,88,3,Interaction SAMS-Fish Oil,0.22623154316764382,0.11113647710528726,2.035619168972929,50.87489766052117
20,78,89,1,SAMS status,0.0640258693644441,0.02860609175913302,2.2381900297164035,55.32104125552253
20,78,89,2,Fish Oil,0.09313132772820394,0.05679185716835088,1.639871143007882,39.01959893228065
20,78,89,3,Interaction SAMS-Fish Oil,0.054310227530363304,0.018388679527141977,2.953459896356373,66.1414058395145
20,78,90,1,SAMS status,0.06256710888518421,0.021302205902849345,2.9371187740146363,65.95302822455702
20,78,90,2,Fish Oil,0.025925641738668178,0.0235140088071966,1.1025615390062065,9.302114700885566
20,78,90,3,Interaction SAMS-Fish Oil,0.049433979039539874,0.025359878912465602,1.9492987017079444,48.699498998085
20,78,91,1,SAMS status,0.045961423136333904,0.018491667201314763,2.4855207827375367,59.76698296207339
20,78,91,2,Fish Oil,0.0397643381362514,0.02924953947603796,1.3594859559695789,26.442785553690783
20,78,91,3,Interaction SAMS-Fish Oil,0.027576510803395137,0.011685225472580352,2.3599468292763413,57.62616396291258
20,78,92,1,SAMS status,0.07932842126582491,0.03383027802925252,2.344894156566814,57.354151904915355
20,78,92,2,Fish Oil,0.06440524167651325,0.03576744209984868,1.800666692818543,44.46501376472275
20,78,92,3,Interaction SAMS-Fish Oil,0.04235977604178364,0.013929197517995356,3.0410779936933454,67.11692360163659
20,78,93,1,SAMS status,0.07954152038970795,0.04556685531583288,1.7456003895460848,42.71312002513737
20,78,93,2,Fish Oil,0.15323277805105018,0.11536892945591193,1.3281979712710072,24.710019015986084
20,78,93,3,Interaction SAMS-Fish Oil,0.08706337830195184,0.04652907615247754,1.8711606913630061,46.557235590943726
20,78,94,1,SAMS status,0.05520634107068866,0.026673500623944694,2.0697073792080425,51.683991174508826
20,78,94,2,Fish Oil,0.07685577878764907,0.04140771895092954,1.8560737160800251,46.122829533302614
20,78,94,3,Interaction SAMS-Fish Oil,0.024696746633884856,0.008996110354690175,2.7452694175776826,63.57370269026781
20,78,95,1,SAMS status,0.0699829234232167,0.019274625134975937,3.630831880420074,72.45810235960846
20,78,95,2,Fish Oil,0.03910533301977953,0.022249515517237455,1.7575813275342245,43.10362858696634
20,78,95,3,Interaction SAMS-Fish Oil,0.058736847926759185,0.020445395068632532,2.872864414191422,65.1915351431072
20,78,96,1,SAMS status,0.19048018000554728,0.08490668530662608,2.243406150147782,55.424923840289644
20,78,96,2,Fish Oil,0.13136508390327206,0.06871111612695925,1.9118461656269052,47.69453641307515
20,78,96,3,Interaction SAMS-Fish Oil,0.13845097536961418,0.08087202243338448,1.7119761717800288,41.58797204751693
20,78,97,1,SAMS status,0.07816397947575332,0.020466688391062672,3.8190828912940167,73.81570318152558
20,78,97,2,Fish Oil,0.04249300986268164,0.03910204824780346,1.0867208181369032,7.98004572007549
20,78,97,3,Interaction SAMS-Fish Oil,0.07662233022316839,0.02065865066612339,3.708970709728673,73.03834194815859
20,78,98,1,SAMS status,0.08042795352768116,0.014854847875352958,5.414256288758538,81.53024262859017
20,78,98,2,Fish Oil,0.16299782618945455,0.07790469563384245,2.092272164896912,52.20507079444558
20,78,98,3,Interaction SAMS-Fish Oil,0.12810875073685127,0.040270622294515813,3.1811962030270773,68.56528374300062
20,78,99,1,SAMS status,0.05611109362797356,0.02240632104428301,2.5042528631575753,60.067930251296
20,78,99,2,Fish Oil,0.07925694207113762,0.05569571622045711,1.4230347942276114,29.727649383107625
20,78,99,3,Interaction SAMS-Fish Oil,0.039956614795910034,0.013858383404959897,2.8832089305315085,65.31642263553708
20,78,100,1,SAMS status,0.054868974053167534,0.018629110364564914,2.9453351759371045,66.04800675421146
20,78,100,2,Fish Oil,0.02646025500533276,0.016005840679229184,1.6531624633544113,39.50987745203744
20,78,100,3,Interaction SAMS-Fish Oil,0.10733206203105718,0.032011779392118585,3.352892718531064,70.17500755472696
30,68,1,1,SAMS status,0.05648245929179153,0.016037391952848267,3.521922982106835,71.6064205526211
30,68,1,2,Fish Oil,0.0540614063284136,0.0490564661188308,1.1020240674788764,9.257880157942367
30,68,1,3,Interaction SAMS-Fish Oil,0.0662340541823029,0.02692489420468396,2.459955967841113,59.348865871058166
30,68,2,1,SAMS status,0.10032477958003207,0.05367695463538642,1.869047531878665,46.49681279133365
30,68,2,2,Fish Oil,0.14368426675660195,0.11889507463534983,1.2084963754577753,17.252544541459415
30,68,2,3,Interaction SAMS-Fish Oil,0.08243784600956992,0.037936319296002316,2.173058629287136,53.981913487164114
30,68,3,1,SAMS status,0.040158920862524844,0.020657690997865758,1.9440178898345342,48.56014416178468
30,68,3,2,Fish Oil,0.05967319188163148,0.04264818164163042,1.399196626553999,28.530416596068942
30,68,3,3,Interaction SAMS-Fish Oil,0.044353886975505415,0.014276633329336376,3.1067469446290756,67.81199055401684
30,68,4,1,SAMS status,0.026440133007295315,0.019079931847252818,1.3857561556805162,27.837231976146583
30,68,4,2,Fish Oil,0.02865192317599925,0.035646556262802685,0.8037781536248324,-24.412438368753577
30,68,4,3,Interaction SAMS-Fish Oil,0.03860597209282852,0.014050058759049685,2.7477445293929676,63.60651475044806
30,68,5,1,SAMS status,0.05712597111512866,0.03894409345384457,1.4668712518069713,31.82769116456908
30,68,5,2,Fish Oil,0.04064169377308093,0.03610927140127741,1.1255196296107812,11.152149310286807
30,68,5,3,Interaction SAMS-Fish Oil,0.06292271376655581,0.034542534182395626,1.8216009698160465,45.103235199694446
30,68,6,1,SAMS status,0.04533151983323328,0.014318756323533261,3.165883880482672,68.41324452343656
30,68,6,2,Fish Oil,0.0344907432531804,0.021095313459913643,1.6349955320038934,38.83775335004287
30,68,6,3,Interaction SAMS-Fish Oil,0.06689523894049401,0.03624279193724101,1.845752917058145,45.821567407090924
30,68,7,1,SAMS status,0.03761145440810838,0.022884966921272995,1.6435004925939485,39.154262228318956
30,68,7,2,Fish Oil,0.046347785348248724,0.027672774271421494,1.6748514223278825,40.29321128616316
30,68,7,3,Interaction SAMS-Fish Oil,0.06810899816798686,0.03460910989905644,1.9679500098858003,49.18570111148149
30,68,8,1,SAMS status,0.053030899797169836,0.013276601032896672,3.994312977076756,74.96440550004543
30,68,8,2,Fish Oil,0.034898317776233014,0.03176229970592108,1.0987339739045194,8.986158273931688
30,68,8,3,Interaction SAMS-Fish Oil,0.05698043196282594,0.015212182818664065,3.7457104376181807,73.30279484615264
30,68,9,1,SAMS status,0.047458080564875646,0.02599752178695476,1.8254847886574148,45.22003107265179
30,68,9,2,Fish Oil,0.04923901893408207,0.02500854720129093,1.9688876182115997,49.20989950110356
30,68,9,3,Interaction SAMS-Fish Oil,0.06153441515188892,0.024160654790465527,2.546885243200119,60.73635423229684
30,68,10,1,SAMS status,0.023253728553011353,0.01667813953851277,1.394263940490148,28.27756847469971
30,68,10,2,Fish Oil,0.05261259270568353,0.03496028627611538,1.5049245389511607,33.55148553183018
30,68,10,3,Interaction SAMS-Fish Oil,0.10439256358625922,0.05113440552636668,2.041532751024763,51.01719531572333
30,68,11,1,SAMS status,0.026823026812882914,0.017682074899367396,1.5169614971963812,34.07874874555612
30,68,11,2,Fish Oil,0.016494114928469635,0.030806168682320213,0.5354159778374412,-86.77066830149998
30,68,11,3,Interaction SAMS-Fish Oil,0.04914104396589311,0.025290619793449483,1.9430541587051622,48.53463062159867
30,68,12,1,SAMS status,0.04909011308243248,0.026429637385863625,1.857388823226505,46.16097677044911
30,68,12,2,Fish Oil,0.06039646553512739,0.039809153158938286,1.5171502215581962,34.08694895269202
30,68,12,3,Interaction SAMS-Fish Oil,0.046505537106078444,0.01677891268064506,2.7716657206115545,63.920613060821964
30,68,13,1,SAMS status,0.05682488809698167,0.01998058108569111,2.8440057800759475,64.83832743921865
30,68,13,2,Fish Oil,0.11529785536898807,0.06463219118538287,1.7839075738323982,43.943284132614366
30,68,13,3,Interaction SAMS-Fish Oil,0.057266269881618495,0.024742231478031392,2.3145151613533796,56.79440702322882
30,68,14,1,SAMS status,0.04280903777300687,0.019431257096149585,2.203101814832645,54.60945139859715
30,68,14,2,Fish Oil,0.07490807047484808,0.041420987182668685,1.808456909645819,44.704239583134594
30,68,14,3,Interaction SAMS-Fish Oil,0.02306986174487924,0.010280368441655483,2.2440695463210676,55.43810121039242
30,68,15,1,SAMS status,0.04600524908080821,0.03320596281440887,1.3854514424995206,27.821360653688444
30,68,15,2,Fish Oil,0.029138075079995423,0.01855919418622842,1.570007554617695,36.30603897039813
30,68,15,3,Interaction SAMS-Fish Oil,0.0378615129964543,0.01704867671384782,2.220788958107301,54.97095767027479
30,68,16,1,SAMS status,0.0625832772703221,0.04672909413725239,1.339278631991087,25.33293848545065
30,68,16,2,Fish Oil,0.0844942611248756,0.05878925025103123,1.4372399845904391,30.422197355929846
30,68,16,3,Interaction SAMS-Fish Oil,0.06154386726414095,0.020229890711436903,3.0422244065484407,67.12931505488278
30,68,17,1,SAMS status,0.036828903714885834,0.013152037786231523,2.8002431496540345,64.28881541506321
30,68,17,2,Fish Oil,0.12609909188108961,0.0987652859034129,1.2767551951847504,21.67644950484835
30,68,17,3,Interaction SAMS-Fish Oil,0.06625187162170179,0.024412551595697822,2.7138446123500355,63.15190650749687
30,68,18,1,SAMS status,0.09950365365938425,0.05704876437424075,1.7441859565377926,42.666663709126574
30,68,18,2,Fish Oil,0.0803335141461211,0.051011506071789225,1.574811651964688,36.50034283449517
30,68,18,3,Interaction SAMS-Fish Oil,0.06723995735178301,0.03869319698848784,1.7377720784299244,42.45505423798159
30,68,19,1,SAMS status,0.07861600384366599,0.039763496548154864,1.9770898102097108,49.42060826797091
30,68,19,2,Fish Oil,0.09221332389291723,0.053096220091097865,1.7367210647896525,42.420229691800415
30,68,19,3,Interaction SAMS-Fish Oil,0.02872886888840631,0.010473916153164805,2.742896588849012,63.54219097922227
30,68,20,1,SAMS status,0.05836235564830592,0.022861933420411703,2.5528180217775702,60.827603398706685
30,68,20,2,Fish Oil,0.050173139450635895,0.02466160086210268,2.0344640127452807,50.84700472776551
30,68,20,3,Interaction SAMS-Fish Oil,0.03026866979355273,0.01633336671354191,1.8531800775927676,46.03870330297454
30,68,21,1,SAMS status,0.04418456352764137,0.02420438820228792,1.8254773951883991,45.21980920520823
30,68,21,2,Fish Oil,0.03055716669053592,0.028214165345132384,1.083043439943821,7.667600105507177
30,68,21,3,Interaction SAMS-Fish Oil,0.03775824344400096,0.01415561401085027,2.6673688202475203,62.50987143550684
30,68,22,1,SAMS status,0.0427254898499368,0.019219772725193124,2.222996622323872,55.0156761392367
30,68,22,2,Fish Oil,0.038285745332277514,0.034697665900006676,1.1034098213583337,9.371841663601732
30,68,22,3,Interaction SAMS-Fish Oil,0.047824449088291046,0.02315265637781254,2.0656139108997347,51.5882423756324
30,68,23,1,SAMS status,0.0847969161316479,0.030528532673268726,2.777628294133424,63.99806258770905
30,68,23,2,Fish Oil,0.09214063293941827,0.05400441585863128,1.7061684951952285,41.38914164596768
30,68,23,3,Interaction SAMS-Fish Oil,0.05621036072073371,0.02757970905224918,2.0381056455035242,50.934829987532616
30,68,24,1,SAMS status,0.11728556825633041,0.06728656561150201,1.7430755633080126,42.630140594582265
30,68,24,2,Fish Oil,0.04025647919443924,0.03344018540005746,1.2038354067968198,16.932165779970497
30,68,24,3,Interaction SAMS-Fish Oil,0.08630809038155923,0.05066580687964573,1.703478059405628,41.2965729450653
30,68,25,1,SAMS status,0.056208290797090416,0.03460531902808425,1.6242673778407903,38.43378167642918
30,68,25,2,Fish Oil,0.01904544146740037,0.01813925055413814,1.0499574616138427,4.758046248564707
30,68,25,3,Interaction SAMS-Fish Oil,0.052240339784962335,0.020777065249149476,2.514327175590924,60.2279285803377
30,68,26,1,SAMS status,0.08099223200161418,0.03465521344159467,2.3370865147927162,57.21168242294645
30,68,26,2,Fish Oil,0.03523427763176232,0.03221668270733623,1.093665600267992,8.5643728983558
30,68,26,3,Interaction SAMS-Fish Oil,0.03710484380605653,0.013567092686059195,2.7349148903643483,63.43579087147465
30,68,27,1,SAMS status,0.059750270445063924,0.03457858366048853,1.727955980838452,42.128155399261246
30,68,27,2,Fish Oil,0.09851327459371904,0.0734433367938621,1.341350745952928,25.448283902091852
30,68,27,3,Interaction SAMS-Fish Oil,0.046582003699063165,0.023817346373985256,1.9558015812350467,48.87006894796958
30,68,28,1,SAMS status,0.020843410774440865,0.017500745285662825,1.1910013221846305,16.037036955952377
30,68,28,2,Fish Oil,0.053081186895678416,0.03420699542382248,1.5517640832819695,35.557214477795654
30,68,28,3,Interaction SAMS-Fish Oil,0.04238563604231894,0.01750817303916512,2.420905707723123,58.69314542859638
30,68,29,1,SAMS status,0.036910804256057084,0.016701073401106072,2.210085745363682,54.75288675573788
30,68,29,2,Fish Oil,0.031599488701518706,0.018402598459578243,1.7171210234754486,41.76298663119257
30,68,29,3,Interaction SAMS-Fish Oil,0.02423836119330268,0.013305427114542757,1.821689825109807,45.10591286089428
30,68,30,1,SAMS status,0.03372693140264791,0.022773905899131183,1.4809462879151785,32.47560643082045
30,68,30,2,Fish Oil,0.02292321121824858,0.011182156108881802,2.049981326950091,51.21906785913147
30,68,30,3,Interaction SAMS-Fish Oil,0.03856777536204558,0.013680775708212054,2.81912196973559,64.5279625807112
30,68,31,1,SAMS status,0.06276009998157564,0.01575167770721202,3.9843438361388306,74.90176447801038
30,68,31,2,Fish Oil,0.030519251595843625,0.029044289725789797,1.050783196421021,4.832890038020132
30,68,31,3,Interaction SAMS-Fish Oil,0.038937487805663654,0.018535994049960588,2.100642010388779,52.39550599033655
30,68,32,1,SAMS status,0.050798498102733985,0.029836794665234853,1.7025454199315595,41.264415721713966
30,68,32,2,Fish Oil,0.05959600359988333,0.04917419431713094,1.2119365538668667,17.487429782578236
30,68,32,3,Interaction SAMS-Fish Oil,0.08778576790016059,0.04243064838898109,2.0689235548650693,51.66568635904878
30,68,33,1,SAMS status,0.04651711295299467,0.017040907693735598,2.7297321122216283,63.36636860727931
30,68,33,2,Fish Oil,0.056304537243117694,0.057512787468375334,0.9789916246726518,-2.1459198217730346
30,68,33,3,Interaction SAMS-Fish Oil,0.06938735586679731,0.03790950893985535,1.8303417218324451,45.36539335404262
30,68,34,1,SAMS status,0.024478172655432798,0.017649570227508713,1.3868990768557632,27.896700150158114
30,68,34,2,Fish Oil,0.02930137118327865,0.020721438436662045,1.4140606730967236,29.281676591001638
30,68,34,3,Interaction SAMS-Fish Oil,0.030733891689867458,0.017859159363904142,1.7209036026625615,41.89099270564534
30,68,35,1,SAMS status,0.035333370269784906,0.02055923428244428,1.718613144068133,41.813548706319224
30,68,35,2,Fish Oil,0.025193080008295936,0.0261589581329156,0.9630765828015028,-3.83390250140756
30,68,35,3,Interaction SAMS-Fish Oil,0.05077079153785386,0.015114384640134013,3.3591041082175144,70.23015757226283
30,68,36,1,SAMS status,0.06289377151670451,0.023580847119453963,2.6671548820151494,62.506864271622
30,68,36,2,Fish Oil,0.12781016874617301,0.09847677441843522,1.297871193496834,22.950751583775
30,68,36,3,Interaction SAMS-Fish Oil,0.05172870505821575,0.024622872533223455,2.100839574603597,52.39998274553219
30,68,37,1,SAMS status,0.05021184193648264,0.021297386460039945,2.357652758506053,57.584932879019114
30,68,37,2,Fish Oil,0.03187296668542433,0.018855071909614527,1.6904187286165562,40.84305958805822
30,68,37,3,Interaction SAMS-Fish Oil,0.04960861229823451,0.013855292018897597,3.580481178640769,72.07079299940288
30,68,38,1,SAMS status,0.0527326003036651,0.020250266722318222,2.604044728237947,61.59820186050875
30,68,38,2,Fish Oil,0.08720783071689028,0.05045538100032635,1.7284148685018594,42.14352015689546
30,68,38,3,Interaction SAMS-Fish Oil,0.03212993874539756,0.015260805036602104,2.1053895039177735,52.50285051107316
30,68,39,1,SAMS status,0.061777900214772065,0.03063599253389369,2.016513750825111,50.409462886587164
30,68,39,2,Fish Oil,0.028496763621880115,0.02760009383262471,1.0324879253923223,3.1465671019811237
30,68,39,3,Interaction SAMS-Fish Oil,0.050042190024823706,0.019421079046690576,2.5766946267257524,61.19058930662978
30,68,40,1,SAMS status,0.06567625404396228,0.023104930801458198,2.8425211314555128,64.81996249970004
30,68,40,2,Fish Oil,0.05863921080540609,0.04114815874531794,1.4250749630948767,29.82825283602829
30,68,40,3,Interaction SAMS-Fish Oil,0.07659792212546852,0.02831206160409816,2.7054872653420974,63.03808142768862
30,68,41,1,SAMS status,0.042249729998921785,0.028824450988796387,1.465760094280498,31.776011374434855
30,68,41,2,Fish Oil,0.0702698133675529,0.04458384515119025,1.5761272525789964,36.55334628826999
30,68,41,3,Interaction SAMS-Fish Oil,0.02868377966142403,0.011094908709422178,2.585310110489217,61.319920734353595
30,68,42,1,SAMS status,0.023387582408078547,0.015083226209165062,1.5505689620876657,35.507544362708444
30,68,42,2,Fish Oil,0.032836372070670854,0.025255262851668174,1.3001793829479755,23.087535988100395
30,68,42,3,Interaction SAMS-Fish Oil,0.030988454027386418,0.008217383373089632,3.7710853468109704,73.48243521336231
30,68,43,1,SAMS status,0.047996672700671796,0.02521272536483626,1.9036685644310354,47.46984749948434
30,68,43,2,Fish Oil,0.027894836993578226,0.028535343129842773,0.9775539360662289,-2.296145829466578
30,68,43,3,Interaction SAMS-Fish Oil,0.08715778237717844,0.05569137013786885,1.5650141514100253,36.102814207843835
30,68,44,1,SAMS status,0.03554091025659351,0.02105014500791638,1.6883926568309888,40.77207123863358
30,68,44,2,Fish Oil,0.043828562079996775,0.044967039868752126,0.9746819494438973,-2.597570476251043
30,68,44,3,Interaction SAMS-Fish Oil,0.03660177133160837,0.020175981950951376,1.814125895859183,44.87703404253579
30,68,45,1,SAMS status,0.04481764412517546,0.018331440967856712,2.4448511278388323,59.097714023840496
30,68,45,2,Fish Oil,0.03294145333887458,0.029359230739672042,1.1220135033838612,10.8745129194865
30,68,45,3,Interaction SAMS-Fish Oil,0.0793305678665965,0.03913333409727056,2.0271865328267435,50.67054837792442
30,68,46,1,SAMS status,0.054170622429625885,0.0287826655424716,1.882057182983692,46.86665160647965
30,68,46,2,Fish Oil,0.0593763631083825,0.03883843641490745,1.5288041586965617,34.589398235769664
30,68,46,3,Interaction SAMS-Fish Oil,0.053213825885044,0.016865514067368602,3.1551855266601163,68.30614264833619
30,68,47,1,SAMS status,0.026912501835892146,0.016029214970726402,1.6789656814161837,40.43952112490386
30,68,47,2,Fish Oil,0.04945351582150338,0.03702791275907925,1.3355739531761044,25.125823424309978
30,68,47,3,Interaction SAMS-Fish Oil,0.030826453560859262,0.013422726240938994,2.2965866253637293,56.45711818766594
30,68,48,1,SAMS status,0.10265481732637942,0.056146493525614634,1.8283388842358819,45.30554435930348
30,68,48,2,Fish Oil,0.0652078545214476,0.03682675083282615,1.7706654278966005,43.52405687460027
30,68,48,3,Interaction SAMS-Fish Oil,0.057490941013383326,0.023519849059144636,2.4443584169614625,59.089469324098474
30,68,49,1,SAMS status,0.040877024852672195,0.018614993651411404,2.1959193550180376,54.4609870251002
30,68,49,2,Fish Oil,0.04398360605599147,0.031139457907493527,1.4124717966078362,29.202126201628953
30,68,49,3,Interaction SAMS-Fish Oil,0.051351439303309765,0.027433595372082356,1.8718450355058918,46.57677419702981
30,68,50,1,SAMS status,0.055470685624167064,0.02500757688771007,2.218155156464921,54.91749091196567
30,68,50,2,Fish Oil,0.03323480994267734,0.042891279993814736,0.7748616956050289,-29.055288920841306
30,68,50,3,Interaction SAMS-Fish Oil,0.03419407679607678,0.015641424185958718,2.186122976370192,54.25691917568214
30,68,51,1,SAMS status,0.07611343621550966,0.03800335170469014,2.002808510337687,50.07011430007389
30,68,51,2,Fish Oil,0.046582012270813336,0.03438173485252517,1.3548476384516155,26.190962613121016
30,68,51,3,Interaction SAMS-Fish Oil,0.04874461380318016,0.024043929065953585,2.027314823191812,50.67366999144236
30,68,52,1,SAMS status,0.04736764646810796,0.027725903203656182,1.7084257317129221,41.46658052279696
30,68,52,2,Fish Oil,0.03171314633693234,0.023373602287897338,1.3567932724410714,26.296804361297255
30,68,52,3,Interaction SAMS-Fish Oil,0.029262645450939997,0.013267157664592369,2.205645413337981,54.66179677146656
30,68,53,1,SAMS status,0.046678413238828084,0.020744956227438226,2.250109025397175,55.55770903929926
30,68,53,2,Fish Oil,0.06272723534637095,0.02929970135132123,2.1408830961869976,53.29030334346412
30,68,53,3,Interaction SAMS-Fish Oil,0.07852047508609293,0.04811018064711312,1.6320968666078912,38.72912690051451
30,68,54,1,SAMS status,0.07398098318453752,0.03184323392512293,2.323287369571146,56.95754158106625
30,68,54,2,Fish Oil,0.07153861054502603,0.04524803369467301,1.5810324715491046,36.75019216903279
30,68,54,3,Interaction SAMS-Fish Oil,0.07145452281334713,0.03759334955846707,1.9007224323604754,47.38842542316309
30,68,55,1,SAMS status,0.07138740107695168,0.04309322552384079,1.656580592637641,39.63469061243921
30,68,55,2,Fish Oil,0.07208249597196728,0.04782235970189719,1.5072969301660715,33.65607134290245
30,68,55,3,Interaction SAMS-Fish Oil,0.07503066904635401,0.035317153987643346,2.124482314532069,52.92970936214846
30,68,56,1,SAMS status,0.032593202689868164,0.015983601520979662,2.039165118517699,50.96032239277829
30,68,56,2,Fish Oil,0.02899573132237806,0.03675073868848639,0.7889836329048294,-26.74534151212542
30,68,56,3,Interaction SAMS-Fish Oil,0.12680220382847826,0.04824974870420766,2.628038637171604,61.94880905266148
30,68,57,1,SAMS status,0.047431065878615904,0.033356961484875644,1.421924053248123,29.67275588905859
30,68,57,2,Fish Oil,0.03115616927348442,0.03761896674629907,0.8282037484867801,-20.743235203548704
30,68,57,3,Interaction SAMS-Fish Oil,0.06750728846257113,0.034992784357398846,1.9291773919184412,48.16443504940906
30,68,58,1,SAMS status,0.07379725361315671,0.03706719895011843,1.9909045113569588,49.77157396070086
30,68,58,2,Fish Oil,0.049740401175878364,0.029627824467826688,1.6788408217381008,40.435091460028836
30,68,58,3,Interaction SAMS-Fish Oil,0.02734109607284347,0.012269512301941772,2.228376760216987,55.124285181352114
30,68,59,1,SAMS status,0.041336430366661514,0.01850506781327043,2.233789726348269,55.23302895502302
30,68,59,2,Fish Oil,0.05095418856227543,0.030468112597611206,1.6723775848941296,40.20489098678601
30,68,59,3,Interaction SAMS-Fish Oil,0.030536101236093315,0.013569256048220823,2.250388755844662,55.56323335677797
30,68,60,1,SAMS status,0.01980517491818535,0.013189928329165018,1.5015377205949614,33.40160648087047
30,68,60,2,Fish Oil,0.03998248284124271,0.025103608787447235,1.5926986107764505,37.2134819962897
30,68,60,3,Interaction SAMS-Fish Oil,0.03827380795929342,0.023695345966173835,1.6152457961124937,38.08991780651847
30,68,61,1,SAMS status,0.033099539291026416,0.017684807843726284,1.8716369204299008,46.57083384686024
30,68,61,2,Fish Oil,0.05285484806137236,0.03132411111609725,1.6873534851627636,40.73559519133365
30,68,61,3,Interaction SAMS-Fish Oil,0.08058286186196506,0.03996090628285649,2.0165424000039676,50.41016742330673
30,68,62,1,SAMS status,0.046523700045340746,0.020311887269582902,2.290466633054334,56.34077416502238
30,68,62,2,Fish Oil,0.04061188891886763,0.020080767821649012,2.022427094400448,50.55445989777685
30,68,62,3,Interaction SAMS-Fish Oil,0.027381964978893898,0.011184277374472112,2.4482551766279226,59.154584475244974
30,68,63,1,SAMS status,0.09456886365179143,0.044222176943101175,2.13849408122692,53.238121686721286
30,68,63,2,Fish Oil,0.03364439941835136,0.023586867284500608,1.426403897242418,29.893629572013893
30,68,63,3,Interaction SAMS-Fish Oil,0.031112015460936525,0.012804795346274458,2.4297159477826824,58.84292561389396
30,68,64,1,SAMS status,0.026606224166112347,0.0186539499093077,1.4263051147594603,29.88877417237298
30,68,64,2,Fish Oil,0.04863481253085669,0.031157112814179207,1.5609537642628941,35.93660344755855
30,68,64,3,Interaction SAMS-Fish Oil,0.03752395505757884,0.011910633373640593,3.1504584080829034,68.25858746668827
30,68,65,1,SAMS status,0.05931879767550239,0.030912451651485172,1.9189289269022585,47.88759573215108
30,68,65,2,Fish Oil,0.04145396826346351,0.0233246940271427,1.7772566797756901,43.733507299226396
30,68,65,3,Interaction SAMS-Fish Oil,0.16282652148999063,0.10723032636358817,1.5184745492417064,34.14443459066347
30,68,66,1,SAMS status,0.06392346628247308,0.03911578376141792,1.6342115671864503,38.808412565476104
30,68,66,2,Fish Oil,0.021464106296285645,0.021342654644555335,1.0056905597618004,0.5658360523089989
30,68,66,3,Interaction SAMS-Fish Oil,0.08680224318575164,0.03541418782584497,2.451058417959937,59.201298807381384
30,68,67,1,SAMS status,0.0835041485472744,0.05224579099902702,1.5982942730990428,37.43329893430506
30,68,67,2,Fish Oil,0.02775714789195146,0.019047236958563907,1.4572794968811187,31.37898377488958
30,68,67,3,Interaction SAMS-Fish Oil,0.05979502070547263,0.019485983697145475,3.068616993363906,67.4120295180999
30,68,68,1,SAMS status,0.04620686909705577,0.03550519344020266,1.3014115575761251,23.160356600605514
30,68,68,2,Fish Oil,0.025960857846864197,0.020673937698608095,1.2557287453087398,20.364967057106355
30,68,68,3,Interaction SAMS-Fish Oil,0.030899516461760666,0.015513973602169008,1.9917216087979295,49.792180012369634
30,68,69,1,SAMS status,0.03123641333050263,0.012216473579671627,2.556909170783984,60.89028067847298
30,68,69,2,Fish Oil,0.029891979100665402,0.027956276915365147,1.0692403423803678,6.475657495883791
30,68,69,3,Interaction SAMS-Fish Oil,0.03868355879595579,0.01721654077251657,2.2468833493954747,55.49390669217205
30,68,70,1,SAMS status,0.03262352159141052,0.014239989871310496,2.2909792693840028,56.350543483142054
30,68,70,2,Fish Oil,0.03786274052970088,0.043085307793974466,0.8787854252023246,-13.793421160776308
30,68,70,3,Interaction SAMS-Fish Oil,0.031741445918647214,0.018755172169842075,1.6924102658831783,40.912672290004494
30,68,71,1,SAMS status,0.050168694072935435,0.029860303903814313,1.6801133114565172,40.48020492539971
30,68,71,2,Fish Oil,0.07448826911582335,0.04907052263719391,1.5179840179522277,34.12315359228828
30,68,71,3,Interaction SAMS-Fish Oil,0.036249688049532706,0.02382184346653498,1.5216995317955309,34.28400422650791
30,68,72,1,SAMS status,0.044149238383445207,0.028692961320527535,1.5386783500753523,35.009158999928225
30,68,72,2,Fish Oil,0.032785020345536396,0.020196436261178997,1.623307197446255,38.397365478747695
30,68,72,3,Interaction SAMS-Fish Oil,0.0517539771171287,0.022136633184536784,2.3379335369427667,57.22718442596684
30,68,73,1,SAMS status,0.053159651083243095,0.02159060905553274,2.4621654232408314,59.38534468233465
30,68,73,2,Fish Oil,0.06126843048510579,0.06158932723651776,0.9947897344262318,-0.5237554624317964
30,68,73,3,Interaction SAMS-Fish Oil,0.03257767047671803,0.016489937960056333,1.9756090384106417,49.38269766145177
30,68,74,1,SAMS status,0.15114060702304571,0.09187167204782337,1.6451274223502776,39.21443491766915
30,68,74,2,Fish Oil,0.12174553912978997,0.07860098317497959,1.5489060595942297,35.43830538941967
30,68,74,3,Interaction SAMS-Fish Oil,0.04543698422483959,0.023075600004590326,1.9690488748202004,49.214058991231845
30,68,75,1,SAMS status,0.0728300962850407,0.033594583540437116,2.16791186583327,53.872663563486945
30,68,75,2,Fish Oil,0.04082887891669313,0.03629810281640996,1.1248212922642022,11.096988750359094
30,68,75,3,Interaction SAMS-Fish Oil,0.033942163905731286,0.011954540947024146,2.839269534158109,64.77967350512507
30,68,76,1,SAMS status,0.050467200884584874,0.02190430989103877,2.303984975360096,56.59693918604191
30,68,76,2,Fish Oil,0.06015858171530341,0.038370993067864304,1.5678140414272,36.216925376577954
30,68,76,3,Interaction SAMS-Fish Oil,0.04488720177286323,0.015794332131865256,2.841981629745696,64.81328416997962
30,68,77,1,SAMS status,0.025021766994389117,0.012852063093080561,1.9469066416162102,48.636468815481706
30,68,77,2,Fish Oil,0.032541932418606236,0.02891988301166871,1.1252442620696663,11.130406640714963
30,68,77,3,Interaction SAMS-Fish Oil,0.06433010470952852,0.032616796466212995,1.972299909225194,49.29777183872386
30,68,78,1,SAMS status,0.0315563458366591,0.019144552411146095,1.6483198540743513,39.3321631400496
30,68,78,2,Fish Oil,0.035754077426542664,0.026578472905380367,1.3452269268376533,25.663099656294385
30,68,78,3,Interaction SAMS-Fish Oil,0.08988271340821849,0.054613740101007474,1.6457893790460325,39.23888361828891
30,68,79,1,SAMS status,0.02736902083899154,0.018378956333505832,1.4891498919933954,32.84759275230601
30,68,79,2,Fish Oil,0.08260469337327113,0.0781440531928877,1.057082273034558,5.3999839454967224
30,68,79,3,Interaction SAMS-Fish Oil,0.07588780512151944,0.05559076784062308,1.3651152532932682,26.7461119061154
30,68,80,1,SAMS status,0.039253676315591166,0.02126291612610305,1.8461097284488683,45.83203887668061
30,68,80,2,Fish Oil,0.049277026426058086,0.032089008786209745,1.535635667476114,34.880387244225396
30,68,80,3,Interaction SAMS-Fish Oil,0.02866991142560749,0.01718465074128567,1.6683441436914852,40.06032845313702
30,68,81,1,SAMS status,0.061265887690342594,0.04292567689142697,1.4272550167421703,29.93543632569713
30,68,81,2,Fish Oil,0.02069639850355319,0.014994368283047569,1.3802781226170269,27.550833153539678
30,68,81,3,Interaction SAMS-Fish Oil,0.06939993519518736,0.03877161780412555,1.789967484611972,44.133063388200064
30,68,82,1,SAMS status,0.038555483806186654,0.024932184320665525,1.5464141974206886,35.33427191318273
30,68,82,2,Fish Oil,0.03652537208334343,0.02052477179480725,1.7795750641468433,43.80680983078305
30,68,82,3,Interaction SAMS-Fish Oil,0.029529040418626033,0.015745876852252334,1.8753506518376026,46.676638898430625
30,68,83,1,SAMS status,0.06764687694444155,0.041437051040185725,1.6325215054236724,38.74506420419376
30,68,83,2,Fish Oil,0.08053804533770537,0.05764135302193675,1.3972268365569898,28.429659820722154
30,68,83,3,Interaction SAMS-Fish Oil,0.05679128843768976,0.01994823127377648,2.8469335280038774,64.87448722762599
30,68,84,1,SAMS status,0.02482487424439537,0.01394177858462515,1.7806102782160078,43.83947951811784
30,68,84,2,Fish Oil,0.06922784444229176,0.054907463366658533,1.2608093726713478,20.685868801780583
30,68,84,3,Interaction SAMS-Fish Oil,0.031792188457635075,0.01965529464532012,1.6174872486688832,38.17571045317646
30,68,85,1,SAMS status,0.05232118038781501,0.016722439057350588,3.1288007812961043,68.03887272152397
30,68,85,2,Fish Oil,0.030529314371362696,0.027360778267895937,1.1158057739601872,10.378667745119518
30,68,85,3,Interaction SAMS-Fish Oil,0.05752665879591989,0.032764822139108675,1.7557445772688949,43.04410715848399
30,68,86,1,SAMS status,0.06433535970303407,0.03672943946782453,1.7516020019688208,42.90940528293593
30,68,86,2,Fish Oil,0.13032685369888453,0.09051518536704829,1.4398341357905402,30.547555781419888
30,68,86,3,Interaction SAMS-Fish Oil,0.08436752277556661,0.05786114693705419,1.4581031874004864,31.41774816480547
30,68,87,1,SAMS status,0.051306139389045255,0.02108194485574192,2.4336530495701116,58.90950847834932
30,68,87,2,Fish Oil,0.06682600598922152,0.04931317064098475,1.3551350505473612,26.20661685371627
30,68,87,3,Interaction SAMS-Fish Oil,0.038432188233967705,0.016678878727107327,2.3042429208089295,56.60179788470656
30,68,88,1,SAMS status,0.053788393355762736,0.02889373923878853,1.8615933684192134,46.28257615414918
30,68,88,2,Fish Oil,0.04236536273393266,0.025024945918617553,1.692925246340474,40.93064639672317
30,68,88,3,Interaction SAMS-Fish Oil,0.03107215205502327,0.014298018019306424,2.1731789687960217,53.984461732849496
30,68,89,1,SAMS status,0.039869070187416485,0.018195450017301745,2.191156038982584,54.36199055616648
30,68,89,2,Fish Oil,0.049688285458533515,0.029219744692734615,1.7005037511805614,41.19389626128388
30,68,89,3,Interaction SAMS-Fish Oil,0.038392536894582226,0.022447039345848786,1.7103608321371924,41.53280517126648
30,68,90,1,SAMS status,0.04045448226730529,0.030432359322064263,1.3293245469132826,24.773825750677712
30,68,90,2,Fish Oil,0.029662240645558727,0.018282831798815246,1.6224095354572416,38.36328139441246
30,68,90,3,Interaction SAMS-Fish Oil,0.0333096320632723,0.015010213763148223,2.2191310922600733,54.9373174262747
30,68,91,1,SAMS status,0.03499435452012673,0.01834765754345662,1.9072927667873807,47.56966432141474
30,68,91,2,Fish Oil,0.050700595049975976,0.032008390710459245,1.583978260844234,36.867820429112676
30,68,91,3,Interaction SAMS-Fish Oil,0.059792523038629856,0.03346949058265731,1.786478431482677,44.023953361135405
30,68,92,1,SAMS status,0.0570520263371048,0.027707876097576495,2.0590544773691595,51.434019303962586
30,68,92,2,Fish Oil,0.04535369225540759,0.035535909437481354,1.2762777982423315,21.647152259705273
30,68,92,3,Interaction SAMS-Fish Oil,0.03238669109780747,0.014771266215948467,2.1925467068516924,54.39093740283811
30,68,93,1,SAMS status,0.04563617776900844,0.023428057044081685,1.947928404098576,48.663410939748566
30,68,93,2,Fish Oil,0.04210663696652734,0.03771847932093,1.1163397285521623,10.421534374938823
30,68,93,3,Interaction SAMS-Fish Oil,0.11597002612356495,0.05725081121421791,2.0256486094080786,50.63309621641567
30,68,94,1,SAMS status,0.03243564015188439,0.015331544172262401,2.11561469526119,52.73241378782624
30,68,94,2,Fish Oil,0.052217229412563716,0.03965796811668852,1.3166894798775663,24.051948824487756
30,68,94,3,Interaction SAMS-Fish Oil,0.05403200388223707,0.023884529133273647,2.262217671562335,55.79558887852826
30,68,95,1,SAMS status,0.023323007405050618,0.012664491407235589,1.8416063192024839,45.699578157776166
30,68,95,2,Fish Oil,0.03946639694713102,0.02889304067022531,1.3659482017689368,26.790781765737883
30,68,95,3,Interaction SAMS-Fish Oil,0.04551440889346961,0.023974365867993775,1.8984614293482605,47.32576682670352
30,68,96,1,SAMS status,0.04601084259589716,0.025974510715207857,1.7713843814181338,43.546978821196305
30,68,96,2,Fish Oil,0.04832282532189389,0.042023048270874115,1.1499124244964902,13.036855790312208
30,68,96,3,Interaction SAMS-Fish Oil,0.05988394746507822,0.03988172088725355,1.5015387032663754,33.4016500657194
30,68,97,1,SAMS status,0.04055370564152521,0.030317793649202222,1.3376206102185253,25.24038637258802
30,68,97,2,Fish Oil,0.03410725947747691,0.023887849096279723,1.427807892623901,29.962566731418818
30,68,97,3,Interaction SAMS-Fish Oil,0.02587254758900512,0.013661294946676217,1.8938576240387732,47.19772028757707
30,68,98,1,SAMS status,0.03661086514271985,0.014935416439746526,2.4512784956762266,59.20496174694614
30,68,98,2,Fish Oil,0.06173035503991183,0.03886577316276935,1.588296076894853,37.03944657755387
30,68,98,3,Interaction SAMS-Fish Oil,0.0711450443162695,0.043334381726708046,1.6417689945353728,39.090091034213735
30,68,99,1,SAMS status,0.029047759342102936,0.016660135881707557,1.7435487650491917,42.64571086018426
30,68,99,2,Fish Oil,0.045629496895953345,0.03440492332306066,1.3262490506807545,24.599380524592497
30,68,99,3,Interaction SAMS-Fish Oil,0.04423572611773263,0.014539578128046219,3.0424353257130496,67.13159384035117
30,68,100,1,SAMS status,0.02451313092719841,0.01713421103096008,1.4306541972026163,30.10190708870685
30,68,100,2,Fish Oil,0.11444704934873445,0.08056682609289097,1.4205232463393889,29.603404761101537
30,68,100,3,Interaction SAMS-Fish Oil,0.057101573472559605,0.032055325916999625,1.7813443426035303,43.86262239795556
40,58,1,1,SAMS status,0.05111057403190127,0.03825110895757126,1.336185418535027,25.16008735551204
40,58,1,2,Fish Oil,0.0310436872292884,0.026541509055792206,1.1696278144559258,14.50271721990738
40,58,1,3,Interaction SAMS-Fish Oil,0.09108582318067991,0.06702857452371833,1.3589103427590994,26.41162786577784
40,58,2,1,SAMS status,0.024783001524840014,0.011768785789588844,2.105824846159073,52.512669711160754
40,58,2,2,Fish Oil,0.04175478217638114,0.034680761031006535,1.203975372370002,16.941822652774064
40,58,2,3,Interaction SAMS-Fish Oil,0.06631363164086501,0.037632577085718794,1.762133682469235,43.25061657077433
40,58,3,1,SAMS status,0.04911142892822695,0.03545983956488052,1.3849873414787526,27.797174020933735
40,58,3,2,Fish Oil,0.03255563887748248,0.018613084255367646,1.749072772186806,42.826849980076354
40,58,3,3,Interaction SAMS-Fish Oil,0.13808519745327785,0.09252763252179186,1.4923671306596589,32.99235962413765
40,58,4,1,SAMS status,0.16065646748594212,0.11232582152437362,1.4302719117089315,30.083224608307514
40,58,4,2,Fish Oil,0.050435244623452884,0.03852674506579602,1.3090969542669517,23.611463861363514
40,58,4,3,Interaction SAMS-Fish Oil,0.034473419999145244,0.017263951033854953,1.9968441715075638,49.92097960027463
40,58,5,1,SAMS status,0.07521614782068081,0.05175421498284324,1.4533337593008668,31.192680717672538
40,58,5,2,Fish Oil,0.025074338651112107,0.022523661371617664,1.1132443450205916,10.172460837292373
40,58,5,3,Interaction SAMS-Fish Oil,0.028444280848493615,0.01296032543327534,2.1947196461181115,54.436093841473564
40,58,6,1,SAMS status,0.026264284054556622,0.01403977065983946,1.8707060600131589,46.544247577143906
40,58,6,2,Fish Oil,0.03541489022227866,0.017976336172837375,1.9700838859361847,49.24074009545032
40,58,6,3,Interaction SAMS-Fish Oil,0.024337012966468483,0.01670073921516325,1.4572416617566222,31.377202131693338
40,58,7,1,SAMS status,0.0359098596745195,0.014433776321589648,2.4879046809674135,59.80553404436888
40,58,7,2,Fish Oil,0.027961125276143674,0.015553575137366412,1.7977297842583446,44.37428757333789
40,58,7,3,Interaction SAMS-Fish Oil,0.04383564764810196,0.023987783644877827,1.8274155002003405,45.27790752073793
40,58,8,1,SAMS status,0.02259336388469492,0.01264107303914503,1.7872979465217145,44.04961959777809
40,58,8,2,Fish Oil,0.06054291637945596,0.05921042936909057,1.0225042619106726,2.2008966367162652
40,58,8,3,Interaction SAMS-Fish Oil,0.062419328296402725,0.032943604920580474,1.8947327849177862,47.2221092092735
40,58,9,1,SAMS status,0.05567288029018087,0.029130438363420164,1.9111583421995713,47.67571174405727
40,58,9,2,Fish Oil,0.04182306109423425,0.035852365385679805,1.1665356147167703,14.27608489751977
40,58,9,3,Interaction SAMS-Fish Oil,0.052342108105052645,0.034681333103349324,1.5092299926613186,33.74104643675692
40,58,10,1,SAMS status,0.021215787745335404,0.01815211784055002,1.168777546052585,14.44051920937499
40,58,10,2,Fish Oil,0.04851845129814417,0.04110982941918599,1.1802153398257733,15.269699837351492
40,58,10,3,Interaction SAMS-Fish Oil,0.05130814991070793,0.025261341792624507,2.0310936106208044,50.76544011704366
40,58,11,1,SAMS status,0.06754290938660171,0.03607918148428241,1.8720743267423128,46.58331746153752
40,58,11,2,Fish Oil,0.037374130589884286,0.035888663614234914,1.0413909804950268,3.9745860363944563
40,58,11,3,Interaction SAMS-Fish Oil,0.0305332780156056,0.012554943290917702,2.431972595025061,58.881115599508014
40,58,12,1,SAMS status,0.03456239155528224,0.018167748325482465,1.9024036956084593,47.43492128887172
40,58,12,2,Fish Oil,0.03096504604000425,0.026066281019028373,1.1879349423648038,15.820305949641034
40,58,12,3,Interaction SAMS-Fish Oil,0.06626950510548371,0.030300902719534988,2.1870472216248453,54.27625018278939
40,58,13,1,SAMS status,0.049971392887489356,0.02932748629363487,1.7039098539561832,41.31144921322139
40,58,13,2,Fish Oil,0.05318842437988288,0.041583601644546615,1.2790720927574621,21.81832395043739
40,58,13,3,Interaction SAMS-Fish Oil,0.06732514405087361,0.03989765026950988,1.6874463432330014,40.738856437705365
40,58,14,1,SAMS status,0.04611403369151295,0.020359178064394523,2.265024331810341,55.85036390312234
40,58,14,2,Fish Oil,0.051623606345356565,0.0342648449284775,1.50660557352916,33.62562719998823
40,58,14,3,Interaction SAMS-Fish Oil,0.03380179892770016,0.01784412798395275,1.8942813545216761,47.20953159291855
40,58,15,1,SAMS status,0.047169099672551826,0.025400064396256063,1.85704646006742,46.1510510639731
40,58,15,2,Fish Oil,0.15842432434163037,0.11961943495239656,1.324402881560814,24.494274822062
40,58,15,3,Interaction SAMS-Fish Oil,0.06070598986992373,0.03352558215951561,1.8107363380323427,44.773848130387584
40,58,16,1,SAMS status,0.08154816065619647,0.055050193657894195,1.4813419397390706,32.493641530452855
40,58,16,2,Fish Oil,0.04979648431108592,0.029359991299517177,1.6960660445394895,41.0400318301569
40,58,16,3,Interaction SAMS-Fish Oil,0.046004636917647695,0.019419179900548856,2.3690308835517526,57.788646532933456
40,58,17,1,SAMS status,0.029695307383030636,0.018519373059484066,1.603472606100086,37.63535490436799
40,58,17,2,Fish Oil,0.017522310435229643,0.016895595343814084,1.0370934008930923,3.576669262493548
40,58,17,3,Interaction SAMS-Fish Oil,0.05612130894411964,0.030890253343116614,1.816796654943115,44.958066865699365
40,58,18,1,SAMS status,0.020622733012034235,0.013314520184525065,1.5488904388761386,35.43765427814305
40,58,18,2,Fish Oil,0.03295868902790665,0.03845136826286481,0.8571525674350884,-16.66534500297456
40,58,18,3,Interaction SAMS-Fish Oil,0.029207345568024953,0.015198063180138785,1.9217807704730332,47.96492839535195
40,58,19,1,SAMS status,0.03290862334439538,0.022632098983374444,1.4540685496546333,31.227451399212402
40,58,19,2,Fish Oil,0.03835154029590043,0.02135477770630216,1.7959231804404236,44.31833104605484
40,58,19,3,Interaction SAMS-Fish Oil,0.04145215553232801,0.026964236136581637,1.5373013098669246,34.95094334587119
40,58,20,1,SAMS status,0.028554806603410386,0.019922078597517184,1.4333246635704502,30.232136136625666
40,58,20,2,Fish Oil,0.10475151072927638,0.06993720198426451,1.4977938458682534,33.23513761532971
40,58,20,3,Interaction SAMS-Fish Oil,0.034583479820784024,0.019282500394439243,1.7935163548995614,44.24360852533174
40,58,21,1,SAMS status,0.06625958626073913,0.04003026747135909,1.6552371604348293,39.58569660571776
40,58,21,2,Fish Oil,0.045864741153171434,0.038162075618779115,1.2018408435468309,16.79430721884647
40,58,21,3,Interaction SAMS-Fish Oil,0.07504658995177724,0.036010349539844895,2.0840283671431554,52.01600823837018
40,58,22,1,SAMS status,0.03282128979550925,0.02158402826059848,1.5206285591936668,34.23772071397482
40,58,22,2,Fish Oil,0.022725176146014197,0.019570566768820685,1.161191518593082,13.88156182783562
40,58,22,3,Interaction SAMS-Fish Oil,0.02714502592415364,0.014918764391460683,1.8195223955471218,45.040522587285615
40,58,23,1,SAMS status,0.0472868163099997,0.03370953189883076,1.402772855224367,28.712621129238013
40,58,23,2,Fish Oil,0.045888504752267474,0.028189390981242377,1.6278643544588225,38.56982019042696
40,58,23,3,Interaction SAMS-Fish Oil,0.06324999307510502,0.034813303900818354,1.8168339682812527,44.959197292749195
40,58,24,1,SAMS status,0.03226049441231504,0.024014212696366707,1.3433917164061753,25.561547850303302
40,58,24,2,Fish Oil,0.06236136605841914,0.058038694182310294,1.074479137358441,6.9316503940267005
40,58,24,3,Interaction SAMS-Fish Oil,0.027841289529801992,0.019436148288807877,1.4324489150884971,30.18948253814554
40,58,25,1,SAMS status,0.06353378354035052,0.03122030588032799,2.035014768397364,50.8603074764155
40,58,25,2,Fish Oil,0.038488075057571465,0.0233143617605516,1.6508311680525656,39.4244536114696
40,58,25,3,Interaction SAMS-Fish Oil,0.02844347599610455,0.013114920969129773,2.168787449276706,53.891286103970145
40,58,26,1,SAMS status,0.021328716712958575,0.015606655313657933,1.366642389692112,26.827968491063125
40,58,26,2,Fish Oil,0.04222185914009029,0.04110624062946121,1.0271398817684512,2.642277089048839
40,58,26,3,Interaction SAMS-Fish Oil,0.06141254825062366,0.026990703011339094,2.275322292450981,56.05018228328442
40,58,27,1,SAMS status,0.032034879225658695,0.023231144369448956,1.3789625993537986,27.481717019111752
40,58,27,2,Fish Oil,0.03312480622027271,0.02246371336659971,1.4745917417876468,32.18461953491612
40,58,27,3,Interaction SAMS-Fish Oil,0.023980315461154332,0.014744485083873922,1.626392195098197,38.51421551247528
40,58,28,1,SAMS status,0.03993248739788565,0.0212883205142219,1.8757932252667986,46.68921997744354
40,58,28,2,Fish Oil,0.03207047184099938,0.029722722345727783,1.0789883735400518,7.320595427817178
40,58,28,3,Interaction SAMS-Fish Oil,0.023040285283719857,0.011375627945569127,2.025407774758859,50.627226158492554
40,58,29,1,SAMS status,0.037778992070224435,0.02028723644650897,1.862204946929844,46.300217833237575
40,58,29,2,Fish Oil,0.028723966837362683,0.01908630704240611,1.5049515222375676,33.55267693186581
40,58,29,3,Interaction SAMS-Fish Oil,0.03253329457521925,0.01598500397472305,2.0352384413956903,50.865707935713054
40,58,30,1,SAMS status,0.04803921076892242,0.03647167334368392,1.317164976672005,24.0793660846772
40,58,30,2,Fish Oil,0.07254354206687683,0.05564301033043395,1.3037314414888717,23.297086487536724
40,58,30,3,Interaction SAMS-Fish Oil,0.031099959300585553,0.019463497503369943,1.5978607799138287,37.41632484064543
40,58,31,1,SAMS status,0.06850917708584055,0.04076136052688022,1.6807382334714251,40.50233521881732
40,58,31,2,Fish Oil,0.039609950674033445,0.0233390490036522,1.6971535844427552,41.07781351277404
40,58,31,3,Interaction SAMS-Fish Oil,0.03602651883579361,0.01889396556570993,1.906773816777618,47.5553948139499
40,58,32,1,SAMS status,0.04525587917686352,0.036297243825703075,1.246813102233856,19.795517210370384
40,58,32,2,Fish Oil,0.04446633858393818,0.034161098907423304,1.3016659301400728,23.175372663215544
40,58,32,3,Interaction SAMS-Fish Oil,0.034077648127352776,0.020088125038307425,1.696407607099606,41.051903103068064
40,58,33,1,SAMS status,0.07027642082051049,0.05036358880371526,1.3953815144985513,28.335011635913553
40,58,33,2,Fish Oil,0.06730304606184072,0.04659526232473047,1.4444182241703911,30.767974035057954
40,58,33,3,Interaction SAMS-Fish Oil,0.030333112525954074,0.011430123917155609,2.6537868483146316,62.317998499575026
40,58,34,1,SAMS status,0.060624181920889635,0.03232274483491956,1.8755889151899903,46.68341277231831
40,58,34,2,Fish Oil,0.15805948879296772,0.124550866125869,1.2690356455107703,21.20000698660336
40,58,34,3,Interaction SAMS-Fish Oil,0.06625070002132667,0.03369137512598236,1.9663994055925302,49.145631495007876
40,58,35,1,SAMS status,0.023557062096220778,0.016625167480010028,1.416951866773409,29.425972508358
40,58,35,2,Fish Oil,0.08406853786863532,0.05756384777278225,1.4604398614990641,31.52747837397748
40,58,35,3,Interaction SAMS-Fish Oil,0.018169654404957727,0.012186520927009779,1.4909632136836644,32.92926406082554
40,58,36,1,SAMS status,0.04060482014608018,0.030607408730615026,1.3266337083108004,24.62124294479916
40,58,36,2,Fish Oil,0.025954420458764907,0.022802854733070668,1.1382092620676816,12.142693498786805
40,58,36,3,Interaction SAMS-Fish Oil,0.13231692697622408,0.08524969722459232,1.5521102277657601,35.571586211406824
40,58,37,1,SAMS status,0.060364684498825365,0.04096284671004326,1.4736447621943514,32.14104065955923
40,58,37,2,Fish Oil,0.06733520804341717,0.041989973464328874,1.6036020623023126,37.640389501352544
40,58,37,3,Interaction SAMS-Fish Oil,0.02873113017661145,0.01190677631513385,2.4130066288465812,58.55792569960736
40,58,38,1,SAMS status,0.06257716695262379,0.02375559139530044,2.6342079180989533,62.03792445048617
40,58,38,2,Fish Oil,0.046627927451949935,0.039714071374375465,1.174090840810531,14.827714752492904
40,58,38,3,Interaction SAMS-Fish Oil,0.0710414896014849,0.038898649965437126,1.8263227557924984,45.24516562977014
40,58,39,1,SAMS status,0.06465399160158834,0.04397043186114674,1.4703970114680192,31.991156660362286
40,58,39,2,Fish Oil,0.020066753648641376,0.021252393318717762,0.9442114752773679,-5.908477728068684
40,58,39,3,Interaction SAMS-Fish Oil,0.03469763724930592,0.020588010261004555,1.6853322302362652,40.66451812531877
40,58,40,1,SAMS status,0.029561180391694947,0.01479737104045141,1.9977319154114521,49.94323350968539
40,58,40,2,Fish Oil,0.032460446645496195,0.027745358115626055,1.169941527163588,14.525642796490434
40,58,40,3,Interaction SAMS-Fish Oil,0.08041079045516965,0.037351114948080764,2.152835077800039,53.54962345643819
40,58,41,1,SAMS status,0.04688253094643844,0.030826372634647284,1.5208578544770086,34.2476355001711
40,58,41,2,Fish Oil,0.043845208063179326,0.028491710531207328,1.5388759483273255,35.01750410181239
40,58,41,3,Interaction SAMS-Fish Oil,0.04455383600217171,0.017346454910822956,2.5684692481097837,61.066304346998464
40,58,42,1,SAMS status,0.040914558617534354,0.014156261744204427,2.8902092485175173,65.40042903423229
40,58,42,2,Fish Oil,0.05228072883825743,0.03320637249625444,1.5744185500585621,36.48448819643264
40,58,42,3,Interaction SAMS-Fish Oil,0.06433778166915356,0.034645488217526325,1.8570320402241183,46.150632927188816
40,58,43,1,SAMS status,0.04108613060532354,0.029348792197961732,1.3999257730332413,28.567641280488452
40,58,43,2,Fish Oil,0.02647469851371775,0.017895348601018848,1.4794178701950769,32.40584555950108
40,58,43,3,Interaction SAMS-Fish Oil,0.05340660957284263,0.02262190501527224,2.360836080638981,57.6421248302279
40,58,44,1,SAMS status,0.05608507691491382,0.03890021042188998,1.4417679572075928,30.640711287772426
40,58,44,2,Fish Oil,0.013684858479091263,0.012345086802042549,1.1085267117625324,9.790175609749385
40,58,44,3,Interaction SAMS-Fish Oil,0.032396600318462324,0.017733704971695168,1.8268376726787017,45.26059895985751
40,58,45,1,SAMS status,0.05573471212208956,0.03428144645123596,1.6257981471514058,38.49174931389112
40,58,45,2,Fish Oil,0.04547380431337588,0.027602667686520414,1.6474423715060962,39.299849433531485
40,58,45,3,Interaction SAMS-Fish Oil,0.06165283925186864,0.0303984675928744,2.028156158316364,50.69413191387929
40,58,46,1,SAMS status,0.06561615148176549,0.021870430159845737,3.0002222636771543,66.66913608012585
40,58,46,2,Fish Oil,0.04655370759081997,0.031853748018809816,1.4614828862000713,31.57634554311819
40,58,46,3,Interaction SAMS-Fish Oil,0.055925474435632797,0.016556677995716272,3.3778197806409267,70.39510498069691
40,58,47,1,SAMS status,0.05415310173236843,0.029849327779543806,1.81421511842154,44.879744973680346
40,58,47,2,Fish Oil,0.03530158552682974,0.029272754718629952,1.2059536543843918,17.078073741525824
40,58,47,3,Interaction SAMS-Fish Oil,0.04529506658987349,0.02768451231529515,1.6361157485461233,38.879629947415715
40,58,48,1,SAMS status,0.0958427507982028,0.06905810368529808,1.387856684205578,27.946450712062585
40,58,48,2,Fish Oil,0.028757151913308177,0.020821453515812924,1.381130855800651,27.59556447529419
40,58,48,3,Interaction SAMS-Fish Oil,0.0734297457347141,0.0360158246268315,2.0388189496016573,50.951995997713325
40,58,49,1,SAMS status,0.04363298901427208,0.015550075633716716,2.8059663529651333,64.36165391137796
40,58,49,2,Fish Oil,0.03640631302617334,0.021959228393953728,1.6579049305847868,39.682910548599814
40,58,49,3,Interaction SAMS-Fish Oil,0.04768306002712647,0.021889150200791362,2.1783879040403575,54.09449354060158
40,58,50,1,SAMS status,0.03319516361765627,0.02200737872397082,1.508365173063502,33.70305693488057
40,58,50,2,Fish Oil,0.05105023361160089,0.029298850919936798,1.7423971250989598,42.60780245816781
40,58,50,3,Interaction SAMS-Fish Oil,0.02930247796318519,0.016437894653625693,1.7826174568360533,43.90271473191516
40,58,51,1,SAMS status,0.056947610419972074,0.03250752515331254,1.7518285428187717,42.91678805558479
40,58,51,2,Fish Oil,0.033087889948888095,0.023313478924428487,1.419260079379132,29.540750527031033
40,58,51,3,Interaction SAMS-Fish Oil,0.0321161775348393,0.015858291113307582,2.025197879479512,50.62210907227465
40,58,52,1,SAMS status,0.022063189451286606,0.016563061259412686,1.332071958542581,24.928980481347317
40,58,52,2,Fish Oil,0.026645105797859885,0.022491126353417983,1.1846941491131955,15.590027962191645
40,58,52,3,Interaction SAMS-Fish Oil,0.051073895483255714,0.021297692511242187,2.3980952610850155,58.30023868411502
40,58,53,1,SAMS status,0.03807568496433994,0.024120131809620412,1.5785852774300884,36.6521394632551
40,58,53,2,Fish Oil,0.04618994288359084,0.03443707975423814,1.341285126765323,25.444636636534902
40,58,53,3,Interaction SAMS-Fish Oil,0.04116079755189761,0.030421442179021436,1.35301927205417,26.091222744980712
40,58,54,1,SAMS status,0.053976860617585894,0.03374345662978379,1.5996245200897115,37.48532937317582
40,58,54,2,Fish Oil,0.04108172303492659,0.021567277353863087,1.9048173008063123,47.50152680906991
40,58,54,3,Interaction SAMS-Fish Oil,0.038804925670628404,0.0209405292863793,1.8531014732215456,46.036414386874426
40,58,55,1,SAMS status,0.08711818725528622,0.051254991678257956,1.699701519847114,41.16614074158451
40,58,55,2,Fish Oil,0.04607892297895978,0.03836437823379833,1.2010861403291315,16.742024870425055
40,58,55,3,Interaction SAMS-Fish Oil,0.0779389282783173,0.043481705440440506,1.7924533430519398,44.210542278476304
40,58,56,1,SAMS status,0.059268277024101014,0.02961090222520797,2.001569441327104,50.03920526799368
40,58,56,2,Fish Oil,0.046114040309972806,0.0380495410702997,1.2119473458240473,17.488164527472648
40,58,56,3,Interaction SAMS-Fish Oil,0.04497079197333382,0.021737760590246062,2.0687867909223656,51.66249106056253
40,58,57,1,SAMS status,0.06284773018900712,0.04830360360393096,1.3010981686652578,23.141848625776007
40,58,57,2,Fish Oil,0.02508332701617233,0.016784656785127194,1.4944200133063519,33.08440792441376
40,58,57,3,Interaction SAMS-Fish Oil,0.024770888936148625,0.020392615425874696,1.2146989691532484,17.675076262138624
40,58,58,1,SAMS status,0.03480403556830291,0.02077741565250671,1.6750897296557643,40.30170549696446
40,58,58,2,Fish Oil,0.05012836616982174,0.04404160616995113,1.1382047688356904,12.142346669050152
40,58,58,3,Interaction SAMS-Fish Oil,0.053605493912741414,0.02167785897618766,2.4728223378344283,59.56037824877669
40,58,59,1,SAMS status,0.06369452398021516,0.02812729156502519,2.264509678543524,55.84033005135244
40,58,59,2,Fish Oil,0.05551782572911627,0.05183532593633951,1.071042281036283,6.633004344846805
40,58,59,3,Interaction SAMS-Fish Oil,0.035593352069535136,0.017864229795845857,1.9924369802840314,49.81020680225252
40,58,60,1,SAMS status,0.029765814127414424,0.018314282884070922,1.625278713659251,38.47209148832452
40,58,60,2,Fish Oil,0.040450632870937246,0.02632194592249595,1.5367645306332107,34.92822224443465
40,58,60,3,Interaction SAMS-Fish Oil,0.06513148016130212,0.03794706725383977,1.7163771768083507,41.737747768265784
40,58,61,1,SAMS status,0.02359564690250925,0.018013371244165438,1.3098962200177782,23.658074226183523
40,58,61,2,Fish Oil,0.025698732765820284,0.024828735953575768,1.035039915599055,3.3853685322632887
40,58,61,3,Interaction SAMS-Fish Oil,0.02981155083233973,0.019454606066344284,1.5323646611335175,34.74138203759658
40,58,62,1,SAMS status,0.13547457561094536,0.09941060223428186,1.3627779388326329,26.620473409144818
40,58,62,2,Fish Oil,0.03782283163885109,0.02747936020240195,1.3764087431535261,27.347163044832612
40,58,62,3,Interaction SAMS-Fish Oil,0.051677505431460866,0.021925343873624954,2.3569758234727716,57.57275106341149
40,58,63,1,SAMS status,0.038284521062375274,0.025398456920731685,1.507356182379932,33.658679236574216
40,58,63,2,Fish Oil,0.05737951550201372,0.04841991048333333,1.185039685725243,15.614640417042136
40,58,63,3,Interaction SAMS-Fish Oil,0.0479505672603903,0.03219814352601098,1.4892339125593952,32.85138140042746
40,58,64,1,SAMS status,0.11341578503548722,0.07033888043420918,1.6124195371800043,37.98140143173148
40,58,64,2,Fish Oil,0.03834457798372965,0.023767234900766626,1.6133377796713249,38.01669975126203
40,58,64,3,Interaction SAMS-Fish Oil,0.026172725344973016,0.016264562695498887,1.6091871533820057,37.85682430422626
40,58,65,1,SAMS status,0.038154460114413674,0.029570572330380615,1.2902848036936378,22.497730955418007
40,58,65,2,Fish Oil,0.026941208232752378,0.0219446015300097,1.2276918401051717,18.546334891797134
40,58,65,3,Interaction SAMS-Fish Oil,0.047166590005104814,0.021322867108110103,2.21201913260366,54.792434420630485
40,58,66,1,SAMS status,0.0373416705693394,0.02161134783349523,1.7278732847686569,42.12538565095711
40,58,66,2,Fish Oil,0.029442637273024118,0.041720634900753124,0.7057092334060484,-41.70141931877256
40,58,66,3,Interaction SAMS-Fish Oil,0.046106138680793676,0.031024653960681343,1.4861129068264756,32.71036168204385
40,58,67,1,SAMS status,0.04516308710046882,0.02243237646781901,2.013299267033022,50.33028539896656
40,58,67,2,Fish Oil,0.029970481492372362,0.023509592817911366,1.2748192503588835,21.557507096124983
40,58,67,3,Interaction SAMS-Fish Oil,0.039957642519514856,0.023623032166456757,1.6914696740857948,40.87981503183143
40,58,68,1,SAMS status,0.033197301834951704,0.01524307114813627,2.177861765016471,54.083403452723864
40,58,68,2,Fish Oil,0.053145718485480484,0.030202196519379648,1.7596640181908232,43.17096959065301
40,58,68,3,Interaction SAMS-Fish Oil,0.022974715495842797,0.011646464685004557,1.972677212976395,49.307469391244695
40,58,69,1,SAMS status,0.053027391309710646,0.035176630752296496,1.5074607822197061,33.66328253478543
40,58,69,2,Fish Oil,0.05341226005575344,0.03919650261420827,1.3626792313963267,26.6151580680284
40,58,69,3,Interaction SAMS-Fish Oil,0.04934602611556353,0.022646532466454393,2.178966081834306,54.10667433803393
40,58,70,1,SAMS status,0.04163595716672651,0.02374384968691305,1.7535470328417337,42.972730056778865
40,58,70,2,Fish Oil,0.05665893691019021,0.033290777349421284,1.7019409404441301,41.24355456546894
40,58,70,3,Interaction SAMS-Fish Oil,0.02529640763925996,0.018571050023287176,1.362142022531818,26.586216161124188
40,58,71,1,SAMS status,0.06755968876869635,0.0366989240946524,1.840917422931776,45.67925820336701
40,58,71,2,Fish Oil,0.019830631087462334,0.01968058701689429,1.0076239631693527,0.7566278143457894
40,58,71,3,Interaction SAMS-Fish Oil,0.03569260697006524,0.025554165669852524,1.3967431937006467,28.4048775386893
40,58,72,1,SAMS status,0.03288462057663753,0.017286502669682183,1.9023293030991169,47.43286567836162
40,58,72,2,Fish Oil,0.038304967334387735,0.028196054868335135,1.3585222299097297,26.390604586098863
40,58,72,3,Interaction SAMS-Fish Oil,0.034323183063935406,0.01790076121232683,1.9174147209058214,47.84644192532422
40,58,73,1,SAMS status,0.031443201396929264,0.019838259529805315,1.5849778227615432,36.90763456502647
40,58,73,2,Fish Oil,0.05176375515060596,0.049780432090983186,1.039841419134287,3.831489917708486
40,58,73,3,Interaction SAMS-Fish Oil,0.032705815183907035,0.01308867308762802,2.498787689549828,59.98059362217539
40,58,74,1,SAMS status,0.04963856433708583,0.020074383199265976,2.472731731996671,59.55889646012977
40,58,74,2,Fish Oil,0.07662994127454954,0.06034526237368194,1.269858448870872,21.251065353845043
40,58,74,3,Interaction SAMS-Fish Oil,0.031740716057152445,0.016981150441202873,1.8691734795622048,46.500417915504634
40,58,75,1,SAMS status,0.02507544246887592,0.01329523110657015,1.8860478819720783,46.97907674780845
40,58,75,2,Fish Oil,0.056751866258838886,0.044830631317422064,1.2659171774095448,21.00589060286654
40,58,75,3,Interaction SAMS-Fish Oil,0.037987158032264025,0.017317352947212903,2.1935891789037982,54.41261246102018
40,58,76,1,SAMS status,0.05887233048220197,0.04063789224112142,1.4487053150514817,30.972849370372902
40,58,76,2,Fish Oil,0.0369261648212468,0.021067518635881844,1.7527533953787406,42.94690841069991
40,58,76,3,Interaction SAMS-Fish Oil,0.024177099045781622,0.01313442689304728,1.84074259521592,45.67409899683994
40,58,77,1,SAMS status,0.06281088697419673,0.0292659228772594,2.146212413585047,53.40628943946915
40,58,77,2,Fish Oil,0.04664064065614049,0.029888254813328033,1.5605006363684402,35.918001140507315
40,58,77,3,Interaction SAMS-Fish Oil,0.05675452508628503,0.02576480134351261,2.2027930403808607,54.60308882094974
40,58,78,1,SAMS status,0.03703336296197163,0.021544806780239997,1.7188997487755189,41.82325055825022
40,58,78,2,Fish Oil,0.05054974152937633,0.06583411467512044,0.767835062092507,-30.23630325955633
40,58,78,3,Interaction SAMS-Fish Oil,0.04158311704438888,0.013746871319680748,3.02491498446314,66.94121966612958
40,58,79,1,SAMS status,0.045522356781825694,0.03271764086053163,1.3913703917674827,28.128411678382626
40,58,79,2,Fish Oil,0.0212006545161772,0.012628413585361528,1.6788058430991168,40.43385039964029
40,58,79,3,Interaction SAMS-Fish Oil,0.025565121173924257,0.012848377728348208,1.9897547935190507,49.74255102904339
40,58,80,1,SAMS status,0.030875575220068754,0.02418526769517483,1.2766273918989408,21.668608526992895
40,58,80,2,Fish Oil,0.028697562716015396,0.018365563321213935,1.562574597582152,36.00305537109404
40,58,80,3,Interaction SAMS-Fish Oil,0.04696470569856835,0.035026937135829835,1.34081679812441,25.418595486061825
40,58,81,1,SAMS status,0.0682647123500236,0.05180457093410943,1.3177353102074705,24.112225554420696
40,58,81,2,Fish Oil,0.0449016587446345,0.02955553165403137,1.519230283868364,34.177194160865845
40,58,81,3,Interaction SAMS-Fish Oil,0.04155705816125885,0.01919623390110382,2.164854750955563,53.80752452058958
40,58,82,1,SAMS status,0.04406262847520512,0.015227752150712426,2.89357405079276,65.4406632612002
40,58,82,2,Fish Oil,0.031327448515672485,0.024424077880226422,1.2826461113209513,22.036172629866257
40,58,82,3,Interaction SAMS-Fish Oil,0.03990746002297784,0.01734982034909508,2.300165605176385,56.52486943768049
40,58,83,1,SAMS status,0.10966181267670007,0.06492499806505607,1.6890537688860132,40.79525362537553
40,58,83,2,Fish Oil,0.11605688155124406,0.08329657790141466,1.3932971134612844,28.227799344551862
40,58,83,3,Interaction SAMS-Fish Oil,0.044148271924853565,0.020497943915979328,2.1537902584677013,53.57022365253697
40,58,84,1,SAMS status,0.05909829907440439,0.037859829505383316,1.5609763658867286,35.9375310316156
40,58,84,2,Fish Oil,0.03941930975463526,0.02643690181621563,1.4910714587008298,32.93413309169638
40,58,84,3,Interaction SAMS-Fish Oil,0.08217695488382003,0.04091180470193618,2.0086367610160925,50.214990614124865
40,58,85,1,SAMS status,0.029311523607437242,0.020351326745068468,1.4402758097596762,30.568854019227075
40,58,85,2,Fish Oil,0.040043454974224096,0.03341276030429271,1.1984479764480729,16.55874767599238
40,58,85,3,Interaction SAMS-Fish Oil,0.02690784111270657,0.01500950748873162,1.7927197899669673,44.218834109126114
40,58,86,1,SAMS status,0.04779920569708207,0.03088177032052646,1.5478130042729756,35.3927123470764
40,58,86,2,Fish Oil,0.051736071499151805,0.04360887030999791,1.1863657813509245,15.708964661700564
40,58,86,3,Interaction SAMS-Fish Oil,0.031688935154416446,0.016227831018160874,1.952752349895236,48.79022933688189
40,58,87,1,SAMS status,0.04746972276575383,0.018359965512826613,2.5855017392375053,61.32278757256178
40,58,87,2,Fish Oil,0.04716874302315895,0.031883062739358946,1.4794294829439383,32.4063761383148
40,58,87,3,Interaction SAMS-Fish Oil,0.06271862933122013,0.04077226429973575,1.5382670157866758,34.99178037770015
40,58,88,1,SAMS status,0.03432492778055123,0.013359030828509172,2.569417513978579,61.08067316581944
40,58,88,2,Fish Oil,0.03339294994421533,0.04825635539464893,0.6919907164791442,-44.510609201234686
40,58,88,3,Interaction SAMS-Fish Oil,0.03390894848434307,0.016791216098885453,2.0194456604363418,50.48146035363339
40,58,89,1,SAMS status,0.028600207328456202,0.02114307164035743,1.3526987854434904,26.073711992567215
40,58,89,2,Fish Oil,0.0366136449334101,0.040500900354437715,0.9040205183833232,-10.616958317308844
40,58,89,3,Interaction SAMS-Fish Oil,0.03793474756493354,0.024296502651352168,1.5613254347461554,35.95185361451677
40,58,90,1,SAMS status,0.033467930666464016,0.02031475365574507,1.6474691858741388,39.30083739506149
40,58,90,2,Fish Oil,0.0896576836779273,0.05923731818781306,1.5135338064033534,33.92945728934037
40,58,90,3,Interaction SAMS-Fish Oil,0.05085100204948188,0.032165438113571594,1.5809205480097681,36.74571430810315
40,58,91,1,SAMS status,0.031837531119248405,0.031135390160716557,1.0225512175986071,2.2053875845521986
40,58,91,2,Fish Oil,0.0434617102335465,0.02876353574671662,1.5110002684043353,33.8186748930209
40,58,91,3,Interaction SAMS-Fish Oil,0.029215704218509997,0.018751668779832073,1.5580322243070055,35.81647514095619
40,58,92,1,SAMS status,0.02668884995636826,0.010603978146644185,2.516871459680857,60.26813383124454
40,58,92,2,Fish Oil,0.029352198433116292,0.015694241695744657,1.8702527335917642,46.53129055560689
40,58,92,3,Interaction SAMS-Fish Oil,0.037256282366028536,0.01807230353716408,2.061512650527052,51.49192997945769
40,58,93,1,SAMS status,0.0371195310245313,0.01680779065917647,2.2084717603420008,54.71981947167206
40,58,93,2,Fish Oil,0.02839964337613306,0.03457656527977319,0.8213552487454981,-21.749998131424377
40,58,93,3,Interaction SAMS-Fish Oil,0.10764151640941604,0.06206396469736106,1.734364166619103,42.341982194583835
40,58,94,1,SAMS status,0.052665710581599356,0.03053636329909193,1.724688367955247,42.018510788382116
40,58,94,2,Fish Oil,0.05787916300280765,0.03852318569844056,1.5024500687945606,33.442047707960384
40,58,94,3,Interaction SAMS-Fish Oil,0.05361444991009867,0.026878763953985512,1.9946769130411914,49.86656769013552
40,58,95,1,SAMS status,0.025403003422448292,0.013718582384777954,1.8517221903799106,45.99621880672965
40,58,95,2,Fish Oil,0.03056830522388036,0.019323076686300955,1.5819584903656507,36.787216220264916
40,58,95,3,Interaction SAMS-Fish Oil,0.045651135996321306,0.02439651688842202,1.871215313444445,46.55879562254933
40,58,96,1,SAMS status,0.022696759438443913,0.01806922242765687,1.25610050622345,20.388536184372164
40,58,96,2,Fish Oil,0.02623002849550125,0.02017544358945216,1.3000967428153334,23.082647077899754
40,58,96,3,Interaction SAMS-Fish Oil,0.06353339066065436,0.04363168875678659,1.456129534999312,31.32479110105596
40,58,97,1,SAMS status,0.05274898209949205,0.0319493151100026,1.6510207470136833,39.4314092170695
40,58,97,2,Fish Oil,0.11442324573166783,0.08544339494114264,1.339170170034651,25.326891057159294
40,58,97,3,Interaction SAMS-Fish Oil,0.023483734532656734,0.012669901056267436,1.853505755756475,46.04818480361998
40,58,98,1,SAMS status,0.04006729491989586,0.027418163934627527,1.4613412851213288,31.569715426401956
40,58,98,2,Fish Oil,0.056068567593388914,0.035076776815835625,1.5984526710583173,37.43949895382818
40,58,98,3,Interaction SAMS-Fish Oil,0.03581307042204752,0.01635672736592565,2.1895009692863954,54.327492244686184
40,58,99,1,SAMS status,0.02144031976302671,0.015614367082541589,1.3731148787323642,27.172881490936675
40,58,99,2,Fish Oil,0.022858556406671483,0.022707121095335722,1.0066690669724252,0.6624885169544847
40,58,99,3,Interaction SAMS-Fish Oil,0.0496420848698226,0.024759428626414455,2.0049769976057616,50.124116077433925
40,58,100,1,SAMS status,0.03570734421946503,0.013723466123887477,2.601918778909051,61.56682490991181
40,58,100,2,Fish Oil,0.04797722065721333,0.044163264580819754,1.0863603746823098,7.94951442402938
40,58,100,3,Interaction SAMS-Fish Oil,0.042557841419283475,0.030203642867862104,1.4090300830754008,29.029194478419985
50,48,1,1,SAMS status,0.058317949411077465,0.03039499810810729,1.9186692890605002,47.880543786174734
50,48,1,2,Fish Oil,0.028334340259207162,0.018655053655605602,1.5188560045064818,34.16097398087927
50,48,1,3,Interaction SAMS-Fish Oil,0.038048777972193915,0.01747013167360517,2.1779330965020764,54.08490730931658
50,48,2,1,SAMS status,0.043683928928500135,0.02870351766492275,1.5219015814874932,34.292728770108205
50,48,2,2,Fish Oil,0.0871226890731437,0.06844981421301531,1.2727965747579466,21.43284953527044
50,48,2,3,Interaction SAMS-Fish Oil,0.05416450535262735,0.04056735642434733,1.3351746361298371,25.10343044722455
50,48,3,1,SAMS status,0.024338410467080736,0.02507051701175079,0.9707981074212827,-3.0080294095634175
50,48,3,2,Fish Oil,0.0816060667637429,0.07457642114008968,1.0942609676917618,8.61412135448788
50,48,3,3,Interaction SAMS-Fish Oil,0.07160108650310412,0.04339572676381255,1.6499570774054155,39.39236276542925
50,48,4,1,SAMS status,0.07567979067100149,0.060332457787016486,1.2543793746670096,20.279301446146437
50,48,4,2,Fish Oil,0.021948005283139296,0.01647698241660335,1.332040341380893,24.92719860396082
50,48,4,3,Interaction SAMS-Fish Oil,0.028957508499518055,0.022361535707600154,1.2949695798252392,22.77810880044352
50,48,5,1,SAMS status,0.06863205322478075,0.042764766176384285,1.60487380994219,37.68980502984085
50,48,5,2,Fish Oil,0.035308666352210846,0.036714318705668096,0.9617137835315397,-3.9810406301829415
50,48,5,3,Interaction SAMS-Fish Oil,0.02522510154848082,0.018230332636839472,1.3836884960347058,27.72939842560359
50,48,6,1,SAMS status,0.024759761897481865,0.020443044927065203,1.2111582196202886,17.434404209095746
50,48,6,2,Fish Oil,0.03727141434737815,0.028354619706016507,1.3144741397984472,23.92395029138167
50,48,6,3,Interaction SAMS-Fish Oil,0.03318025647617619,0.018665427588669837,1.7776317375293906,43.74537881564648
50,48,7,1,SAMS status,0.06366115749833967,0.043547312451844504,1.4618848767931996,31.59516074934665
50,48,7,2,Fish Oil,0.028201851586734453,0.030136694432839974,0.9357977746890143,-6.860694377299792
50,48,7,3,Interaction SAMS-Fish Oil,0.0400125995783534,0.032714793835914434,1.223073566626833,18.23876933601445
50,48,8,1,SAMS status,0.05063952644484703,0.03748927274373592,1.3507737744341384,25.96835836415934
50,48,8,2,Fish Oil,0.037659329373602925,0.04191116654438558,0.8985512091084416,-11.290262576377552
50,48,8,3,Interaction SAMS-Fish Oil,0.09011329704508793,0.05716398275112002,1.57639990616858,36.56431999983511
50,48,9,1,SAMS status,0.021249463058038594,0.01805922906357374,1.176653941496301,15.013245208838356
50,48,9,2,Fish Oil,0.023253089490988154,0.020307220612313142,1.1450650945747252,12.668720342803041
50,48,9,3,Interaction SAMS-Fish Oil,0.03138440293120042,0.018236422592741833,1.7209736598060374,41.89335819859642
50,48,10,1,SAMS status,0.0457056431763677,0.03337852187651955,1.3693129775324109,26.970676798662662
50,48,10,2,Fish Oil,0.0520919043414329,0.035743135213156585,1.4573960574745144,31.384471992268516
50,48,10,3,Interaction SAMS-Fish Oil,0.08120213244637486,0.059158052891436046,1.3726302418268064,27.147168295729827
50,48,11,1,SAMS status,0.035772343259354626,0.030047234755012316,1.1905369512709412,16.004287062869913
50,48,11,2,Fish Oil,0.05168307737098411,0.037897499919526845,1.3637595482744282,26.673290664376648
50,48,11,3,Interaction SAMS-Fish Oil,0.034652652510800096,0.016509618979571226,2.0989371440781768,52.35683913540032
50,48,12,1,SAMS status,0.060771424359209715,0.03150798864995312,1.9287624175051916,48.15328259592094
50,48,12,2,Fish Oil,0.032538944976380414,0.042433938781746276,0.7668141565585146,-30.409694636837514
50,48,12,3,Interaction SAMS-Fish Oil,0.026349739539559314,0.016663469789256244,1.581287683346015,36.76040036661807
50,48,13,1,SAMS status,0.02576433154474438,0.017667147766959566,1.4583186762567222,31.427882239919956
50,48,13,2,Fish Oil,0.02586164445079663,0.03861358009615899,0.6697551583249636,-49.308293869802846
50,48,13,3,Interaction SAMS-Fish Oil,0.03732360728184545,0.02213934213753724,1.6858498798192967,40.68273741507825
50,48,14,1,SAMS status,0.07628558463231357,0.03760784306619462,2.0284488131382905,50.70124552697675
50,48,14,2,Fish Oil,0.06818857529995229,0.048681684644886786,1.4007028679750995,28.60727118766939
50,48,14,3,Interaction SAMS-Fish Oil,0.03266797099855026,0.020570250167243835,1.5881173409631593,37.032360631896296
50,48,15,1,SAMS status,0.04545631835963508,0.024386774899185695,1.8639741641750638,46.351187735342435
50,48,15,2,Fish Oil,0.027991110524841493,0.027785898898217,1.007385459343108,0.7331314220004659
50,48,15,3,Interaction SAMS-Fish Oil,0.021027064818794742,0.013383597407172283,1.5711070931890343,36.350615159517915
50,48,16,1,SAMS status,0.045324062957023986,0.025935977874878793,1.747536305578214,42.776582277120355
50,48,16,2,Fish Oil,0.04358762669509055,0.039897865444233405,1.0924801667902373,8.465157501389587
50,48,16,3,Interaction SAMS-Fish Oil,0.033069642011206726,0.023299874258185704,1.4193055998827424,29.54301032261014
50,48,17,1,SAMS status,0.020867075755417155,0.016922479910079027,1.2330979777372184,18.903443355325432
50,48,17,2,Fish Oil,0.041570827100343176,0.03906948686540619,1.064022858645522,6.017056694347889
50,48,17,3,Interaction SAMS-Fish Oil,0.056453040166126685,0.030098866081734538,1.8755869411434456,46.68335665685787
50,48,18,1,SAMS status,0.044384883000137515,0.03490140196436017,1.2717220656482933,21.36646622623285
50,48,18,2,Fish Oil,0.015361640950785337,0.025412797661732607,0.6044844473742212,-65.43022808011551
50,48,18,3,Interaction SAMS-Fish Oil,0.13694659423068806,0.10401872735485618,1.316557101910117,24.044312354613595
50,48,19,1,SAMS status,0.021473808697399285,0.019077346451218516,1.125618216994099,11.159931058112704
50,48,19,2,Fish Oil,0.03671745617708799,0.03358915949696713,1.0931341160949064,8.519916698567343
50,48,19,3,Interaction SAMS-Fish Oil,0.05630842950609792,0.04441751400699997,1.2677078122207381,21.117469628255613
50,48,20,1,SAMS status,0.06418987603223382,0.0521059777637263,1.231910018526123,18.825240077484217
50,48,20,2,Fish Oil,0.014362468425379084,0.012484933282155513,1.1503840750120065,13.072510153657769
50,48,20,3,Interaction SAMS-Fish Oil,0.025095182086083693,0.021876583714992504,1.1471252739012177,12.825562930966072
50,48,21,1,SAMS status,0.024249663554138847,0.015675416856438796,1.5469868378127447,35.35820890280611
50,48,21,2,Fish Oil,0.12963713366286791,0.1205400378106058,1.075469495592457,7.017353435104379
50,48,21,3,Interaction SAMS-Fish Oil,0.04082883170949038,0.027380758956559385,1.491150474472489,32.93768689885164
50,48,22,1,SAMS status,0.025301722484007257,0.016541466885603845,1.5295936363435534,34.62315897243994
50,48,22,2,Fish Oil,0.04023648053027762,0.03601750165277304,1.1171369107768128,10.485457032778589
50,48,22,3,Interaction SAMS-Fish Oil,0.042025480402584296,0.03151163202981123,1.3336497571064094,25.017794614256296
50,48,23,1,SAMS status,0.027188379334322815,0.021030495737918646,1.2928073438279113,22.648954248738207
50,48,23,2,Fish Oil,0.04828649538100837,0.05333509119434716,0.905341948419245,-10.455502669022575
50,48,23,3,Interaction SAMS-Fish Oil,0.0304182789169493,0.019673950443148108,1.5461195251481965,35.32194738280992
50,48,24,1,SAMS status,0.03617872586372286,0.034880922093059825,1.0372066933093278,3.5872014275781017
50,48,24,2,Fish Oil,0.03928150507075221,0.034187615337302024,1.1489981001363454,12.967654177901998
50,48,24,3,Interaction SAMS-Fish Oil,0.03307469786736775,0.025102780314496437,1.3175710998142967,24.10276757429305
50,48,25,1,SAMS status,0.07805978734847005,0.05619735664123192,1.3890295204952345,28.007289604365837
50,48,25,2,Fish Oil,0.02887767673896671,0.037562497361219964,0.7687901169420225,-30.07451292137433
50,48,25,3,Interaction SAMS-Fish Oil,0.025280619757731937,0.017190192666167795,1.470642025291956,32.00248715852676
50,48,26,1,SAMS status,0.044722538695857336,0.041175744438560695,1.0861379510111564,7.930663957646001
50,48,26,2,Fish Oil,0.030151523664539267,0.0374646913044036,0.8047984012347983,-24.254719997667106
50,48,26,3,Interaction SAMS-Fish Oil,0.05718251691645694,0.036608514697888415,1.5620004632352713,35.97953243056252
50,48,27,1,SAMS status,0.060456606148411605,0.040198368427651995,1.503956715487592,33.50872470583079
50,48,27,2,Fish Oil,0.022277566025996846,0.017155059933323488,1.29860030291838,22.994011494324106
50,48,27,3,Interaction SAMS-Fish Oil,0.03817010595656645,0.02005272591301131,1.9034871429524496,47.46484084736575
50,48,28,1,SAMS status,0.03251894490341422,0.02032928531932131,1.5996108270716058,37.48479423393929
50,48,28,2,Fish Oil,0.02891890628096099,0.021652749169662228,1.335576653771033,25.12597482319896
50,48,28,3,Interaction SAMS-Fish Oil,0.022372629576804505,0.011647709766104707,1.9207749871918802,47.93768105747919
50,48,29,1,SAMS status,0.05553405550499706,0.04285696176530514,1.2958001038224474,22.82760303459417
50,48,29,2,Fish Oil,0.0493366442533205,0.030743439947153683,1.6047860726752614,37.68639839122305
50,48,29,3,Interaction SAMS-Fish Oil,0.05217241496433352,0.023661776290739348,2.2049238536986997,54.6469598792481
50,48,30,1,SAMS status,0.0528830199622117,0.030625386344475886,1.726770704780042,42.088431473165336
50,48,30,2,Fish Oil,0.045711718157654985,0.03676195160892981,1.2434518886247377,19.57871396970544
50,48,30,3,Interaction SAMS-Fish Oil,0.030862882598202666,0.018417136432016094,1.6757698848639173,40.32593561727563
50,48,31,1,SAMS status,0.03417752894054702,0.02574676458516877,1.3274494675822193,24.667565551751423
50,48,31,2,Fish Oil,0.02113041210492905,0.025553451506250255,0.8269102942810151,-20.932101936097357
50,48,31,3,Interaction SAMS-Fish Oil,0.027449000045850026,0.0178400413854929,1.5386175094958527,35.006589108188265
50,48,32,1,SAMS status,0.035710143213828885,0.023777688250772474,1.5018341075553785,33.414749673800024
50,48,32,2,Fish Oil,0.04118991110017359,0.041272550883150703,0.9979977059520483,-0.20063112730721588
50,48,32,3,Interaction SAMS-Fish Oil,0.04751629156449261,0.028479778183534858,1.668422108426512,40.06312941135146
50,48,33,1,SAMS status,0.07703304817559802,0.05453511864669732,1.4125402142177825,29.205555358028047
50,48,33,2,Fish Oil,0.03472557767219987,0.024370141528630828,1.4249231023711186,29.820774304524413
50,48,33,3,Interaction SAMS-Fish Oil,0.025931033357184666,0.02143147259932889,1.2099510771834072,17.352030271516703
50,48,34,1,SAMS status,0.042116055771538756,0.03443485659028238,1.2230646484941086,18.238173163516393
50,48,34,2,Fish Oil,0.03122872454905373,0.020731428568185842,1.5063469671828063,33.61423219311712
50,48,34,3,Interaction SAMS-Fish Oil,0.05116208805394292,0.034543374934656736,1.481096973029492,32.48247628549521
50,48,35,1,SAMS status,0.03830744908612056,0.027775083097509288,1.3792019613995594,27.494302648377932
50,48,35,2,Fish Oil,0.013605971372285494,0.01783683175185289,0.7628020245732321,-31.095614299067197
50,48,35,3,Interaction SAMS-Fish Oil,0.028491282173572906,0.021680818398733818,1.314123925102238,23.903675985337493
50,48,36,1,SAMS status,0.10595649996905912,0.06543862501325362,1.6191736905779912,38.24010321937524
50,48,36,2,Fish Oil,0.05700130668567757,0.05010932019890718,1.1375390138882926,12.09092718659045
50,48,36,3,Interaction SAMS-Fish Oil,0.10214767587735826,0.07905850494979688,1.2920517019923825,22.60371636382894
50,48,37,1,SAMS status,0.03439359078946488,0.024313493639224956,1.414588594293076,29.30806850597165
50,48,37,2,Fish Oil,0.04081596870369733,0.03825199474268477,1.0670285034351807,6.281791275433579
50,48,37,3,Interaction SAMS-Fish Oil,0.02925316934058559,0.027408051047953564,1.0673203026878408,6.3074132964872405
50,48,38,1,SAMS status,0.053799245227329436,0.029965947360579347,1.7953460499668084,44.30043166226992
50,48,38,2,Fish Oil,0.018630132748052933,0.017377986891325505,1.072053562047078,6.721078554087557
50,48,38,3,Interaction SAMS-Fish Oil,0.04376498351569814,0.024367541950000807,1.7960360386574277,44.321829936802395
50,48,39,1,SAMS status,0.047062009330361976,0.03403453935381533,1.382772037579708,27.681499710514913
50,48,39,2,Fish Oil,0.023487583298518275,0.017537162634294497,1.3393035001333418,25.334324900932504
50,48,39,3,Interaction SAMS-Fish Oil,0.03755676751366504,0.02462219291169504,1.5253217960056815,34.44006355782284
50,48,40,1,SAMS status,0.05950604247276442,0.03578231725965953,1.6630013657570097,39.867758343975076
50,48,40,2,Fish Oil,0.03495395938017797,0.02954374120880876,1.1831256960021062,15.47812684830575
50,48,40,3,Interaction SAMS-Fish Oil,0.03911477048341198,0.025764370800284667,1.5181729368287078,34.13135119580729
50,48,41,1,SAMS status,0.025660424282609007,0.02646582803923447,0.9695681633149174,-3.138700076644141
50,48,41,2,Fish Oil,0.03503024067079067,0.0292074710728548,1.199358910034067,16.622122732919387
50,48,41,3,Interaction SAMS-Fish Oil,0.033139026714878485,0.01737591463918875,1.9071817169346825,47.566611449733806
50,48,42,1,SAMS status,0.04098965514865154,0.019032826551704046,2.153629416907688,53.56675609326228
50,48,42,2,Fish Oil,0.041434136126857694,0.03273806272857827,1.2656257784822527,20.98770292122154
50,48,42,3,Interaction SAMS-Fish Oil,0.03948804105970924,0.026492345368385184,1.4905453069788437,32.910459325327054
50,48,43,1,SAMS status,0.0389672754882255,0.02750986286898082,1.4164838143255036,29.40265254805071
50,48,43,2,Fish Oil,0.046727123753868526,0.03792677697758095,1.2320351866832657,18.833486997065595
50,48,43,3,Interaction SAMS-Fish Oil,0.051644049815730085,0.038638736020032725,1.3365874543348053,25.182598657737554
50,48,44,1,SAMS status,0.024502252128170462,0.01829925333397254,1.338975513426117,25.316035284227112
50,48,44,2,Fish Oil,0.034603550896459,0.04290921833652284,0.8064362912667102,-24.002355899589965
50,48,44,3,Interaction SAMS-Fish Oil,0.10012610118845115,0.06460327299869457,1.5498611222139531,35.478089896757005
50,48,45,1,SAMS status,0.05361403804683452,0.04044079370497545,1.3257414886058074,24.57051328674701
50,48,45,2,Fish Oil,0.06344289789550143,0.06361215819389698,0.9973391832127496,-0.2667915621924255
50,48,45,3,Interaction SAMS-Fish Oil,0.031157701491728022,0.017994799477193835,1.7314836728920777,42.246062399785075
50,48,46,1,SAMS status,0.014465133072018655,0.015943636342910295,0.9072668719298098,-10.221152225358065
50,48,46,2,Fish Oil,0.01509926126108641,0.02056323008471508,0.7342845068056643,-36.18699437773376
50,48,46,3,Interaction SAMS-Fish Oil,0.04407731517410791,0.03637655749641523,1.2116956140902435,17.471022559505368
50,48,47,1,SAMS status,0.027435080184473146,0.015221034528557264,1.8024451710558993,44.519810307784
50,48,47,2,Fish Oil,0.026578373959420587,0.018389366065204537,1.4453121366543946,30.81079341692945
50,48,47,3,Interaction SAMS-Fish Oil,0.020312349159705933,0.012827267093215381,1.583528978705805,36.84990843569624
50,48,48,1,SAMS status,0.02601012220522229,0.019732954134463566,1.3181058460879744,24.133558547827207
50,48,48,2,Fish Oil,0.026452608010710248,0.021847034155193203,1.210810026789026,17.410660807631217
50,48,48,3,Interaction SAMS-Fish Oil,0.054999481465556804,0.03343185298900486,1.6451221379695928,39.21423966525681
50,48,49,1,SAMS status,0.029815422814843225,0.02624264414040706,1.1361440049760454,11.98298845742849
50,48,49,2,Fish Oil,0.03188290691103861,0.03044765463200486,1.047138352571994,4.501635572435303
50,48,49,3,Interaction SAMS-Fish Oil,0.06157304299431081,0.03818058734454343,1.6126793031933413,37.991391219577665
50,48,50,1,SAMS status,0.04791353946987501,0.028826939842475845,1.6621098088002908,39.83550336413699
50,48,50,2,Fish Oil,0.06052923541406767,0.06301762471558488,0.9605128039536881,-4.111053583437263
50,48,50,3,Interaction SAMS-Fish Oil,0.03353222641550187,0.021973520895530216,1.5260288314706492,34.4704386065701
50,48,51,1,SAMS status,0.05664874284533577,0.043798957589744454,1.2933810748637564,22.683266406589485
50,48,51,2,Fish Oil,0.037542703882360466,0.04544579984094488,0.8260984296404872,-21.050950361350253
50,48,51,3,Interaction SAMS-Fish Oil,0.06815073463156998,0.0443868220833572,1.5353821569740862,34.869635194224955
50,48,52,1,SAMS status,0.0369947388707129,0.021874778989925413,1.6912051494440739,40.870567930288296
50,48,52,2,Fish Oil,0.07395795187955864,0.0737138412131654,1.0033115987767796,0.3300668287715358
50,48,52,3,Interaction SAMS-Fish Oil,0.03085667020567406,0.02364721341118382,1.304875533075731,23.364338233632655
50,48,53,1,SAMS status,0.023596182893664806,0.020933988325837184,1.1271709206287215,11.282310277999997
50,48,53,2,Fish Oil,0.17895607001387767,0.1492002003325219,1.1994358560849046,16.62747157950455
50,48,53,3,Interaction SAMS-Fish Oil,0.05267589115884925,0.021629261032152146,2.435399484085283,58.93897463086668
50,48,54,1,SAMS status,0.031219065781094495,0.023020867510426937,1.3561203011552156,26.260229335985407
50,48,54,2,Fish Oil,0.06599671572253915,0.04407344521586565,1.4974258399654565,33.21872954836491
50,48,54,3,Interaction SAMS-Fish Oil,0.05392858251548336,0.03329708955471819,1.6196185083041799,38.25706517474605
50,48,55,1,SAMS status,0.06651926389485736,0.04392126983190992,1.5145114007275222,33.972104830664705
50,48,55,2,Fish Oil,0.06401106882398114,0.05477086165298778,1.1687066241450905,14.43532710944455
50,48,55,3,Interaction SAMS-Fish Oil,0.019003349649140352,0.015675687210466156,1.2122817579858587,17.510925705799075
50,48,56,1,SAMS status,0.04432861405021975,0.03395196152068303,1.3056274826188001,23.40847498137668
50,48,56,2,Fish Oil,0.029114877010018546,0.03565261948513986,0.8166265881853009,-22.454989155103267
50,48,56,3,Interaction SAMS-Fish Oil,0.06858983507026122,0.04348248650710626,1.5774128983873015,36.60505749494192
50,48,57,1,SAMS status,0.05733396384335286,0.04292650698227131,1.3356307762714503,25.12900887237698
50,48,57,2,Fish Oil,0.01916677435993275,0.02000955623233571,0.957881031312378,-4.397098106214248
50,48,57,3,Interaction SAMS-Fish Oil,0.056016900673066077,0.04219988222811564,1.3274184124557784,24.665803139647647
50,48,58,1,SAMS status,0.03992844960064764,0.015197597270839008,2.6272869907707013,61.9379229024898
50,48,58,2,Fish Oil,0.020389865338010755,0.022750263421177603,0.896247439448564,-11.576329926841634
50,48,58,3,Interaction SAMS-Fish Oil,0.025855266866382013,0.012121986405450584,2.132923268644843,53.11598805730353
50,48,59,1,SAMS status,0.030066569939674277,0.022384806920879186,1.3431686074374851,25.54918314329776
50,48,59,2,Fish Oil,0.04390422720225663,0.0319061658794214,1.3760420906785813,27.327804376473676
50,48,59,3,Interaction SAMS-Fish Oil,0.0741752620070193,0.03335927034790752,2.223527710091896,55.0264206080584
50,48,60,1,SAMS status,0.08643083866208404,0.0590820617364417,1.4628947623331443,31.642382914467603
50,48,60,2,Fish Oil,0.04216240501660054,0.027202741627265607,1.5499321941263706,35.48104853943907
50,48,60,3,Interaction SAMS-Fish Oil,0.055939753216237835,0.04134228769985275,1.3530879960577769,26.09497660806238
50,48,61,1,SAMS status,0.04369026400312216,0.02839116991778825,1.5388680399446446,35.017170150861574
50,48,61,2,Fish Oil,0.054108731590737404,0.04751399547634048,1.1387956548019786,12.187933297489906
50,48,61,3,Interaction SAMS-Fish Oil,0.029196279039309533,0.013564802380222363,2.152355649639101,53.53927683058903
50,48,62,1,SAMS status,0.03473268354706851,0.029670855624958317,1.1705993243367179,14.573673569594991
50,48,62,2,Fish Oil,0.050383254426520495,0.03766221978284679,1.3377664597843881,25.24853701585753
50,48,62,3,Interaction SAMS-Fish Oil,0.0901012477677806,0.05271274717895969,1.709287650326533,41.49609635283065
50,48,63,1,SAMS status,0.02637747308983894,0.02168112331965376,1.2166100760069005,17.80439602455437
50,48,63,2,Fish Oil,0.0896295560296542,0.06614953485793464,1.3549536851944035,26.196739347845398
50,48,63,3,Interaction SAMS-Fish Oil,0.0664584512966464,0.04129984335127332,1.6091695731479674,37.85614538785171
50,48,64,1,SAMS status,0.04858949379608642,0.040117849577451924,1.2111689511741914,17.435135780971724
50,48,64,2,Fish Oil,0.03200239225720595,0.030726507416802336,1.041523913639007,3.986842077770991
50,48,64,3,Interaction SAMS-Fish Oil,0.026273381187855847,0.018029119796774247,1.4572747579477872,31.378760625192335
50,48,65,1,SAMS status,0.046870813280681385,0.039493587433228346,1.1867955363620915,15.739487606658809
50,48,65,2,Fish Oil,0.02074306485297723,0.027736800218353508,0.7478535624037661,-33.71601744942949
50,48,65,3,Interaction SAMS-Fish Oil,0.06387557952828482,0.04531876077861079,1.4094732166293555,29.051507456706304
50,48,66,1,SAMS status,0.12717792236389172,0.07612016423307588,1.6707520752908482,40.146715075848824
50,48,66,2,Fish Oil,0.07917212649741173,0.0793007034785673,0.998378614873318,-0.16240182857760743
50,48,66,3,Interaction SAMS-Fish Oil,0.028114794857388686,0.01635213585288404,1.719334716292126,41.837968458138576
50,48,67,1,SAMS status,0.022375047112134283,0.01689055523516642,1.3247076132553097,24.51164392853301
50,48,67,2,Fish Oil,0.04224713214351304,0.0301331578050879,1.4020147644924135,28.674074957973726
50,48,67,3,Interaction SAMS-Fish Oil,0.056611108251549955,0.05129306460314718,1.1036795849409333,9.39399318022921
50,48,68,1,SAMS status,0.0462777399516299,0.02702842541394723,1.7121877890729669,41.59519146311445
50,48,68,2,Fish Oil,0.027009227335765586,0.016206112202750676,1.6666074501928532,39.997868131197656
50,48,68,3,Interaction SAMS-Fish Oil,0.025765380953935456,0.013042550791206638,1.9754863420816902,49.379553849699654
50,48,69,1,SAMS status,0.051598092519680915,0.02985468029485347,1.7283083258666048,42.13995355842645
50,48,69,2,Fish Oil,0.03266384068370567,0.034619022830747734,0.9435228961660488,-5.985769297538268
50,48,69,3,Interaction SAMS-Fish Oil,0.03888499619768552,0.019853274247844638,1.9586188007203422,48.94361273198137
50,48,70,1,SAMS status,0.08437204583985446,0.06569804098915125,1.2842399038014978,22.132928821173913
50,48,70,2,Fish Oil,0.061096693494015676,0.05874528774975073,1.040027138079257,3.848662848661799
50,48,70,3,Interaction SAMS-Fish Oil,0.07399285074908553,0.03978708884966051,1.8597201476256509,46.22846876844756
50,48,71,1,SAMS status,0.04859165647582729,0.033493687683868574,1.4507705730841423,31.071113616942547
50,48,71,2,Fish Oil,0.03210680223803118,0.038024948623448684,0.8443614889786337,-18.432687072172314
50,48,71,3,Interaction SAMS-Fish Oil,0.030438526657170433,0.01408534382239778,2.1610070042286558,53.72527724143414
50,48,72,1,SAMS status,0.043751787550005604,0.025254738867913084,1.7324189245763133,42.27724104061241
50,48,72,2,Fish Oil,0.019209918622873,0.014350908542964492,1.3385855373101536,25.294277270508303
50,48,72,3,Interaction SAMS-Fish Oil,0.028352397209950194,0.01955818648619324,1.4496434641302287,31.01752087710823
50,48,73,1,SAMS status,0.032726551283916,0.026037423500285796,1.25690436626945,20.43945213047147
50,48,73,2,Fish Oil,0.07292472641308621,0.06319473218283267,1.153968438415137,13.342517289866052
50,48,73,3,Interaction SAMS-Fish Oil,0.04830734817020421,0.027915156239729535,1.7305061005337312,42.21343688464461
50,48,74,1,SAMS status,0.03277125311266047,0.03103110245388295,1.0560776292548308,5.30999120721829
50,48,74,2,Fish Oil,0.04819517107275266,0.03379049362788319,1.4262937855688218,29.88821727206861
50,48,74,3,Interaction SAMS-Fish Oil,0.04440139994016626,0.027108119826375246,1.637937275788683,38.947601060090044
50,48,75,1,SAMS status,0.03764475310577221,0.03107626479096442,1.2113667250228095,17.448615737635475
50,48,75,2,Fish Oil,0.053618309002762696,0.03992253571805075,1.3430587020182556,25.543090670774916
50,48,75,3,Interaction SAMS-Fish Oil,0.13194194266410286,0.09511526834657077,1.3871794188010595,27.911271862416974
50,48,76,1,SAMS status,0.04872713353389734,0.023463814686013235,2.076692736707623,51.846511410956516
50,48,76,2,Fish Oil,0.03639689355507006,0.03218352580012664,1.13091691013316,11.576174072571355
50,48,76,3,Interaction SAMS-Fish Oil,0.0724429483145211,0.05787834155314855,1.2516417431898623,20.10493374474254
50,48,77,1,SAMS status,0.03979484575418757,0.02723331014462983,1.4612562902873842,31.56573513854091
50,48,77,2,Fish Oil,0.04245120901785596,0.031012456715199494,1.3688437974360874,26.945645524124096
50,48,77,3,Interaction SAMS-Fish Oil,0.04157577071886292,0.025254304832535844,1.6462845045451286,39.257157724612014
50,48,78,1,SAMS status,0.01678763714482823,0.016984240187595742,0.9884243839820931,-1.1711180142351285
50,48,78,2,Fish Oil,0.07018804580000781,0.050702890788233486,1.384300672187634,27.761358490154976
50,48,78,3,Interaction SAMS-Fish Oil,0.04746220548973477,0.033892615771723714,1.4003700926893945,28.590305861251885
50,48,79,1,SAMS status,0.15588090536608745,0.11013180464715577,1.4154031695521951,29.348752248705246
50,48,79,2,Fish Oil,0.03187896057100209,0.043330274240666745,0.73572025863346,-35.92122661640686
50,48,79,3,Interaction SAMS-Fish Oil,0.04758310239434177,0.027412470702792485,1.7358195439674293,42.39032487706776
50,48,80,1,SAMS status,0.04542248533736443,0.027033849484675434,1.680207821054596,40.48355283977063
50,48,80,2,Fish Oil,0.05900501041435749,0.04542951099837072,1.2988255677344545,23.007367206028817
50,48,80,3,Interaction SAMS-Fish Oil,0.03982092571185794,0.025196071836290246,1.5804418232568824,36.72655422777547
50,48,81,1,SAMS status,0.038214909088645124,0.028436326954779562,1.3438764137652448,25.58839564731843
50,48,81,2,Fish Oil,0.03589231815219103,0.03351321721875674,1.07098992967177,6.628440446076511
50,48,81,3,Interaction SAMS-Fish Oil,0.03099536589395045,0.016742389679039585,1.8513107440543384,45.98421668476804
50,48,82,1,SAMS status,0.029198581130410937,0.01794691961004666,1.6269410999125227,38.534959867092425
50,48,82,2,Fish Oil,0.032608423186163325,0.025694951007380822,1.269059558696828,21.201491833300558
50,48,82,3,Interaction SAMS-Fish Oil,0.03485478133106399,0.015845739213429244,2.199631135007233,54.53783208989213
50,48,83,1,SAMS status,0.035061066704212024,0.034829915625746666,1.0066365672816757,0.659281363044184
50,48,83,2,Fish Oil,0.07057483611364905,0.06918152208385317,1.020139973620515,1.974236295146592
50,48,83,3,Interaction SAMS-Fish Oil,0.038476189704421994,0.017966760178620197,2.1415207484211476,53.3042114704115
50,48,84,1,SAMS status,0.027583782151642974,0.026588136506697026,1.0374469886106972,3.6095327300380453
50,48,84,2,Fish Oil,0.031656101239200436,0.02335377681873231,1.3555024305023222,26.22661697261436
50,48,84,3,Interaction SAMS-Fish Oil,0.07359771588704908,0.05025746893894362,1.4644134979511378,31.713276243417532
50,48,85,1,SAMS status,0.04095294245296959,0.016349422770874002,2.50485555526315,60.077538287634155
50,48,85,2,Fish Oil,0.037692890801677814,0.03325494514176086,1.1334522021010305,11.773959400639566
50,48,85,3,Interaction SAMS-Fish Oil,0.034355012753595274,0.02430013730524582,1.4137785446248834,29.267564301215998
50,48,86,1,SAMS status,0.07071909130504031,0.038331928335890796,1.8449134800981275,45.7969161813045
50,48,86,2,Fish Oil,0.03834131331932289,0.02838602787326984,1.3507107613118214,25.964904652955322
50,48,86,3,Interaction SAMS-Fish Oil,0.05448959648733623,0.023590554727220946,2.309805645412023,56.706314144382475
50,48,87,1,SAMS status,0.04293398325188388,0.03500488874448459,1.2265139182494504,18.468108260258774
50,48,87,2,Fish Oil,0.042663512034059756,0.03958677775461687,1.0777212608339675,7.211629171519263
50,48,87,3,Interaction SAMS-Fish Oil,0.04235929062554789,0.02664713353688428,1.5896377960096626,37.092587851759816
50,48,88,1,SAMS status,0.03501105738738395,0.024433465998243618,1.4329140773519686,30.21214490069046
50,48,88,2,Fish Oil,0.017163284777520126,0.018882610103426567,0.9089466277972641,-10.017460807725765
50,48,88,3,Interaction SAMS-Fish Oil,0.04088889951034479,0.022284380196506873,1.8348681520320773,45.500171285194455
50,48,89,1,SAMS status,0.023115627458679087,0.018702067774737017,1.2359931392134063,19.093402036486516
50,48,89,2,Fish Oil,0.036126473795877155,0.04429306564828009,0.8156236933958974,-22.60556039470125
50,48,89,3,Interaction SAMS-Fish Oil,0.028598389185388064,0.015171190353803194,1.885045834799566,46.95089203991007
50,48,90,1,SAMS status,0.0368095294448144,0.030028313549375105,1.2258273973424796,18.4224465721732
50,48,90,2,Fish Oil,0.01940520317037168,0.01980940736265843,0.9795953415018014,-2.0829681026163893
50,48,90,3,Interaction SAMS-Fish Oil,0.05274880397550112,0.03642820513664529,1.4480209435967508,30.94022538678951
50,48,91,1,SAMS status,0.037287769492298076,0.026332050806154545,1.4160602137218599,29.381534040019407
50,48,91,2,Fish Oil,0.04732400946031834,0.03848682452260732,1.2296158502897536,18.673787446351277
50,48,91,3,Interaction SAMS-Fish Oil,0.06934237135893946,0.0412413049921872,1.681381599638415,40.52510148707157
50,48,92,1,SAMS status,0.03623407943390401,0.01827132760202405,1.983111475155757,49.57419123796567
50,48,92,2,Fish Oil,0.06558271524368846,0.044906241390413604,1.4604365275978939,31.527322064123776
50,48,92,3,Interaction SAMS-Fish Oil,0.029958590802093496,0.02032453028404217,1.4740114720198736,32.157922853227475
50,48,93,1,SAMS status,0.02689826283802795,0.023595970827946736,1.1399515211372453,12.27697130467672
50,48,93,2,Fish Oil,0.04566725535724417,0.03351310926284995,1.362668411309343,26.61457536546744
50,48,93,3,Interaction SAMS-Fish Oil,0.08627759755462404,0.05636336099495566,1.5307390480554488,34.6720787406361
50,48,94,1,SAMS status,0.08103652704575863,0.04629872507898459,1.7502971606132163,42.86684441345662
50,48,94,2,Fish Oil,0.05079148441598086,0.03189365843524579,1.5925261292649644,37.20668178540008
50,48,94,3,Interaction SAMS-Fish Oil,0.036909461212049216,0.02109992124968139,1.7492700932524357,42.83329922249515
50,48,95,1,SAMS status,0.027391429886022757,0.020386553273213252,1.3436027914543802,25.57324185687706
50,48,95,2,Fish Oil,0.029453803595942286,0.023434290986063415,1.2568677078158128,20.437131626382378
50,48,95,3,Interaction SAMS-Fish Oil,0.025457884035083346,0.01842498452224917,1.381704500448376,27.62562475004672
50,48,96,1,SAMS status,0.024481080992713126,0.02043383003120943,1.1980661948994467,16.53215788432044
50,48,96,2,Fish Oil,0.04657555413045659,0.04150923271750626,1.1220528803177234,10.877640658358512
50,48,96,3,Interaction SAMS-Fish Oil,0.025402749409582096,0.014533808005414862,1.7478385155575051,42.78647649087698
50,48,97,1,SAMS status,0.02762056294014596,0.01657787484206196,1.6661099931859846,39.979953058935166
50,48,97,2,Fish Oil,0.03086287986145441,0.02133563766690655,1.4465412444328043,30.869582609647274
50,48,97,3,Interaction SAMS-Fish Oil,0.020762272647269306,0.014330680291893412,1.4487988165512367,30.977304193246823
50,48,98,1,SAMS status,0.029614071419232536,0.02209281726343032,1.340438888627027,25.397568775084466
50,48,98,2,Fish Oil,0.027404585485781285,0.028850549661056994,0.9498808794888405,-5.2763584985656475
50,48,98,3,Interaction SAMS-Fish Oil,0.023791419729346692,0.014992577202164183,1.5868799212127713,36.9832596258606
50,48,99,1,SAMS status,0.036536544830142015,0.019401327066209745,1.8831982320310328,46.898845645075916
50,48,99,2,Fish Oil,0.03901165932612684,0.033295346081731805,1.171685052630566,14.652832879032939
50,48,99,3,Interaction SAMS-Fish Oil,0.02280589826341104,0.017068389844354576,1.3361481939055995,25.15800234126939
50,48,100,1,SAMS status,0.08650775724738415,0.053376807622043464,1.6206993468012936,38.29824131331587
50,48,100,2,Fish Oil,0.02872131219098626,0.02944085092212519,0.9755598527691268,-2.5052432366399424
50,48,100,3,Interaction SAMS-Fish Oil,0.039421913581927856,0.016741524097404165,2.3547386338643066,57.53244179126058
60,38,1,1,SAMS status,0.03635439012208216,0.01762226653665814,2.062980380330597,51.52644157285936
60,38,1,2,Fish Oil,0.03264371924480123,0.04100870409213716,0.7960192834052564,-25.625097387357656
60,38,1,3,Interaction SAMS-Fish Oil,0.0768805390072439,0.04294645057904677,1.7901488474754952,44.13872335754535
60,38,2,1,SAMS status,0.04554239132524144,0.032695901402863915,1.392908265904309,28.207763247727137
60,38,2,2,Fish Oil,0.04506481112238144,0.050549467571677324,0.8914992241704853,-12.17059677538941
60,38,2,3,Interaction SAMS-Fish Oil,0.05188321434462734,0.035583795988341965,1.4580573236656769,31.4155908845945
60,38,3,1,SAMS status,0.029879156777671983,0.029812939781762773,1.0022210824022701,0.22161601280090704
60,38,3,2,Fish Oil,0.03346101497708749,0.027821327625558893,1.2027109355610885,16.854501739981252
60,38,3,3,Interaction SAMS-Fish Oil,0.06731840961825775,0.03971603533540831,1.6949931948076626,41.002712986498224
60,38,4,1,SAMS status,0.040329729782400764,0.02688724952198201,1.4999574333339185,33.331441427819406
60,38,4,2,Fish Oil,0.0563092944690769,0.04137683222099436,1.3608894506067553,26.518645614149772
60,38,4,3,Interaction SAMS-Fish Oil,0.038675021063015784,0.025534611781074194,1.514611672760227,33.97647608395881
60,38,5,1,SAMS status,0.033822082041614146,0.030563211112366925,1.1066272427090806,9.635335060797146
60,38,5,2,Fish Oil,0.025430360620926035,0.03171842125753972,0.801753669088465,-24.726588546445516
60,38,5,3,Interaction SAMS-Fish Oil,0.06257808758661158,0.04364038641575469,1.4339489799755798,30.262511849129382
60,38,6,1,SAMS status,0.040611042897289285,0.027846208523650703,1.4584047541982954,31.43192950233399
60,38,6,2,Fish Oil,0.05484945091811958,0.06594332276547311,0.8317665628283731,-20.226039935959793
60,38,6,3,Interaction SAMS-Fish Oil,0.03147964898055037,0.02978397085114663,1.0569325741647528,5.386585252114506
60,38,7,1,SAMS status,0.02742488459896002,0.025218467088259932,1.0874921343544808,8.04531192369633
60,38,7,2,Fish Oil,0.057015279177139694,0.046574180845957144,1.224182114243001,18.312807517338115
60,38,7,3,Interaction SAMS-Fish Oil,0.051498448417034236,0.03266374490187211,1.5766241308749205,36.57334171048954
60,38,8,1,SAMS status,0.04537120096142236,0.03340861867957225,1.3580687485641139,26.36602520621286
60,38,8,2,Fish Oil,0.03577954255287346,0.02342357300110769,1.5275014854130693,34.53361521742949
60,38,8,3,Interaction SAMS-Fish Oil,0.03870879558540247,0.02777108129813139,1.3938526616897353,28.25640560977778
60,38,9,1,SAMS status,0.03994357844889607,0.034585534755642855,1.1549215222811904,13.414030242954588
60,38,9,2,Fish Oil,0.03486849315534303,0.028359517809698444,1.22951643216651,18.667211446868016
60,38,9,3,Interaction SAMS-Fish Oil,0.030511330521797237,0.02020942638137919,1.5097573749005633,33.76419174201002
60,38,10,1,SAMS status,0.08935372998612907,0.06080500797070678,1.4695126761462778,31.950229744023094
60,38,10,2,Fish Oil,0.04280917355602871,0.0445990208003948,0.9598680147625517,-4.180989950725267
60,38,10,3,Interaction SAMS-Fish Oil,0.03263189693951165,0.02746213985037604,1.1882503372753315,15.842649597473802
60,38,11,1,SAMS status,0.042227204797675555,0.023848991498777155,1.770607566355195,43.5222113018242
60,38,11,2,Fish Oil,0.06212257381860029,0.061762506543604434,1.00582986823473,0.5796077864501648
60,38,11,3,Interaction SAMS-Fish Oil,0.11471642446439372,0.06747183341931429,1.7002120536946213,41.18380717117229
60,38,12,1,SAMS status,0.03843916206800229,0.03541560496798456,1.0853735832763836,7.865824688552769
60,38,12,2,Fish Oil,0.045730616672250785,0.034885496153037564,1.3108776344082156,23.715229114314596
60,38,12,3,Interaction SAMS-Fish Oil,0.06939838091676814,0.05063152730424581,1.3706554909898718,27.042206697920037
60,38,13,1,SAMS status,0.03862573037404446,0.01881410154258745,2.0530201926789626,51.29127304417248
60,38,13,2,Fish Oil,0.04217939048830446,0.03566121244627751,1.1827806065720952,15.453466649392
60,38,13,3,Interaction SAMS-Fish Oil,0.05506453658733546,0.033681702217577096,1.6348501697339852,38.83231512507871
60,38,14,1,SAMS status,0.03233613320155265,0.028400182857318497,1.138588908529506,12.171988282276025
60,38,14,2,Fish Oil,0.0159847688266386,0.01529274779329294,1.0452515821681938,4.329252683294415
60,38,14,3,Interaction SAMS-Fish Oil,0.04904721588000825,0.02880836742386913,1.7025336826053619,41.26401079656087
60,38,15,1,SAMS status,0.06261044390281251,0.038810398788627416,1.6132388704328182,38.012899495056885
60,38,15,2,Fish Oil,0.0482753588476263,0.036322651654162,1.3290703362537881,24.759437275632003
60,38,15,3,Interaction SAMS-Fish Oil,0.03188236761867673,0.02150202770072114,1.482760977821987,32.55824674662735
60,38,16,1,SAMS status,0.03679617642123761,0.031472741168622996,1.169144315205752,14.467359846503214
60,38,16,2,Fish Oil,0.0764869661523584,0.06857443214757925,1.1153860667449722,10.344944247125397
60,38,16,3,Interaction SAMS-Fish Oil,0.03196119449368007,0.03118345086977244,1.0249409094315962,2.433399740618003
60,38,17,1,SAMS status,0.03627432273072826,0.019637478281479947,1.8471986173977581,45.86396987408152
60,38,17,2,Fish Oil,0.03373956168240391,0.03395548259126221,0.9936410590461212,-0.6399635860441677
60,38,17,3,Interaction SAMS-Fish Oil,0.025250305896712868,0.015083123070700758,1.6740767663536504,40.265582791754184
60,38,18,1,SAMS status,0.02714983024468217,0.02204622616059022,1.2314955878124456,18.797922631916244
60,38,18,2,Fish Oil,0.04205799398274541,0.02741859861676411,1.533922085902325,34.80764054507025
60,38,18,3,Interaction SAMS-Fish Oil,0.057948206390677534,0.029760947341566833,1.9471223723359714,48.642159619362005
60,38,19,1,SAMS status,0.05877521286445263,0.046232226654985185,1.27130396082956,21.34060533033555
60,38,19,2,Fish Oil,0.0486201055407052,0.03674846060459547,1.3230514895262078,24.41715171961254
60,38,19,3,Interaction SAMS-Fish Oil,0.036276028290109605,0.029335022756638757,1.2366115612403963,19.133862941007962
60,38,20,1,SAMS status,0.02887490278261502,0.01206153100575701,2.3939666339897423,58.22832341094839
60,38,20,2,Fish Oil,0.05431081526187154,0.039365604951722456,1.3796514832803337,27.517926656205518
60,38,20,3,Interaction SAMS-Fish Oil,0.03703157436467856,0.023384983730199344,1.5835621179781292,36.8512299803694
60,38,21,1,SAMS status,0.02256163904042882,0.014146985939183274,1.5948018282777299,37.296284574746984
60,38,21,2,Fish Oil,0.025081455011027983,0.02460357763037925,1.0194230850418549,1.9053016678602486
60,38,21,3,Interaction SAMS-Fish Oil,0.04576973075065128,0.023408412878497167,1.9552684322607403,48.85612719457809
60,38,22,1,SAMS status,0.03497589436062521,0.018179732604117406,1.9238948736079735,48.02210797907832
60,38,22,2,Fish Oil,0.059028315754165554,0.056821806678170245,1.038832082346354,3.738051895610117
60,38,22,3,Interaction SAMS-Fish Oil,0.05568265337824918,0.04039029548622386,1.3786146575045772,27.46341448232573
60,38,23,1,SAMS status,0.04709698632289447,0.0374597521182472,1.2572690330204515,20.462528405904557
60,38,23,2,Fish Oil,0.09154306023357052,0.0694951353040635,1.3172585366305178,24.084758444006702
60,38,23,3,Interaction SAMS-Fish Oil,0.0276025302993987,0.020190632451500306,1.367095873083839,26.852240600782373
60,38,24,1,SAMS status,0.05442427513426003,0.03211056413176465,1.6949024909974113,40.99955570827423
60,38,24,2,Fish Oil,0.08592136150652456,0.06810237891419607,1.2616499287753087,20.73871069998743
60,38,24,3,Interaction SAMS-Fish Oil,0.06437277402820842,0.040889319700332785,1.5743175601839252,36.48041378111977
60,38,25,1,SAMS status,0.08077585524935023,0.060408726083497816,1.3371554158864511,25.214377616900872
60,38,25,2,Fish Oil,0.024461581995402448,0.0288648268095506,0.8474529279804569,-18.000654311629315
60,38,25,3,Interaction SAMS-Fish Oil,0.03202294124246738,0.019472456995619444,1.6445249435996347,39.19216586577641
60,38,26,1,SAMS status,0.025272388838859062,0.021439533401767446,1.1787751330808178,15.166177845436524
60,38,26,2,Fish Oil,0.04949442693672027,0.04482351220409832,1.1042067991315254,9.437253892430808
60,38,26,3,Interaction SAMS-Fish Oil,0.0523488346340227,0.03754983437900752,1.3941162590929739,28.269970780585396
60,38,27,1,SAMS status,0.05166625545408158,0.030413416459918418,1.6987981446337046,41.134854475861204
60,38,27,2,Fish Oil,0.03349135374080362,0.029541419009636017,1.1337083614662922,11.793893915835563
60,38,27,3,Interaction SAMS-Fish Oil,0.09152323639024373,0.05904078707910199,1.5501696525085653,35.49093169371831
60,38,28,1,SAMS status,0.038220745141851635,0.027069611541844976,1.4119428748642706,29.175604919842847
60,38,28,2,Fish Oil,0.02888636326526709,0.02969619277122537,0.9727295174773051,-2.8035010794592363
60,38,28,3,Interaction SAMS-Fish Oil,0.04109898531298642,0.026896061194020757,1.528067065898969,34.55784616287798
60,38,29,1,SAMS status,0.09125337440429625,0.06521755756210358,1.3992148405343146,28.531346936105074
60,38,29,2,Fish Oil,0.02948113214567623,0.020001298004028438,1.4739609469214683,32.15559733189598
60,38,29,3,Interaction SAMS-Fish Oil,0.05472079506327475,0.03397204840924262,1.61075936322954,37.91748023770477
60,38,30,1,SAMS status,0.046426408142529664,0.0396108159341272,1.1720639185957895,14.680421081636364
60,38,30,2,Fish Oil,0.06232948192386243,0.06254448786266607,0.9965623519169947,-0.3449506271627323
60,38,30,3,Interaction SAMS-Fish Oil,0.029270542624271464,0.02076341196949527,1.409717375317434,29.06379551611723
60,38,31,1,SAMS status,0.057020810989455016,0.030718740342919715,1.8562223044603976,46.127142336504825
60,38,31,2,Fish Oil,0.028227052335804987,0.03131028490329168,0.9015265246863804,-10.922970386021236
60,38,31,3,Interaction SAMS-Fish Oil,0.06290753202517577,0.03464803818178864,1.815615986542078,44.92227390525764
60,38,32,1,SAMS status,0.10268710491883284,0.08088096190125378,1.2696078595628204,21.235522254537543
60,38,32,2,Fish Oil,0.04084287222950706,0.04866669776172891,0.8392365643848052,-19.155914129294516
60,38,32,3,Interaction SAMS-Fish Oil,0.03776496594709254,0.028960651006326922,1.3040095659052062,23.313445994099848
60,38,33,1,SAMS status,0.03399851108245405,0.027216044211757186,1.249208401409301,19.949305586494226
60,38,33,2,Fish Oil,0.054115854536206764,0.06148797039798483,0.8801047454638432,-13.622839230683637
60,38,33,3,Interaction SAMS-Fish Oil,0.032917000963838455,0.02013152829060239,1.6350969727024878,38.84154782898287
60,38,34,1,SAMS status,0.05748235247285362,0.03479909620751271,1.6518346376031416,39.46125252276899
60,38,34,2,Fish Oil,0.028992258525401986,0.02530653644940019,1.1456430864559954,12.712780112568655
60,38,34,3,Interaction SAMS-Fish Oil,0.06656219923502356,0.05031518936276062,1.3229046750699045,24.408763621070563
60,38,35,1,SAMS status,0.021673994249031114,0.018262704116549268,1.1867899797703347,15.73909309602377
60,38,35,2,Fish Oil,0.045578234618096174,0.04168333031156581,1.093440333999648,8.545535690809636
60,38,35,3,Interaction SAMS-Fish Oil,0.04890115949196324,0.038237727415174234,1.2788720145684531,21.806092508995633
60,38,36,1,SAMS status,0.05638812590724203,0.04702670911831087,1.1990659555908856,16.60175194389437
60,38,36,2,Fish Oil,0.06675617614936492,0.06291524983574853,1.0610492102255624,5.753664357620536
60,38,36,3,Interaction SAMS-Fish Oil,0.04490197023860013,0.025907206528819886,1.7331845557586438,42.3027399662996
60,38,37,1,SAMS status,0.10103112535572853,0.06886265992635572,1.4671394550221406,31.840153532991245
60,38,37,2,Fish Oil,0.05077337320105289,0.037545317794185115,1.3523223715772221,26.053134887231533
60,38,37,3,Interaction SAMS-Fish Oil,0.03887554891704563,0.022358336690692142,1.7387495972913614,42.487405802548665
60,38,38,1,SAMS status,0.058447041439622545,0.0331210232505836,1.7646508381528547,43.33156574777431
60,38,38,2,Fish Oil,0.026454161283936583,0.029784031870653958,0.8881994687227596,-12.58732246687908
60,38,38,3,Interaction SAMS-Fish Oil,0.04016587147082927,0.023149151786787232,1.7350904188962386,42.3661159609111
60,38,39,1,SAMS status,0.033874662605375985,0.031518022966137225,1.0747711759005545,6.9569390747666215
60,38,39,2,Fish Oil,0.023027178000443755,0.020552206658071365,1.1204236305886117,10.748044516460919
60,38,39,3,Interaction SAMS-Fish Oil,0.07354441994237704,0.06063764630132497,1.2128508348908333,17.549630075490008
60,38,40,1,SAMS status,0.031119463630204035,0.02366006167082148,1.3152739863134753,23.970213780106995
60,38,40,2,Fish Oil,0.05716437925513368,0.045657210070879674,1.2520339978371415,20.129964383756683
60,38,40,3,Interaction SAMS-Fish Oil,0.03759624593833136,0.024794141973222057,1.5163358336390793,34.051548620328816
60,38,41,1,SAMS status,0.04856700589829798,0.03260955464618525,1.48934894773178,32.856567863229046
60,38,41,2,Fish Oil,0.03194958716434632,0.026813033456479632,1.1915692872350254,16.077058152409407
60,38,41,3,Interaction SAMS-Fish Oil,0.038311317062763375,0.03458023721645292,1.1078963057123057,9.738845156897192
60,38,42,1,SAMS status,0.060445298172218866,0.05853466990352666,1.032640967683617,3.1609212403064024
60,38,42,2,Fish Oil,0.047829388799642,0.03945490872579725,1.2122544531035542,17.50906771760259
60,38,42,3,Interaction SAMS-Fish Oil,0.05150374895498243,0.03747450403230203,1.3743677277379727,27.239269387832053
60,38,43,1,SAMS status,0.032422783699150984,0.017155138924641645,1.8899750005859113,47.08924722866759
60,38,43,2,Fish Oil,0.09075175288007192,0.10673151124584895,0.8502807823177101,-17.60820905233007
60,38,43,3,Interaction SAMS-Fish Oil,0.10109453341326169,0.06899137241064854,1.4653213855716567,31.755585508644156
60,38,44,1,SAMS status,0.029457038010986404,0.017307506957086216,1.701980422947385,41.244917596157684
60,38,44,2,Fish Oil,0.015966849183447297,0.01838196376531531,0.8686149851723101,-15.125805687271976
60,38,44,3,Interaction SAMS-Fish Oil,0.027758904202491778,0.0161531226480414,1.7184853236942148,41.80922081718408
60,38,45,1,SAMS status,0.035616379787586055,0.023056587246575288,1.5447377101689816,35.264090892776345
60,38,45,2,Fish Oil,0.038707731332970494,0.047025654541665,0.8231194591597917,-21.489048627371908
60,38,45,3,Interaction SAMS-Fish Oil,0.040108743728216815,0.02293236312931239,1.7490017710799892,42.82452902363209
60,38,46,1,SAMS status,0.0772735787081679,0.057082945872414845,1.353706917664705,26.128766356227885
60,38,46,2,Fish Oil,0.06212437860609708,0.04630334206131673,1.3416823892286114,25.466711941047294
60,38,46,3,Interaction SAMS-Fish Oil,0.05216966212660827,0.03243097123107337,1.6086370573022646,37.835573570769796
60,38,47,1,SAMS status,0.13333093077030989,0.10814545200740877,1.2328852327620372,18.88944944537162
60,38,47,2,Fish Oil,0.025387248063067684,0.020705490015533026,1.2261119173717916,18.441376693937485
60,38,47,3,Interaction SAMS-Fish Oil,0.06416058702567351,0.04048425718080163,1.5848280663551269,36.90167272845854
60,38,48,1,SAMS status,0.05299931634078858,0.04485073978964753,1.181682099099331,15.374871062006246
60,38,48,2,Fish Oil,0.04257923012138939,0.0349132585418224,1.2195719305427752,18.004016412960077
60,38,48,3,Interaction SAMS-Fish Oil,0.08679568410471841,0.061650416976342694,1.4078685653987513,28.97064224764693
60,38,49,1,SAMS status,0.04009203480190564,0.0244243194899631,1.6414801165035942,39.07937172397602
60,38,49,2,Fish Oil,0.06301793001687138,0.04864252495360848,1.2955316377382353,22.811611011999698
60,38,49,3,Interaction SAMS-Fish Oil,0.07453799573097372,0.03770304623092032,1.9769754219446865,49.41768173241463
60,38,50,1,SAMS status,0.08815329141224355,0.0692387879277093,1.2731778537816474,21.456378067702232
60,38,50,2,Fish Oil,0.05093418144559254,0.057920000055441144,0.8793884909675109,-13.715384073288384
60,38,50,3,Interaction SAMS-Fish Oil,0.05782344969919476,0.03457637154858897,1.6723400145656546,40.203547646396345
60,38,51,1,SAMS status,0.0559008549065944,0.040417253174704654,1.3830938650125841,27.698327257716414
60,38,51,2,Fish Oil,0.024441265416460363,0.018396072337697435,1.328613247860254,24.733551948957988
60,38,51,3,Interaction SAMS-Fish Oil,0.03225702201428385,0.024403094237362997,1.3218414722546081,24.347962975140803
60,38,52,1,SAMS status,0.08099099371479519,0.05648232301363029,1.4339175408074218,30.26098282911638
60,38,52,2,Fish Oil,0.050681816421389234,0.04375934166001422,1.1581942163380519,13.6586950708687
60,38,52,3,Interaction SAMS-Fish Oil,0.04793659918671997,0.03564067475185931,1.3449969598069746,25.65038956344454
60,38,53,1,SAMS status,0.05126376544843703,0.032472355856853784,1.578689445090478,36.65631938505246
60,38,53,2,Fish Oil,0.05305787147395834,0.05310975647767345,0.9990230607866386,-0.09778945569005604
60,38,53,3,Interaction SAMS-Fish Oil,0.03400129783578326,0.027986398270250942,1.214922245708411,17.690205810915216
60,38,54,1,SAMS status,0.05470832274101496,0.04638569743704117,1.179422230640598,15.212722465231598
60,38,54,2,Fish Oil,0.08029407554217731,0.08414462034310975,0.9542389663744232,-4.795552816234627
60,38,54,3,Interaction SAMS-Fish Oil,0.043248863354288104,0.034459503228449366,1.255063460072818,20.322754042892733
60,38,55,1,SAMS status,0.0295510676693995,0.03493100507718211,0.8459838932233608,-18.205560177961356
60,38,55,2,Fish Oil,0.06352747359507452,0.06136880472355894,1.035175344888001,3.3980083723696874
60,38,55,3,Interaction SAMS-Fish Oil,0.033421944295778244,0.023495596609685424,1.4224769368912706,29.700090450293416
60,38,56,1,SAMS status,0.06503451052524914,0.04925721899464722,1.3203041473436907,24.25987587694154
60,38,56,2,Fish Oil,0.13044682857950643,0.10724228254784625,1.2163749733814875,17.788509145331332
60,38,56,3,Interaction SAMS-Fish Oil,0.03185426122176487,0.027056146628362296,1.1773391702561529,15.062708753465603
60,38,57,1,SAMS status,0.04594205445907841,0.04543560462755263,1.0111465410370848,1.102366529944554
60,38,57,2,Fish Oil,0.04107119824656819,0.03228621586665547,1.272096996941214,21.389642267490395
60,38,57,3,Interaction SAMS-Fish Oil,0.04426676271337358,0.04642728582672277,0.9534643674538124,-4.880689214475753
60,38,58,1,SAMS status,0.025844542005762618,0.02721324637297404,0.9497044803676673,-5.295912641463096
60,38,58,2,Fish Oil,0.08947259161658692,0.06858236314068843,1.3046005929111064,23.34818752698983
60,38,58,3,Interaction SAMS-Fish Oil,0.04466714281413126,0.03555373012855926,1.2563278916900893,20.402945233131874
60,38,59,1,SAMS status,0.09498380676975199,0.06826747610433927,1.3913478597711708,28.12724776358474
60,38,59,2,Fish Oil,0.03294579936614378,0.023553378229310175,1.3987717195126403,28.50870617055228
60,38,59,3,Interaction SAMS-Fish Oil,0.04042899428225323,0.03178421373862066,1.271983463700673,21.382625754376715
60,38,60,1,SAMS status,0.21497899466719508,0.17129007278106534,1.2550581080199015,20.322414268316646
60,38,60,2,Fish Oil,0.10080110437740765,0.07945868582326783,1.2685976785673208,21.172802308030324
60,38,60,3,Interaction SAMS-Fish Oil,0.038417072796297316,0.031187559893720174,1.2318075837678104,18.818489739993748
60,38,61,1,SAMS status,0.020763257595589293,0.020976924305014195,0.9898142022005663,-1.0290615932554426
60,38,61,2,Fish Oil,0.056079195713866735,0.04289322281240778,1.3074138998397815,23.513127700222082
60,38,61,3,Interaction SAMS-Fish Oil,0.0355822748045104,0.027965169024287067,1.2723783208178738,21.40702308121625
60,38,62,1,SAMS status,0.04004167639785367,0.026248296018207058,1.5254962215482053,34.4475596940441
60,38,62,2,Fish Oil,0.10266936387781007,0.08739314322017998,1.1747988468516677,14.879044810105956
60,38,62,3,Interaction SAMS-Fish Oil,0.038038977955031174,0.030216938898563393,1.258862722088625,20.56322087758199
60,38,63,1,SAMS status,0.07142431825681107,0.05921700857974925,1.2061453283412973,17.091251236266057
60,38,63,2,Fish Oil,0.03707430720122239,0.032361188990798366,1.14564107059738,12.71262652284605
60,38,63,3,Interaction SAMS-Fish Oil,0.03622268072660983,0.03192942256724405,1.1344608769646267,11.852403171838887
60,38,64,1,SAMS status,0.033956882366597725,0.015552882497880496,2.183317617890142,54.198143604669205
60,38,64,2,Fish Oil,0.03961556287604616,0.028341903304448243,1.397773552837876,28.45765338958397
60,38,64,3,Interaction SAMS-Fish Oil,0.05501619280448781,0.045248306080593145,1.2158729811121942,17.754566839270403
60,38,65,1,SAMS status,0.02835474254399739,0.026090239074437787,1.086795044809623,7.986330561971522
60,38,65,2,Fish Oil,0.03012035832270744,0.02759430139195508,1.0915427027802491,8.386543425839621
60,38,65,3,Interaction SAMS-Fish Oil,0.08753649017927154,0.05945606229971785,1.4722887253784203,32.078539843265354
60,38,66,1,SAMS status,0.039273343412748116,0.03881460078326271,1.0118188161214638,1.1680763327537314
60,38,66,2,Fish Oil,0.060890195037779205,0.054194065542655566,1.1235583532638493,10.997057064719595
60,38,66,3,Interaction SAMS-Fish Oil,0.033561600661084115,0.020343553366855102,1.6497413237436005,39.3844364805753
60,38,67,1,SAMS status,0.09025929592745588,0.06299263092787233,1.4328548371126832,30.20925957753824
60,38,67,2,Fish Oil,0.02650768302560915,0.022150885199949896,1.1966873010415453,16.43598130191213
60,38,67,3,Interaction SAMS-Fish Oil,0.03660600170696144,0.0211198056461501,1.7332546672196434,42.30507386406611
60,38,68,1,SAMS status,0.027109487125557514,0.02610314355094272,1.0385525817092036,3.7121453827359985
60,38,68,2,Fish Oil,0.037798049410671185,0.03678277407362205,1.0276019240695937,2.686052198139355
60,38,68,3,Interaction SAMS-Fish Oil,0.06814547098361484,0.05471692794941584,1.2454184388168372,19.705701406668407
60,38,69,1,SAMS status,0.04132675268721576,0.01899875301890981,2.175235008638855,54.02795578277557
60,38,69,2,Fish Oil,0.027274965948795193,0.03046724986509851,0.895222446054765,-11.704080299481824
60,38,69,3,Interaction SAMS-Fish Oil,0.03396306996779722,0.02505894439315717,1.3553272410417854,26.21708103267073
60,38,70,1,SAMS status,0.03412631553650417,0.033232491819348925,1.0268960787537105,2.619162669931785
60,38,70,2,Fish Oil,0.019627040873928015,0.014539599165447507,1.3499024732793536,25.92057427892004
60,38,70,3,Interaction SAMS-Fish Oil,0.04000516473411622,0.025686007484541626,1.5574691690871836,35.79327155566813
60,38,71,1,SAMS status,0.04031851414185709,0.024009597402312306,1.6792665643770484,40.45019288697822
60,38,71,2,Fish Oil,0.03893269418144858,0.04265343409438403,0.9127681043289,-9.556851872605264
60,38,71,3,Interaction SAMS-Fish Oil,0.019742944702693423,0.018149904575003723,1.0877712673973865,8.068908421104826
60,38,72,1,SAMS status,0.039089105237713556,0.026632548848446534,1.4677192731402278,31.86707987689832
60,38,72,2,Fish Oil,0.03784827641657335,0.0370295325832114,1.0221105635487595,2.163226204412927
60,38,72,3,Interaction SAMS-Fish Oil,0.03583867539271208,0.023502816869683814,1.5248672357627155,34.42052025599362
60,38,73,1,SAMS status,0.05324828600505391,0.04079933954697328,1.3051261759702715,23.37905572566048
60,38,73,2,Fish Oil,0.05900313315383013,0.04409430123251772,1.3381124432088236,25.267864813963048
60,38,73,3,Interaction SAMS-Fish Oil,0.0484828984653746,0.04110553024268075,1.1794738610386242,15.21643395137071
60,38,74,1,SAMS status,0.04488493069521871,0.03960818166491131,1.1332237130941571,11.756170609102657
60,38,74,2,Fish Oil,0.035099519569687605,0.0368999456034006,0.9512078946385474,-5.129489109212382
60,38,74,3,Interaction SAMS-Fish Oil,0.04260603027301584,0.03498673012779113,1.217776857608435,17.883149630230456
60,38,75,1,SAMS status,0.05899438564607412,0.04492505623980796,1.3131733287358551,23.848590424642257
60,38,75,2,Fish Oil,0.06975249828804235,0.06946831667929838,1.0040908089086986,0.40741423707928437
60,38,75,3,Interaction SAMS-Fish Oil,0.031975374008377425,0.02441046227442169,1.3099044847619525,23.65855589984266
60,38,76,1,SAMS status,0.02605135272625173,0.019205996909428764,1.3564176256564109,26.27639297181277
60,38,76,2,Fish Oil,0.0361172437449881,0.024445692179404073,1.477448193322892,32.315731643292025
60,38,76,3,Interaction SAMS-Fish Oil,0.027862399692436243,0.016792516839713282,1.659215230116272,39.73054358174355
60,38,77,1,SAMS status,0.03268877037169921,0.032385492832824284,1.0093646108904522,0.927772857242426
60,38,77,2,Fish Oil,0.050375800178271,0.04013616635654751,1.2551223684584185,20.32649364474063
60,38,77,3,Interaction SAMS-Fish Oil,0.12969134625128598,0.07990382834980299,1.6230930223208229,38.38923670744864
60,38,78,1,SAMS status,0.03978620645502545,0.03524220139289562,1.1289364705533362,11.421056358480419
60,38,78,2,Fish Oil,0.04692989449680716,0.04335080598401329,1.082561060435964,7.626457615491489
60,38,78,3,Interaction SAMS-Fish Oil,0.06864237149245346,0.04434283521809732,1.5479923905370612,35.4001992443219
60,38,79,1,SAMS status,0.04865971930315025,0.03300599215437655,1.4742692501276027,32.169785138403526
60,38,79,2,Fish Oil,0.05808839631012723,0.045361128147497626,1.2805765350730527,21.910173065684567
60,38,79,3,Interaction SAMS-Fish Oil,0.020741508194856158,0.013927076738378678,1.489293739417622,32.854078847397616
60,38,80,1,SAMS status,0.039676080972877906,0.035524148335344174,1.1168763455872306,10.464573455155367
60,38,80,2,Fish Oil,0.02340087472260069,0.02491384365934033,0.9392719582964703,-6.465437530326201
60,38,80,3,Interaction SAMS-Fish Oil,0.04697423423571386,0.03517968891095472,1.335265765271915,25.10854198404774
60,38,81,1,SAMS status,0.03274458787800234,0.027002652848466577,1.2126433673668415,17.535523888493255
60,38,81,2,Fish Oil,0.029812653110934957,0.02564317461504582,1.1625960341682011,13.985600276413567
60,38,81,3,Interaction SAMS-Fish Oil,0.05206332064765215,0.036517678009709495,1.4257018377184143,29.85910703458694
60,38,82,1,SAMS status,0.04234022128385613,0.04093816172359787,1.0342482295547255,3.311412925451218
60,38,82,2,Fish Oil,0.06604627422675623,0.05611243756970757,1.177034488026082,15.040722241110661
60,38,82,3,Interaction SAMS-Fish Oil,0.03583181809972969,0.02453444172552744,1.4604700812265734,31.528895192419714
60,38,83,1,SAMS status,0.052327846221261624,0.04330539965062713,1.208344609296403,17.242151592641953
60,38,83,2,Fish Oil,0.04485139576173354,0.03295530423004613,1.3609765350259293,26.523347444711977
60,38,83,3,Interaction SAMS-Fish Oil,0.05367792252493245,0.037833909820816095,1.418778095606683,29.51681428571884
60,38,84,1,SAMS status,0.03664941092480897,0.03421572503035339,1.0711277020228744,6.640450236563433
60,38,84,2,Fish Oil,0.02151904018803581,0.02501407450440268,0.860277288462073,-16.24159017236302
60,38,84,3,Interaction SAMS-Fish Oil,0.04796038199507412,0.039376422703121985,1.2179974386365866,17.898021105907304
60,38,85,1,SAMS status,0.08928302800772954,0.07682634083379393,1.1621408365769288,13.951909396326911
60,38,85,2,Fish Oil,0.04246678028130482,0.039152960678771234,1.0846377782186558,7.803321986226564
60,38,85,3,Interaction SAMS-Fish Oil,0.03578648337220802,0.024725725399380342,1.4473380575966794,30.90764146280304
60,38,86,1,SAMS status,0.04964802558618292,0.03801441256201861,1.3060316401097782,23.432176580657327
60,38,86,2,Fish Oil,0.05992296958339771,0.055589745376396923,1.0779500639490363,7.23132421027638
60,38,86,3,Interaction SAMS-Fish Oil,0.054335201211027716,0.03843075916711493,1.413846678769806,29.270972940990724
60,38,87,1,SAMS status,0.06444229968555507,0.05381963925566699,1.1973751696741362,16.48398719741713
60,38,87,2,Fish Oil,0.03912361843268992,0.03603213588719149,1.0857979264725568,7.901831858464625
60,38,87,3,Interaction SAMS-Fish Oil,0.04582596543535572,0.031032984267542772,1.4766857431524834,32.28078454491183
60,38,88,1,SAMS status,0.060557526334606544,0.044292330196323254,1.3672237623576977,26.859082797423127
60,38,88,2,Fish Oil,0.042133795085271555,0.030760751797612146,1.369725790919787,26.992686665519507
60,38,88,3,Interaction SAMS-Fish Oil,0.02492230932242169,0.014538737715183178,1.7142003529229832,41.66376186454276
60,38,89,1,SAMS status,0.04012950482948558,0.02932259689006808,1.3685522117953315,26.930080461588478
60,38,89,2,Fish Oil,0.03927593384660034,0.047741183797554876,0.8226845403153138,-21.553274796767894
60,38,89,3,Interaction SAMS-Fish Oil,0.03186183016948658,0.031152456980856277,1.0227710189622032,2.2264043994235316
60,38,90,1,SAMS status,0.038806042927873055,0.020629873076812417,1.881060672713993,46.83850369604502
60,38,90,2,Fish Oil,0.025590296883694928,0.026437026380514407,0.9679718329651641,-3.308791221406193
60,38,90,3,Interaction SAMS-Fish Oil,0.04209821267784679,0.02720321743133593,1.547545351358072,35.38153831017392
60,38,91,1,SAMS status,0.08670890750248643,0.05961418954100571,1.45450115434084,31.24790605936738
60,38,91,2,Fish Oil,0.03363141112423075,0.02380436644765301,1.4128252981732534,29.219840464849113
60,38,91,3,Interaction SAMS-Fish Oil,0.030965000640464823,0.02249898675862085,1.3762842288264419,27.340590042748623
60,38,92,1,SAMS status,0.024892548661784763,0.02584765168470404,0.9630487506342992,-3.8369033074767467
60,38,92,2,Fish Oil,0.022405584858325594,0.024044469101990845,0.9318394497830874,-7.314623804860276
60,38,92,3,Interaction SAMS-Fish Oil,0.07811162699829412,0.05669006132993062,1.3778716262748787,27.424298393927103
60,38,93,1,SAMS status,0.09176893608020843,0.06728890183676199,1.3638049303112902,26.675730687397593
60,38,93,2,Fish Oil,0.036051046365623445,0.0333586168989514,1.0807116636408471,7.4683809156768755
60,38,93,3,Interaction SAMS-Fish Oil,0.04876370577022324,0.02453259886175331,1.9877105578996193,49.69086439543374
60,38,94,1,SAMS status,0.06834760156703973,0.04097674351180661,1.6679607921343669,40.0465523700726
60,38,94,2,Fish Oil,0.026876148242841222,0.026138867490764082,1.028206300534545,2.7432530339369765
60,38,94,3,Interaction SAMS-Fish Oil,0.05054347360808333,0.0351351951835997,1.4385425595038637,30.485198828953088
60,38,95,1,SAMS status,0.044602825895602806,0.022122800791630964,2.016147336664353,50.400450313593346
60,38,95,2,Fish Oil,0.029763970303109722,0.02358944900123665,1.2617492804325094,20.74495182931949
60,38,95,3,Interaction SAMS-Fish Oil,0.0537694811604717,0.02215772328525765,2.426669945654864,58.79126447374618
60,38,96,1,SAMS status,0.04257253758837156,0.03587983939516433,1.186530884921108,15.720693602805824
60,38,96,2,Fish Oil,0.035735308145174303,0.02656140226158104,1.3453848480305044,25.671825317202725
60,38,96,3,Interaction SAMS-Fish Oil,0.027043316993942853,0.016557806645928,1.633266867540908,38.773018673572444
60,38,97,1,SAMS status,0.061095717243832594,0.035536155325913026,1.719255127165698,41.83527597509254
60,38,97,2,Fish Oil,0.03299743962264715,0.03071181395399383,1.0744217085997323,6.9266758111881765
60,38,97,3,Interaction SAMS-Fish Oil,0.04070962663899583,0.02876856432624514,1.415073278504101,29.332281572222342
60,38,98,1,SAMS status,0.03687476964835979,0.02338026962962695,1.577174696122106,36.595482893635065
60,38,98,2,Fish Oil,0.02746400296325769,0.023264557628505718,1.180508282246745,15.290725610429545
60,38,98,3,Interaction SAMS-Fish Oil,0.05945271020660264,0.03800315847466304,1.5644149747774294,36.07834135298591
60,38,99,1,SAMS status,0.024748835769322155,0.015740383795471064,1.5723146329153084,36.39949797160832
60,38,99,2,Fish Oil,0.029042192530646736,0.031772585281399604,0.9140645079218246,-9.401469079414792
60,38,99,3,Interaction SAMS-Fish Oil,0.03058484435001618,0.02297581680914368,1.3311754965701301,24.87842492769945
60,38,100,1,SAMS status,0.03954699384657667,0.02956212617883675,1.3377587798433794,25.24810787509263
60,38,100,2,Fish Oil,0.0449072320751041,0.04563528262849777,0.984046323119756,-1.621232304355913
60,38,100,3,Interaction SAMS-Fish Oil,0.03260022461302244,0.02497006427539449,1.305572314651457,23.40523854728296
