n_train,n_test,repetition,covariate_index,covariate,mse_mlm,mse_bayes,ratio_mlm_bayes,percent_reduction
10,34,1,1,Status: Diseased,0.16030806016108318,0.03535581453923174,4.534135678961692,77.9450799269201
10,34,1,2,Sex: Male,0.14591081072493445,0.09827823609768346,1.4846706302289214,32.6449934659373
10,34,1,3,Age,0.04713699952526972,0.019470665053617157,2.42092395896425,58.69345683918827
10,34,1,4,Weight,2.321171019215696,0.54606501950624,4.250722782635908,76.47458911964398
10,34,1,5,Length,0.00932633547142253,0.002766389692563611,3.371302133062758,70.3378706348244
10,34,2,1,Status: Diseased,0.25781155155667285,0.08919945024210707,2.890281844304143,65.40129807857001
10,34,2,2,Sex: Male,1.4619131934311778,0.5893632583777879,2.4804959804502715,59.68548194065304
10,34,2,3,Age,0.1735750307968937,0.04116050963550329,4.217028222779228,76.28661827307025
10,34,2,4,Weight,12.3174607485245,5.004661834428234,2.4611974107400862,59.36937054962617
10,34,2,5,Length,0.007783176480674645,0.0031896912199264006,2.4401034282102816,59.01813060713332
10,34,3,1,Status: Diseased,0.8847555753696722,0.6099627647838619,1.4505075169353692,31.058613049258852
10,34,3,2,Sex: Male,1.1947486878403797,0.7594174621058725,1.5732436340446125,36.437054098917585
10,34,3,3,Age,0.03777015311954116,0.017400045384216557,2.170692793353411,53.93175842007829
10,34,3,4,Weight,4.922348167781518,0.9012396305699449,5.461752902131722,81.69085973095378
10,34,3,5,Length,0.009530777930895807,0.0026457456828381473,3.602303121089076,72.23998185644987
10,34,4,1,Status: Diseased,0.0870792745629912,0.05447287416252543,1.5985805027137217,37.4445016499064
10,34,4,2,Sex: Male,0.22251320760939505,0.1590389451042587,1.3991114406821896,28.526065120844677
10,34,4,3,Age,0.049956943645048206,0.029047320054932387,1.7198469101649623,41.855289904606494
10,34,4,4,Weight,1.7831043732067309,0.6422748802131486,2.7762324639179115,63.97996158474544
10,34,4,5,Length,0.008579225462004564,0.0036664785962608817,2.339908780799582,57.26329127846237
10,34,5,1,Status: Diseased,0.1405372472034067,0.06737167691934008,2.0859989483661394,52.061337289587286
10,34,5,2,Sex: Male,0.083384531708322,0.046245532389253816,1.8030829660790815,44.53943502252902
10,34,5,3,Age,0.028914900048997542,0.01699049331265681,1.701828164545277,41.239660922688
10,34,5,4,Weight,0.9007065335542908,0.3702851022782121,2.432467652661729,58.88948414562678
10,34,5,5,Length,0.003398272777072165,0.0016812760286994168,2.021246195784379,50.52557169504366
10,34,6,1,Status: Diseased,0.23912898381262648,0.06471109420149895,3.695332102838826,72.9388327714367
10,34,6,2,Sex: Male,0.4454194772184074,0.3160763649433226,1.4092147551060266,29.038494922318492
10,34,6,3,Age,0.07672407470899303,0.03245791094583163,2.3638019969010435,57.695272221996376
10,34,6,4,Weight,2.8670874273666467,1.2996018919443793,2.206127464986295,54.671703431868025
10,34,6,5,Length,0.004388070053931487,0.001385008513714485,3.168262151806579,68.43695527436742
10,34,7,1,Status: Diseased,0.18691470043412203,0.09394107446018611,1.9897015390572288,49.74120588589255
10,34,7,2,Sex: Male,0.298489762994143,0.12966634130334703,2.301983382841374,56.55919988589646
10,34,7,3,Age,0.020282012779067674,0.011427071662664628,1.7749090386240038,43.659084593132235
10,34,7,4,Weight,8.429960024846858,2.544899567005835,3.31249222332377,69.8112498813176
10,34,7,5,Length,0.015001484937840258,0.005713061806530834,2.625822272864517,61.91669137953129
10,34,8,1,Status: Diseased,0.2757079210564011,0.15382228527368105,1.7923795668869484,44.208245927684494
10,34,8,2,Sex: Male,0.18437398465537505,0.13639066303287922,1.3518079651165613,26.02499572387311
10,34,8,3,Age,0.031874220413504004,0.01927332057700441,1.6538001475227946,39.5332016690235
10,34,8,4,Weight,2.3561535809930856,1.231676881892121,1.912964037592007,47.72510197009371
10,34,8,5,Length,0.006304929927973514,0.003740367831245578,1.6856443570347766,40.67550513685438
10,34,9,1,Status: Diseased,0.1332559827988963,0.08283891509553089,1.6086157411069884,37.83474981341175
10,34,9,2,Sex: Male,0.18054634127446198,0.12004294858447771,1.504014549820944,33.51128151525848
10,34,9,3,Age,0.05108822157236111,0.03386527024320748,1.508572682440298,33.71217630811268
10,34,9,4,Weight,3.792490023850667,1.6055000162844488,2.362186225713962,57.666335146893275
10,34,9,5,Length,0.007927318126121461,0.0037813182253543633,2.0964430004773162,52.30015794503733
10,34,10,1,Status: Diseased,0.526783279124236,0.30460066874088637,1.7294225954978217,42.17723287510617
10,34,10,2,Sex: Male,0.12398289304040506,0.12038411764351964,1.0298941045324774,2.9026386694433803
10,34,10,3,Age,0.034754570895208795,0.0258301162935892,1.3455057848049474,25.678506083497364
10,34,10,4,Weight,2.3004011992768962,1.1793124315860817,1.9506291442913386,48.734488924941246
10,34,10,5,Length,0.006980362031049657,0.004158799432469312,1.6784560410755434,40.42143639584348
10,34,11,1,Status: Diseased,0.24764401402490083,0.15354501017441347,1.6128431249156145,37.99768963566614
10,34,11,2,Sex: Male,0.8528326303098848,0.3581441666377561,2.3812551194571876,58.00533962829013
10,34,11,3,Age,0.23060264702706212,0.10320770334874389,2.2343549904200897,55.24435444289064
10,34,11,4,Weight,17.40258458141441,11.341547655586359,1.534410039078101,34.82837217352823
10,34,11,5,Length,0.01036323960865412,0.007082800957507004,1.4631555610312903,31.654567249489162
10,34,12,1,Status: Diseased,0.17464833411744637,0.10226201668715841,1.7078514562423832,41.446898303427325
10,34,12,2,Sex: Male,0.6339357077575116,0.24570103445123131,2.5801100478611954,61.24196327094813
10,34,12,3,Age,0.09716113475607446,0.05222717123688345,1.8603560647653479,46.246849248929514
10,34,12,4,Weight,2.340646204419475,1.185945082682609,1.9736547995333231,49.33257830921329
10,34,12,5,Length,0.00423837225494638,0.0020614202602725405,2.056044726360662,51.3629257584261
10,34,13,1,Status: Diseased,0.26782355974019123,0.12351261147105415,2.1683903898587484,53.88284302140164
10,34,13,2,Sex: Male,0.1676370374274409,0.1138715336270222,1.472159301696275,32.072568583592556
10,34,13,3,Age,0.0478538559089119,0.02794578849739133,1.7123816675768135,41.60180414597073
10,34,13,4,Weight,16.759055580467614,9.363143035372564,1.7898963539437975,44.13084323030026
10,34,13,5,Length,0.03059469558992683,0.017286078188136926,1.7699038068058335,43.49975427169051
10,34,14,1,Status: Diseased,0.12116425305376498,0.04032730483060252,3.004521466602426,66.71682958115721
10,34,14,2,Sex: Male,0.07631584926746354,0.052123337027467256,1.4641397427652731,31.70050844249794
10,34,14,3,Age,0.017356104271285422,0.010667418346101744,1.6270201194113627,38.53794504017636
10,34,14,4,Weight,5.583092468845247,2.900863353482893,1.9246313212726693,48.04199698159613
10,34,14,5,Length,0.008749868535928696,0.004936123085245416,1.7726196014201836,43.58631715463249
10,34,15,1,Status: Diseased,0.43932670816790925,0.3466064985639903,1.2675085723668307,21.105070072016108
10,34,15,2,Sex: Male,0.36939281656091033,0.26244597583880314,1.407500402245813,28.952062933382027
10,34,15,3,Age,0.05498586490234838,0.03269693358057171,1.6816826191622016,40.53574743501894
10,34,15,4,Weight,4.453540958573534,2.6188571490380093,1.700566585011887,41.19606907406039
10,34,15,5,Length,0.010696531328804862,0.004589933275178209,2.3304328598087425,57.08951683413572
10,34,16,1,Status: Diseased,0.16942057796929966,0.05930098842177366,2.856960439922333,64.99776524636844
10,34,16,2,Sex: Male,0.17610900527574186,0.10498377602956602,1.6774878170332264,40.38704842765527
10,34,16,3,Age,0.055189285358727,0.037743783728709526,1.4622086051417171,31.610305363845125
10,34,16,4,Weight,4.406167997276914,1.5745061574724748,2.7984444369211317,64.26586189075074
10,34,16,5,Length,0.01355441757570532,0.007468865715530043,1.8147892989321743,44.89718445064659
10,34,17,1,Status: Diseased,0.35762590722827015,0.23302449089055452,1.5347138228326294,34.841272351721265
10,34,17,2,Sex: Male,0.1312253453124701,0.10628485169478966,1.2346570863108528,19.00585101017859
10,34,17,3,Age,0.023612043519672367,0.019750137198102532,1.1955382022328869,16.355663237501183
10,34,17,4,Weight,5.770967646201612,1.253178146936285,4.605065656714666,78.2847830075583
10,34,17,5,Length,0.007395426599699388,0.002078933418758119,3.557317676925485,71.88893175083876
10,34,18,1,Status: Diseased,0.10587651588131412,0.035412985409024426,2.9897653264311685,66.55255878582007
10,34,18,2,Sex: Male,0.2992901627626258,0.08632770741037644,3.4669073434313358,71.15584868760119
10,34,18,3,Age,0.07402753526922219,0.02723636974888215,2.71796630577981,63.20778525202907
10,34,18,4,Weight,3.7051862597860437,0.3938032957747034,9.408723338632994,89.37156547165206
10,34,18,5,Length,0.01660688686473801,0.0031785349730857723,5.224698486993768,80.86013953744174
10,34,19,1,Status: Diseased,2.4938995193310904,1.2249253799001154,2.0359603615482698,50.883130198097845
10,34,19,2,Sex: Male,1.6379826628744794,0.589562708884852,2.778300998671874,64.00677966577288
10,34,19,3,Age,0.49310054804523396,0.17750943819583562,2.777883548373498,64.00137073472649
10,34,19,4,Weight,3.2455526880319776,1.3413813295857582,2.4195600583126207,58.670172432198655
10,34,19,5,Length,0.03013626877755695,0.014533256113650805,2.0736074931790776,51.77486562479163
10,34,20,1,Status: Diseased,0.10215038820008032,0.0331838355443863,3.0783176966823254,67.51472399753425
10,34,20,2,Sex: Male,0.11142948982153959,0.0642843518464522,1.7333843559268816,42.309390494915576
10,34,20,3,Age,0.03415547482805098,0.02245598895410957,1.5209962428219106,34.253618000745625
10,34,20,4,Weight,1.8747429212509317,0.747061710391288,2.509488701099403,60.15124516950797
10,34,20,5,Length,0.005425403363944807,0.003085923596252088,1.7581133150976456,43.12084486178526
10,34,21,1,Status: Diseased,0.31402080738035854,0.16699907569941394,1.8803745234229494,46.819105048304685
10,34,21,2,Sex: Male,0.14479342170283072,0.15812402616751092,0.9156952628403336,-9.206636812575297
10,34,21,3,Age,0.02915768578298899,0.020003642126562117,1.4576188475333474,31.394959547055244
10,34,21,4,Weight,2.5256624677538713,0.6463506082569047,3.907573436907786,74.40867033860947
10,34,21,5,Length,0.006150756401421162,0.003050432021646131,2.0163558334605916,50.405579044858385
10,34,22,1,Status: Diseased,0.1031988799127306,0.039026095780758954,2.6443557278309857,62.183605273854624
10,34,22,2,Sex: Male,0.7277100322102309,0.5874398635753504,1.2387821755594701,19.275557904409556
10,34,22,3,Age,0.05100106965787117,0.0350249960641573,1.4561334871943905,31.324977497306715
10,34,22,4,Weight,9.114895827238165,6.308090232351478,1.4449533046454837,30.79361133781774
10,34,22,5,Length,0.012019250609085382,0.0071667950947374905,1.6770746826445482,40.37236323768728
10,34,23,1,Status: Diseased,0.23824249496996044,0.08567964045290064,2.7806196864344437,64.03679349324149
10,34,23,2,Sex: Male,0.14616941817823317,0.10016457459665844,1.4592925569426767,31.473644866998285
10,34,23,3,Age,0.043075478681385886,0.01724882891042677,2.497298738660868,59.956733068458114
10,34,23,4,Weight,2.4371865013962855,0.8559042589327134,2.8474989766207996,64.8814623566002
10,34,23,5,Length,0.008145713344345964,0.0016159015825146959,5.040971203004489,80.16255281514034
10,34,24,1,Status: Diseased,0.48438453546126753,0.2122423333346638,2.2822239458585756,56.183090541371094
10,34,24,2,Sex: Male,0.39576427700362177,0.18965125117763657,2.086800242793704,52.0797448891778
10,34,24,3,Age,0.019007172177023676,0.013526151043580285,1.4052166145257388,28.836594325530342
10,34,24,4,Weight,5.495446624453813,2.0422667946712005,2.690856375275183,62.83710980680885
10,34,24,5,Length,0.008159381425362053,0.0047667183865049015,1.711739768068143,41.579904921611266
10,34,25,1,Status: Diseased,0.38813042017887045,0.2780682270592466,1.395810029371581,28.357012848645446
10,34,25,2,Sex: Male,0.3740770119350816,0.2651579807034412,1.4107703299847418,29.11674007130449
10,34,25,3,Age,0.06904583145296808,0.04929361964757333,1.4007052423135886,28.607392205638593
10,34,25,4,Weight,3.8607016945490646,2.437033964341157,1.5841805042683477,36.87588015976443
10,34,25,5,Length,0.017102005412352173,0.012085532724996798,1.4150808078968404,29.33265758255552
10,34,26,1,Status: Diseased,0.48273782395590636,0.21484173555909522,2.2469462122880803,55.4951518406979
10,34,26,2,Sex: Male,0.2591652683803641,0.21103878084926636,1.228045704857781,18.569805989768984
10,34,26,3,Age,0.023704688174249318,0.015200739377040286,1.5594431024884017,35.87454403406568
10,34,26,4,Weight,3.0404771382372537,0.7580355987702703,4.010995186993452,75.06853153943631
10,34,26,5,Length,0.00697911749046815,0.002454530577898509,2.843361395987761,64.83035883475488
10,34,27,1,Status: Diseased,0.9561785369998627,0.6110537371669944,1.5648026987494708,36.09417974552569
10,34,27,2,Sex: Male,0.29573476222162226,0.1803683843638601,1.639615297684497,39.010083559709194
10,34,27,3,Age,0.0785722751727341,0.05621426047278299,1.397728521409191,28.455348468399343
10,34,27,4,Weight,7.406507080513979,4.210002375955566,1.7592643469311313,43.1580591203133
10,34,27,5,Length,0.02253727291555945,0.016277455430942014,1.3845697818786882,27.775399038167293
10,34,28,1,Status: Diseased,5.5378933118858304,3.944444574629107,1.4039729059715726,28.773554265423417
10,34,28,2,Sex: Male,0.2913019058233613,0.19467002161330443,1.496388110553601,33.17241743988184
10,34,28,3,Age,0.3507189278786665,0.24610311247202146,1.4250893633803123,29.828961909588624
10,34,28,4,Weight,11.005836330996267,6.787264478407191,1.6215422820209704,38.33031607700824
10,34,28,5,Length,0.0489740373259537,0.03255963613395753,1.5041334345526376,33.516536696265774
10,34,29,1,Status: Diseased,0.6039033275226147,0.3005215825837908,2.0095173276090263,50.23680630861618
10,34,29,2,Sex: Male,0.2225121620260873,0.13009138520919283,1.7104296465771172,41.53515743829727
10,34,29,3,Age,0.06502526444320599,0.025985076081339993,2.502408083765471,60.038492263209875
10,34,29,4,Weight,3.097690502202206,1.3093994193803455,2.3657338290772603,57.72981779653361
10,34,29,5,Length,0.011226165336653752,0.004443421720835952,2.5264685735347543,60.41906040410743
10,34,30,1,Status: Diseased,0.1861028462181638,0.060238270661844444,3.0894453670968898,67.63173058018222
10,34,30,2,Sex: Male,0.14466835186368956,0.1108945682704542,1.3045576002502348,23.34566140980021
10,34,30,3,Age,0.0631584278671035,0.039221263206892565,1.6103109054377507,37.90019078780581
10,34,30,4,Weight,5.809364666913717,2.8412901875000607,2.0446220848793866,51.09120617471024
10,34,30,5,Length,0.018748242934547642,0.011481556616854753,1.6329007956138546,38.75929250043196
10,34,31,1,Status: Diseased,0.6319642865852448,0.3804645246892848,1.6610334093601844,39.796514966836746
10,34,31,2,Sex: Male,0.2474359359846967,0.10821060461227042,2.2866144854405426,56.26722360208706
10,34,31,3,Age,0.06623323583330787,0.03567207422198464,1.8567251071845001,46.14173115177079
10,34,31,4,Weight,4.364471410657632,1.05938815015825,4.119803879253957,75.7269998934734
10,34,31,5,Length,0.007639670471351349,0.0038263870475261853,1.9965754578566501,49.914239601366575
10,34,32,1,Status: Diseased,0.2413180113712402,0.17611922671286043,1.3701968596800504,27.017786317689684
10,34,32,2,Sex: Male,0.49794120342903314,0.3064786122112499,1.6247176265788221,38.45084317170202
10,34,32,3,Age,0.09499103253799292,0.05642051192398396,1.6836258534125939,40.60438083835142
10,34,32,4,Weight,1.3369267187160765,0.6513519679300369,2.052541152158887,51.27990496326039
10,34,32,5,Length,0.008720436874434025,0.005483559163350633,1.5902877336889265,37.118297600124215
10,34,33,1,Status: Diseased,0.2841062914196155,0.14855260171648985,1.9124962345784264,47.712315354156445
10,34,33,2,Sex: Male,0.12444202796060035,0.0966749709073036,1.2872207438254217,22.313246986048863
10,34,33,3,Age,0.023677698165094352,0.014214333506812367,1.6657621093346775,39.9674182528134
10,34,33,4,Weight,4.564223172463317,2.8047714584426133,1.6273066237623732,38.54876607777978
10,34,33,5,Length,0.010259288336506241,0.0052574801315405555,1.9513698729851496,48.75394901581479
10,34,34,1,Status: Diseased,0.372271268496113,0.13416108568228644,2.7748081092434447,63.961471906154564
10,34,34,2,Sex: Male,0.14762504784982228,0.08137746177131794,1.8140778126586121,44.87557297586616
10,34,34,3,Age,0.10962689963629998,0.05973036429492003,1.835362983808615,45.51486497102219
10,34,34,4,Weight,3.7810787549973193,1.185587059538001,3.1892037995680624,68.64421144439132
10,34,34,5,Length,0.004777168429811855,0.0020888208612369515,2.2870168133915163,56.27491699472657
10,34,35,1,Status: Diseased,0.2875050522264359,0.10575095067844083,2.718699457375647,63.21770700740503
10,34,35,2,Sex: Male,0.34090594351318004,0.17028840366270592,2.001932816214662,50.04827375322007
10,34,35,3,Age,0.05528125614567756,0.019169883371251733,2.8837554759764754,65.32299606084362
10,34,35,4,Weight,12.470488071985333,6.429247394516197,1.9396497454153017,48.444300195760945
10,34,35,5,Length,0.01406551600149351,0.008664158113373855,1.6234140487097304,38.401420093981095
10,34,36,1,Status: Diseased,0.25769934715569087,0.15742007874079464,1.6370170134396544,38.913279960430714
10,34,36,2,Sex: Male,0.2747125863919478,0.11334607356565281,2.423662132705705,58.74012361270713
10,34,36,3,Age,0.07971372330072767,0.021271018951692432,3.747527256769485,73.31573777899513
10,34,36,4,Weight,8.82084217261489,1.9096016954889445,4.619205247592931,78.35125424398277
10,34,36,5,Length,0.004920440182122894,0.0023154689606833933,2.1250296443924963,52.94183294624673
10,34,37,1,Status: Diseased,0.3807515400674349,0.08076775613972528,4.7141527543336545,78.78728051226778
10,34,37,2,Sex: Male,0.3209128876833373,0.2192007353439389,1.4640137369056085,31.69462998935819
10,34,37,3,Age,0.12310966545914312,0.0560754881694389,2.195427440366677,54.450783404939976
10,34,37,4,Weight,4.227982954397269,2.413590335667718,1.7517400910654541,42.91390571578607
10,34,37,5,Length,0.018080340284976685,0.009245536630649965,1.9555749987554405,48.864144784198196
10,34,38,1,Status: Diseased,0.1371214199819176,0.04725391193981745,2.9018003875860128,65.53863579734742
10,34,38,2,Sex: Male,0.08409872854555889,0.0578947026721903,1.4526152594951607,31.158646898178787
10,34,38,3,Age,0.07716256070437044,0.04049383709435569,1.9055383792000757,47.52139285592405
10,34,38,4,Weight,5.203120228118332,2.2140631848226975,2.3500324036755074,57.44739525991318
10,34,38,5,Length,0.004444785596880942,0.0013607124226080356,3.266513572619377,69.38632037588283
10,34,39,1,Status: Diseased,0.17859192314983346,0.05586222343035804,3.197007068157237,68.7207447878305
10,34,39,2,Sex: Male,0.20550880804059884,0.11086937918325276,1.853611967114196,46.051276224934256
10,34,39,3,Age,0.05318564949390669,0.026956336305235903,1.973029602081945,49.3165232318462
10,34,39,4,Weight,1.1304773268671091,0.4480717259920655,2.5229829540441204,60.36437747638811
10,34,39,5,Length,0.004720952757227994,0.0012724674047181134,3.7100775546182385,73.04638554643641
10,34,40,1,Status: Diseased,0.45261018000358766,0.22656932727388548,1.9976674929897087,49.94161923797438
10,34,40,2,Sex: Male,0.13807713571743563,0.08055026877493207,1.714173494606717,41.66284783038078
10,34,40,3,Age,0.04881549904403101,0.022390566802893214,2.1801814788236302,54.132258726481155
10,34,40,4,Weight,3.5922671212899693,1.1679657885993635,3.0756612533984002,67.48666652105895
10,34,40,5,Length,0.005705214317672626,0.002165835297298772,2.6341865998712666,62.037617226931815
10,34,41,1,Status: Diseased,0.23328986743506558,0.16252986888586823,1.4353661209121287,30.331363863838977
10,34,41,2,Sex: Male,0.09911472339060004,0.0656178693906087,1.5104837190094054,33.79604245878182
10,34,41,3,Age,0.04433629360856221,0.03360629080377372,1.3192855429193513,24.201397842413066
10,34,41,4,Weight,1.0703276610909336,0.5230593954855192,2.0462832143516394,51.13090930001848
10,34,41,5,Length,0.006477324606856422,0.004496067633548781,1.440664406052055,30.587581965715106
10,34,42,1,Status: Diseased,0.4139795099019428,0.25910941407911087,1.5977015399971044,37.4100872430897
10,34,42,2,Sex: Male,0.15337236704761242,0.1195911119556627,1.2824729575595368,22.025646302676392
10,34,42,3,Age,0.03566011412677518,0.018445719473947207,1.933246039935804,48.273526527787105
10,34,42,4,Weight,1.7418990201993034,0.701281942927265,2.483878328491296,59.74037904636824
10,34,42,5,Length,0.006804807173128883,0.002956172501253808,2.3018978663263883,56.55758604112591
10,34,43,1,Status: Diseased,0.12673209430962176,0.08046590208772972,1.5749788546637968,36.50708407679129
10,34,43,2,Sex: Male,0.34541236347516385,0.25187541559811244,1.3713619594629163,27.07979150948283
10,34,43,3,Age,0.030239360326954685,0.01594424479569044,1.896568994922109,47.27320742470171
10,34,43,4,Weight,3.807740826902019,1.9735639468568509,1.929372915920118,48.16968810184111
10,34,43,5,Length,0.010389387038189634,0.007100571969099404,1.4631760769981133,31.65552555700447
10,34,44,1,Status: Diseased,0.09780610453276356,0.0344268676597003,2.840981802339638,64.80090090065103
10,34,44,2,Sex: Male,0.10928378748790411,0.07351452142807788,1.4865605510990192,32.730624443067825
10,34,44,3,Age,0.03037497816075727,0.019672528684370697,1.5440301878878124,35.23442690146037
10,34,44,4,Weight,2.4137626570802766,1.199783184966876,2.011832377153141,50.29406965728139
10,34,44,5,Length,0.005781533680253227,0.0024391414656462188,2.3703150316135866,57.8115150660268
10,34,45,1,Status: Diseased,0.2208803113350778,0.14011442114373315,1.5764281044882082,36.56545470402833
10,34,45,2,Sex: Male,0.9282729188422431,0.6367352295886903,1.4578632934161289,31.406462833922077
10,34,45,3,Age,0.10784958402086813,0.08685987663327044,1.2416502095232989,19.462019791876372
10,34,45,4,Weight,5.1921029255154325,2.7754017202406542,1.8707572628675992,46.54571066760712
10,34,45,5,Length,0.006058695578770197,0.0032291199342397094,1.8762683648034604,46.702720210029746
10,34,46,1,Status: Diseased,0.09727303991604334,0.06257761042741762,1.5544383886129398,35.66808389927102
10,34,46,2,Sex: Male,0.42507409222863957,0.24260068661708764,1.752155355188922,42.927435227786795
10,34,46,3,Age,0.10305832812640593,0.05791281073147644,1.7795428476827886,43.80579252125687
10,34,46,4,Weight,6.712963887215875,2.2439043401866288,2.9916444150455845,66.57356753460412
10,34,46,5,Length,0.031604642435868475,0.013743424069616839,2.29961924159338,56.51454023723025
10,34,47,1,Status: Diseased,0.3464412346336314,0.15015646465695362,2.3072015941844968,56.65745019765124
10,34,47,2,Sex: Male,0.08256062098085715,0.059473599787560005,1.38818940295802,27.96372037784236
10,34,47,3,Age,0.040137686102046606,0.017584433847705343,2.282569143235983,56.18971705793294
10,34,47,4,Weight,3.4785562444588893,1.681509936422478,2.068709895262198,51.66069431532083
10,34,47,5,Length,0.008103891393433066,0.003059026781518199,2.6491730776580824,62.252371940756014
10,34,48,1,Status: Diseased,1.204522995048955,0.9257038273836049,1.301196948113956,23.14768325813641
10,34,48,2,Sex: Male,0.3978332335673199,0.2856826252459615,1.3925706305197985,28.190356877860157
10,34,48,3,Age,0.16996348326888666,0.11792484536484055,1.441286462942113,30.617540252290333
10,34,48,4,Weight,3.1482810319998893,2.089000045909504,1.5070756164723766,33.64632875285266
10,34,48,5,Length,0.01318650230908634,0.009821832770722575,1.3425704363846782,25.51601220321551
10,34,49,1,Status: Diseased,0.14740609263610296,0.031187781091913964,4.726405261139942,78.84227135108566
10,34,49,2,Sex: Male,0.07946205263568906,0.055718682485007345,1.4261294253874457,29.880136949819715
10,34,49,3,Age,0.03525236191324738,0.018107628862176824,1.9468237493470193,48.63428184829735
10,34,49,4,Weight,3.7251702347987905,1.8770637260907317,1.9845731303736924,49.611330280799415
10,34,49,5,Length,0.011693947859914738,0.007272408760379638,1.6079882533038867,37.81049096936317
10,34,50,1,Status: Diseased,1.3999545531851305,1.121168645987433,1.2486565319102068,19.91392553161193
10,34,50,2,Sex: Male,0.14730493094355773,0.10394221297260631,1.4171810155935352,29.43738386297914
10,34,50,3,Age,0.07392716624917475,0.051467276639894886,1.4363916468016509,30.38110446919854
10,34,50,4,Weight,2.4090070747586627,1.0512581261694742,2.2915466856237217,56.36135164630887
10,34,50,5,Length,0.009505066910288278,0.005255230830851288,1.8086868524381383,44.71126946867645
10,34,51,1,Status: Diseased,0.11400606283326559,0.04657944589207911,2.4475615939573134,59.143009823783
10,34,51,2,Sex: Male,0.271685332572976,0.15930534950299316,1.7054375977993843,41.36402285898044
10,34,51,3,Age,0.029339293511642293,0.018178915649865842,1.613918787937102,38.03901364341932
10,34,51,4,Weight,3.1390382190196506,1.0109292468837023,3.105101794904116,67.79493665421428
10,34,51,5,Length,0.0066235886781394705,0.002243877379524359,2.951849659246305,66.12293594060175
10,34,52,1,Status: Diseased,0.13418122095867532,0.04865761882915818,2.757661064956737,63.73738554358245
10,34,52,2,Sex: Male,0.08588521428260225,0.06058462712978983,1.4176073758547896,29.458606308603642
10,34,52,3,Age,0.026692375131040735,0.017857331748317905,1.4947571959374646,33.09950253339764
10,34,52,4,Weight,4.8577169793620625,3.17001725336926,1.5323944922378663,34.74265242629345
10,34,52,5,Length,0.0074560304018174255,0.005547692682986884,1.3439876409669993,25.594553884401805
10,34,53,1,Status: Diseased,0.1357864361676628,0.07292366108493499,1.862035368870343,46.2953273220219
10,34,53,2,Sex: Male,0.19006874971518173,0.15119180300038632,1.2571366035941518,20.454149760574825
10,34,53,3,Age,0.031248736641403783,0.018752925752764167,1.666339271715921,39.98821146606927
10,34,53,4,Weight,2.724420217656893,1.9095257572372653,1.4267522746583061,29.91074780381965
10,34,53,5,Length,0.007776465957208441,0.00457548418404006,1.6995941072933571,41.16242250377514
10,34,54,1,Status: Diseased,0.3390647154055161,0.11878934436798894,2.8543361124643636,64.9655835683407
10,34,54,2,Sex: Male,0.10454338823770416,0.09078189154025874,1.1515885653400673,13.163430925115415
10,34,54,3,Age,0.04263596646484905,0.02186837465364715,1.949663252990699,48.70909125121769
10,34,54,4,Weight,2.67578273134445,1.5645521506498672,1.7102547398199617,41.52917827286537
10,34,54,5,Length,0.004720838776343519,0.0029203543487575814,1.616529438748392,38.13907894097763
10,34,55,1,Status: Diseased,0.31437897256721886,0.2514471675626287,1.2502784406545981,20.01781623328336
10,34,55,2,Sex: Male,0.1059657023571651,0.09039132513847675,1.1722994678397387,14.69756427999106
10,34,55,3,Age,0.01926738084472661,0.014223863934502633,1.3545813523982035,26.176453098991725
10,34,55,4,Weight,28.470299116157513,22.31639884922755,1.2757568686823757,21.61515845626466
10,34,55,5,Length,0.045457744489018945,0.03433441079119592,1.3239704262137881,24.469611994299566
10,34,56,1,Status: Diseased,0.1990035108977782,0.11297839728968877,1.7614297571199544,43.22793764793317
10,34,56,2,Sex: Male,0.06243364698591717,0.047871174865409774,1.3042012685389468,23.324718038323432
10,34,56,3,Age,0.04146357835897892,0.030602554255463647,1.354905803379997,26.194131170937208
10,34,56,4,Weight,8.571753711473823,2.86031593430791,2.9967856377892983,66.63091322281926
10,34,56,5,Length,0.016776146160650054,0.007429110944384578,2.2581633638585776,55.71622425530472
10,34,57,1,Status: Diseased,0.14276503403576446,0.04703814045961525,3.035090941963062,67.05205810560616
10,34,57,2,Sex: Male,0.11762358918104897,0.09453316325127294,1.244257413331243,19.630778222754884
10,34,57,3,Age,0.04456736435066738,0.03075471336410355,1.4491230603594492,30.992748141627523
10,34,57,4,Weight,2.70112878839894,1.7316006415316563,1.559902857283366,35.89344391986431
10,34,57,5,Length,0.009209646031901969,0.007053924875712872,1.305605913611497,23.407209666058137
10,34,58,1,Status: Diseased,0.3409710678249373,0.22501284773649763,1.5153404405789002,34.00822856559061
10,34,58,2,Sex: Male,0.06521170312289265,0.050125070457050905,1.3009797797445204,23.134854548133344
10,34,58,3,Age,0.01702097309091699,0.015095593797483601,1.1275457805279807,11.311805048683398
10,34,58,4,Weight,1.4365244447275258,0.4288449791163937,3.3497522757230085,70.14704617868614
10,34,58,5,Length,0.0030195556002802887,0.0016974470305802796,1.7788806047444323,43.78487250167823
10,34,59,1,Status: Diseased,0.24328306405218292,0.14666502361227424,1.6587667465648082,39.71424842757843
10,34,59,2,Sex: Male,0.055828273007819305,0.04813366733232623,1.1598591194468457,13.78263245652498
10,34,59,3,Age,0.035339751949625776,0.01898947279928526,1.8610180663338858,46.265970326126336
10,34,59,4,Weight,29.103374077016095,13.131178477166443,2.2163565994951178,54.880906789647554
10,34,59,5,Length,0.05877935593489018,0.024035569354540223,2.4455154387173685,59.10882490586593
10,34,60,1,Status: Diseased,0.09500684449701075,0.04805346502919421,1.9771070502260484,49.42104931113026
10,34,60,2,Sex: Male,0.15670705400510362,0.09777596039456249,1.6027155690696586,37.60589718483372
10,34,60,3,Age,0.02584802318531681,0.014941220887343952,1.7299806608984365,42.19588561870589
10,34,60,4,Weight,1.611217117288097,0.4832158254709305,3.3343633059158266,70.0092668898497
10,34,60,5,Length,0.0046684910416394535,0.0015201124360107272,3.071148509179428,67.43889144367078
10,34,61,1,Status: Diseased,0.31046077179096404,0.17249979246737218,1.7997747553794117,44.43749157992888
10,34,61,2,Sex: Male,0.1524282018672258,0.08629322795104055,1.7663981923785224,43.3876232259125
10,34,61,3,Age,0.06741043813909957,0.03762335453507604,1.7917179095833469,44.18764278398356
10,34,61,4,Weight,5.0468123383943,3.179836921646921,1.5871292971151565,36.993161060182764
10,34,61,5,Length,0.016265783127733118,0.011273112185262064,1.4428831063171923,30.694316426477876
10,34,62,1,Status: Diseased,0.43207897459621325,0.2193183757218629,1.970099282260648,49.241136779029695
10,34,62,2,Sex: Male,0.13573970858101922,0.11429188620263028,1.1876583114602175,15.800698706810124
10,34,62,3,Age,0.0437756083717138,0.027917592320599406,1.568029501577517,36.22568969563713
10,34,62,4,Weight,8.29739860482703,3.992339971314795,2.078329667424203,51.88443798527116
10,34,62,5,Length,0.01661320116731555,0.008191009962269763,2.0282237775122867,50.69577572813253
10,34,63,1,Status: Diseased,0.17542087196163036,0.10599143029812047,1.6550476908201612,39.5787803852076
10,34,63,2,Sex: Male,0.3790356169959065,0.31608155803459237,1.1991703007058208,16.60900879454661
10,34,63,3,Age,0.06629031170792214,0.037742949014855955,1.7563628025417328,43.064155164704985
10,34,63,4,Weight,6.920873580823833,4.888680636873207,1.415693536743364,29.363243241162074
10,34,63,5,Length,0.019242831159705258,0.01146501472736878,1.6783956773966993,40.41929364647405
10,34,64,1,Status: Diseased,0.2134970582394208,0.09381017228655796,2.2758412337977636,56.060203798519346
10,34,64,2,Sex: Male,0.2874904989686974,0.13683577258104068,2.1009893359459917,52.4033757387093
10,34,64,3,Age,0.06452859028882761,0.04190144952846227,1.540008544215051,35.06529533511748
10,34,64,4,Weight,4.6787235452336375,0.8042825529821334,5.817263507564328,82.80978678893133
10,34,64,5,Length,0.006910514631793346,0.0023406137727363806,2.9524369685795513,66.1296748874842
10,34,65,1,Status: Diseased,0.2466445325295068,0.1741583888930236,1.4162081660103532,29.38891160208933
10,34,65,2,Sex: Male,0.19474289294729188,0.14735303920264597,1.3216075759351895,24.334574180056066
10,34,65,3,Age,0.009321211888770648,0.008911764147357134,1.04594463392918,4.392644929644607
10,34,65,4,Weight,1.2510060321399268,0.534518242718447,2.3404365504488194,57.27292842832109
10,34,65,5,Length,0.0022643193811656094,0.0012556484150114033,1.8033068445716516,44.546320388556225
10,34,66,1,Status: Diseased,0.15578035461882936,0.08738572594285236,1.7826750643543892,43.904527527446035
10,34,66,2,Sex: Male,0.2229776018346833,0.134736833541853,1.654911993797303,39.57382605552123
10,34,66,3,Age,0.01428228312707922,0.011432871157934054,1.2492297804972432,19.950675559306617
10,34,66,4,Weight,22.343633753721132,15.007757526432382,1.4888056203179225,32.83206441775401
10,34,66,5,Length,0.03636676192539498,0.02536898005244217,1.4335129693909037,30.241300821652306
10,34,67,1,Status: Diseased,0.22505015074290566,0.16228970608181867,1.3867185798552508,27.887315095728905
10,34,67,2,Sex: Male,0.06821096788201969,0.052908608104279525,1.2892224975486064,22.43386987882611
10,34,67,3,Age,0.03723754870289236,0.020748476487566267,1.794712432269778,44.28076710120645
10,34,67,4,Weight,4.01952517379188,2.6635377268278573,1.5090926376999125,33.73501566317674
10,34,67,5,Length,0.010742139313087741,0.006241821478533638,1.7209943203328113,41.8940557684922
10,34,68,1,Status: Diseased,0.2092090704221681,0.07503182751786379,2.788271022351935,64.13548066226038
10,34,68,2,Sex: Male,0.2322665658672686,0.1723995059460945,1.3472577232320677,25.775151794936267
10,34,68,3,Age,0.027806756314279625,0.012763648436638976,2.1785899582174575,54.098751064738714
10,34,68,4,Weight,5.0554775752586005,2.093266136495832,2.415114584388953,58.594097089061734
10,34,68,5,Length,0.01079741681868891,0.005922779703196597,1.8230319815645706,45.14632710163562
10,34,69,1,Status: Diseased,0.3951147292084816,0.21694250921365163,1.8212877256774076,45.09379347911319
10,34,69,2,Sex: Male,0.10390195501066898,0.05324417773810479,1.9514237880005871,48.75536487004744
10,34,69,3,Age,0.02762829573761312,0.016488245495647785,1.6756358792029054,40.32116330215507
10,34,69,4,Weight,1.3893783899417298,0.4284066904358243,3.2431295331272607,69.16558559300813
10,34,69,5,Length,0.00352553898783296,0.0020144067160226342,1.7501624472311113,42.86244676418036
10,34,70,1,Status: Diseased,0.19954530756987326,0.060253264303631614,3.311775882619627,69.80472002202649
10,34,70,2,Sex: Male,0.0925891027017559,0.05466464479114388,1.6937657430229216,40.9599583579211
10,34,70,3,Age,0.037841573231244645,0.014949376077720778,2.5313145534976784,60.49483464557037
10,34,70,4,Weight,7.180165058284551,4.555270185635825,1.5762325319200232,36.557584001778544
10,34,70,5,Length,0.013619757864034967,0.009508592640851464,1.432363166502773,30.185303323487545
10,34,71,1,Status: Diseased,0.4116157794367814,0.19438692849255557,2.117507502324391,52.774665548891875
10,34,71,2,Sex: Male,0.08344622572176665,0.05009822815077521,1.6656522356564702,39.96345824217754
10,34,71,3,Age,0.06214508762731343,0.04469404105138897,1.3904557781172515,28.081136003185126
10,34,71,4,Weight,6.433411729052403,4.287239832246619,1.5005952502734463,33.35977840675061
10,34,71,5,Length,0.01980622006860779,0.01562594553564239,1.2675213812457171,21.1058673410935
10,34,72,1,Status: Diseased,0.2911442174696582,0.17213940405169117,1.691328136480776,40.87486760075157
10,34,72,2,Sex: Male,0.17400176579514068,0.16129331515831188,1.07879093206284,7.303633143465316
10,34,72,3,Age,0.041643990396983244,0.02492906545730677,1.6704994604912993,40.13766399506069
10,34,72,4,Weight,2.8099502794906965,1.0072463809038072,2.7897347985200147,64.1542988053735
10,34,72,5,Length,0.006585690962331787,0.0033000852142469374,1.9956123962800785,49.890068739598426
10,34,73,1,Status: Diseased,0.07902865554127426,0.03893927244073699,2.0295360079351936,50.72765419829241
10,34,73,2,Sex: Male,0.08793432997794089,0.05189817048288319,1.6943628100906365,40.980763149156516
10,34,73,3,Age,0.02703586079692018,0.015652224205167382,1.7272855565150054,42.10569316531463
10,34,73,4,Weight,1.1628846326399054,0.4034704347946615,2.8822053175512923,65.3043454638549
10,34,73,5,Length,0.004994637868084719,0.002065889160920014,2.417669816255016,58.63785893025684
10,34,74,1,Status: Diseased,0.6259158004395498,0.48640921552282806,1.2868090909148788,22.28839483182132
10,34,74,2,Sex: Male,0.24260402828666275,0.1857656131796559,1.305968441274639,23.42847128648917
10,34,74,3,Age,0.05083063906839863,0.03811091247465026,1.3337554985651152,25.023739277864433
10,34,74,4,Weight,1.7019385190408272,0.9791218052469218,1.7382296154783523,42.470201226849724
10,34,74,5,Length,0.006629860816563089,0.004125704157886323,1.6069646690226314,37.770878272749584
10,34,75,1,Status: Diseased,0.3928852556661919,0.19348078740155508,2.0306163776912256,50.75386907215916
10,34,75,2,Sex: Male,0.338278915378893,0.15464122601389318,2.187507976356198,54.28588097467275
10,34,75,3,Age,0.10824486747866939,0.07316185762837471,1.4795259577538156,32.410783686541166
10,34,75,4,Weight,5.081192792527386,2.0728711855979682,2.4512824664797472,59.20502783034686
10,34,75,5,Length,0.01974686885349356,0.013748622395271422,1.4362798166807695,30.375683875375238
10,34,76,1,Status: Diseased,0.05383244932423684,0.03149475345604495,1.7092513329042904,41.49485328755949
10,34,76,2,Sex: Male,0.8611687398395921,0.5612082529731642,1.5344905127059336,34.83178998372616
10,34,76,3,Age,0.10388849388729386,0.059199193368903794,1.7548971189506866,43.01660255742318
10,34,76,4,Weight,2.6616284869590134,1.6327652108619655,1.6301354715623153,38.655405182883115
10,34,76,5,Length,0.0031243019326150623,0.001406856956174612,2.2207673060880038,54.97051864647848
10,34,77,1,Status: Diseased,0.20966047377160024,0.03824815616306984,5.481583814856832,81.75709733216735
10,34,77,2,Sex: Male,0.08062648536173726,0.05684622142227876,1.4183262025950367,29.49435763293714
10,34,77,3,Age,0.04442166409751986,0.02296983838721458,1.9339127837419068,48.291359961688094
10,34,77,4,Weight,2.1747581688149844,0.9431594811874296,2.305822304916007,56.6315236925238
10,34,77,5,Length,0.008077306775706004,0.005624813194826474,1.436013338742566,30.362763839252192
10,34,78,1,Status: Diseased,0.4046570367518668,0.20708757789009166,1.9540381942495455,48.823927651831134
10,34,78,2,Sex: Male,0.8111336923847807,0.26730142088125847,3.034528173140932,67.04594774070148
10,34,78,3,Age,0.0693110941033748,0.0157399663696011,4.403509669324113,77.29084128130259
10,34,78,4,Weight,8.515790157368262,1.6589001488114996,5.133395257978187,80.51971551487631
10,34,78,5,Length,0.00927209737357055,0.0032355813705983666,2.8656665716479357,65.10410492645214
10,34,79,1,Status: Diseased,0.40569739461494675,0.11372249850385398,3.567433005362593,71.96863967741531
10,34,79,2,Sex: Male,0.30211468684140147,0.14296492855532814,2.1132083923959124,52.67859035586072
10,34,79,3,Age,0.09595390209839222,0.03763705951860841,2.5494526757849125,60.77589478329403
10,34,79,4,Weight,3.3950234311185623,0.5688181258869911,5.968557042419324,83.24553166045213
10,34,79,5,Length,0.009276075923262418,0.003132528552566843,2.961210334591031,66.23002465179128
10,34,80,1,Status: Diseased,1.116877389606229,0.7715426074238307,1.4475900343799106,30.919668120790856
10,34,80,2,Sex: Male,0.24077314620474993,0.14704667504479604,1.6373926587010637,38.927294275687316
10,34,80,3,Age,0.05760526097400089,0.037807598641983985,1.5236424169513985,34.36780251885714
10,34,80,4,Weight,2.729320182385165,1.3788359400407346,1.9794379469863062,49.480608799962646
10,34,80,5,Length,0.008552005033577444,0.00530500720248533,1.6120628506538004,37.96767913890997
10,34,81,1,Status: Diseased,0.06350052766084144,0.03848370821290399,1.6500626007643682,39.39623869198877
10,34,81,2,Sex: Male,0.15123476023509108,0.11491934966690659,1.316007797411355,24.012608286436922
10,34,81,3,Age,0.023188691519084835,0.010746268830778111,2.157836536963481,53.65728669108526
10,34,81,4,Weight,1.0854544575445528,0.2939117859241606,3.693130080277344,72.92269759626492
10,34,81,5,Length,0.0030116068382169316,0.0012962929464968654,2.323245564481064,56.9567670637793
10,34,82,1,Status: Diseased,0.1828493931605631,0.10947843966543341,1.6701863281880125,40.126440797482665
10,34,82,2,Sex: Male,0.2807149195136492,0.2142824721563673,1.3100227782924048,23.665449443292495
10,34,82,3,Age,0.06941093562384837,0.0446490236559503,1.5545902225926522,35.674367079688686
10,34,82,4,Weight,3.8313583220214733,0.8071576739562002,4.746728483968275,78.93285863353199
10,34,82,5,Length,0.007475636823017183,0.002541585578905795,2.941327998184345,66.00175156877128
10,34,83,1,Status: Diseased,0.36083227419161856,0.19611783002200217,1.8398749065861952,45.648478794927705
10,34,83,2,Sex: Male,0.14140986719102341,0.06907059313983964,2.047323770692491,51.15574711166677
10,34,83,3,Age,0.04908118760038567,0.03362406564530188,1.4597041332877463,31.492966472071117
10,34,83,4,Weight,4.579855269356192,1.2931246003675636,3.541696807913478,71.76494617592265
10,34,83,5,Length,0.012536122875343657,0.006182569726214231,2.0276557209197694,50.68196293469447
10,34,84,1,Status: Diseased,0.35120400750356606,0.2263156540915081,1.5518325893690093,35.56005932272566
10,34,84,2,Sex: Male,0.17364297339709925,0.08423082665770157,2.061513347159135,51.49194637143396
10,34,84,3,Age,0.04889103268213932,0.03826017362412234,1.27785705215186,21.743985501661545
10,34,84,4,Weight,3.0526127591313106,1.140677710457598,2.6761395713664946,62.63274118063362
10,34,84,5,Length,0.008080708658724078,0.005252063876142623,1.5385777571043084,35.0049098667553
10,34,85,1,Status: Diseased,0.14227385298740686,0.04525766297444662,3.1436411789035046,68.18975375717665
10,34,85,2,Sex: Male,0.11094698769765132,0.05705651936477453,1.9445102668871808,48.5731694489418
10,34,85,3,Age,0.034747854063554656,0.01901402195289016,1.827485744449397,45.28001090912532
10,34,85,4,Weight,5.166133345951297,2.47497361881567,2.0873488536105715,52.09233960723625
10,34,85,5,Length,0.011604932395697876,0.007030076374807826,1.6507548107562497,39.42165162966411
10,34,86,1,Status: Diseased,0.13844739014930943,0.09283320204146629,1.491356401640314,32.946946893437456
10,34,86,2,Sex: Male,0.1924740924040207,0.16384273978459069,1.1747489858694535,14.875431940902562
10,34,86,3,Age,0.024483385347513573,0.014463145502396585,1.692811936618947,40.92669254227378
10,34,86,4,Weight,1.7490804653824636,1.0122706350483883,1.7278783013387071,42.1255536790276
10,34,86,5,Length,0.0031687949838531612,0.0018433058800288856,1.7190825560668772,41.829437075557344
10,34,87,1,Status: Diseased,0.19890260096035536,0.10731413580804551,1.8534613307247387,46.046891649529
10,34,87,2,Sex: Male,0.4232689654216615,0.25033638262146807,1.6908008376140977,40.85642863702932
10,34,87,3,Age,0.031137217684990302,0.017014085008766316,1.8300847602999046,45.35772212888515
10,34,87,4,Weight,10.29685170117036,6.092803480905794,1.6900022679936437,40.828481775519066
10,34,87,5,Length,0.012365213531031701,0.006075542608974798,2.035244310979861,50.86584963755267
10,34,88,1,Status: Diseased,0.19005601111550946,0.10904118547490632,1.7429745493664603,42.62681572926685
10,34,88,2,Sex: Male,0.17235213263911028,0.12178633306515789,1.4152009367660225,29.338656156830144
10,34,88,3,Age,0.052719759583574576,0.030090845854507237,1.7520198614050528,42.923021477733805
10,34,88,4,Weight,2.8223145641888814,1.3338242457455831,2.115956861026514,52.740057303679144
10,34,88,5,Length,0.006993967896877132,0.0043565525222584115,1.6053904689875056,37.70985817358912
10,34,89,1,Status: Diseased,1.5195371288590682,0.9229447211525792,1.6464010184287752,39.26145642485454
10,34,89,2,Sex: Male,0.13751620573066797,0.08392070590305327,1.6386445305825859,38.97395186468716
10,34,89,3,Age,0.045123601972000923,0.02240467383291922,2.014026283466834,50.348215005483695
10,34,89,4,Weight,3.2525667762116903,1.5482784559564005,2.1007634406451254,52.39825766898776
10,34,89,5,Length,0.006146425871320113,0.0028403069695618595,2.1640005595128504,53.78929106076039
10,34,90,1,Status: Diseased,0.22370608680168957,0.11797616263300618,1.8961973487608872,47.262873210245104
10,34,90,2,Sex: Male,0.26576530561811873,0.1776786958291323,1.495763486882504,33.14451056134434
10,34,90,3,Age,0.031454337487524846,0.014464823585007894,2.174540000620939,54.013262588204846
10,34,90,4,Weight,4.222564983099365,1.8513306859535124,2.2808269830651935,56.15625352449556
10,34,90,5,Length,0.006641052688326763,0.0026388112715160735,2.516683462743922,60.26516585007051
10,34,91,1,Status: Diseased,0.19957627935817732,0.062493577218773494,3.1935486531602044,68.68687129565284
10,34,91,2,Sex: Male,0.28439721527896156,0.13612560178884173,2.089226505092841,52.13539568053862
10,34,91,3,Age,0.04605093847215626,0.03287980615227235,1.4005842448974912,28.601224550174052
10,34,91,4,Weight,18.115445796489563,8.64673382385328,2.095062270393412,52.26872183554624
10,34,91,5,Length,0.01712239466143311,0.006679147422846658,2.563559924259844,60.9917447009271
10,34,92,1,Status: Diseased,0.07337180072424927,0.035074249157442325,2.0918993987553596,52.19655397410692
10,34,92,2,Sex: Male,0.10465839573919619,0.0803211060338924,1.3029999324839276,23.254025186809823
10,34,92,3,Age,0.03839198631479298,0.011717557560537852,3.2764495601104375,69.47915780011907
10,34,92,4,Weight,8.2440006353811,3.0922045003407193,2.666059322555388,62.49145727779564
10,34,92,5,Length,0.018762869080281158,0.005732470478948766,3.273086036671913,69.44779364807641
10,34,93,1,Status: Diseased,0.05149136029631478,0.030673631596705064,1.6786848382780322,40.429556686424604
10,34,93,2,Sex: Male,0.12618176532298692,0.06099909502064624,2.068584218836008,51.65775747033883
10,34,93,3,Age,0.02735896125794721,0.013234852436745664,2.0671905024031036,51.6251647423156
10,34,93,4,Weight,10.300766423266092,5.596198007894827,1.8406722579748434,45.67202305204368
10,34,93,5,Length,0.015173057072280218,0.01058243786622171,1.4337959990024032,30.255071105249765
10,34,94,1,Status: Diseased,0.2349130675582503,0.11338480119308501,2.071821488298177,51.733293353308454
10,34,94,2,Sex: Male,0.12077269164395782,0.08508406537870897,1.4194513520998187,29.55024499285003
10,34,94,3,Age,0.05977191061479001,0.042485849111857335,1.4068663299495718,28.920041747260793
10,34,94,4,Weight,1.6745481745443338,0.530398064410044,3.1571536302775076,68.32589993689658
10,34,94,5,Length,0.006942100489586221,0.0045102150460030145,1.5391950092797373,35.03097437484887
10,34,95,1,Status: Diseased,0.3228506101962163,0.21990534407266388,1.4681344446524045,31.886347082009912
10,34,95,2,Sex: Male,0.23295612568541002,0.06700549345417722,3.4766720409979635,71.23686133728752
10,34,95,3,Age,0.03543564834925319,0.017874510351705647,1.9824681992405906,49.55782895367186
10,34,95,4,Weight,5.88957759469255,2.8209721874759905,2.087782935556743,52.10230034123098
10,34,95,5,Length,0.008665072304179454,0.004224137290120347,2.0513235505971403,51.25098623720768
10,34,96,1,Status: Diseased,0.4950565093996057,0.2947175460749686,1.6797659860864749,40.46789801180558
10,34,96,2,Sex: Male,0.1953886933883237,0.11946912601347928,1.635474368216929,38.855660508440316
10,34,96,3,Age,0.05883288291951127,0.022436143763902773,2.622236848658759,61.86461949417394
10,34,96,4,Weight,5.291232201390122,1.1493605457583238,4.603631315619138,78.27801725548234
10,34,96,5,Length,0.018255704926567407,0.004418386053902137,4.131758679268128,75.79723121251763
10,34,97,1,Status: Diseased,0.1305134757377126,0.07770482488575374,1.6796058150777804,40.46222089593734
10,34,97,2,Sex: Male,0.127482580824568,0.07304629558698407,1.745229923025471,42.70095952363491
10,34,97,3,Age,0.019107266211586316,0.014400653633958024,1.3268332602993576,24.632579697739722
10,34,97,4,Weight,3.806183045203809,1.4776017577210139,2.5759194081321977,61.17890968005473
10,34,97,5,Length,0.005044751566519297,0.002392031819062971,2.108981797949274,52.58375387723226
10,34,98,1,Status: Diseased,0.09781160907505296,0.04493259416876758,2.1768520354660783,54.06210510831097
10,34,98,2,Sex: Male,0.2645128018166056,0.22154776935461987,1.193931234727143,16.243082439455847
10,34,98,3,Age,0.02695905669602919,0.012316610024599823,2.1888374026768873,54.31364619514325
10,34,98,4,Weight,0.7461897974286519,0.35127129197365603,2.1242549974297735,52.924672357605715
10,34,98,5,Length,0.0034160077896364174,0.0013324941967066014,2.5636192623423333,60.99264759438896
10,34,99,1,Status: Diseased,0.5215404640654034,0.34121770983189836,1.528468332790644,34.57502661018682
10,34,99,2,Sex: Male,0.5020113730114533,0.3437801760252922,1.4602685321055855,31.51944467651554
10,34,99,3,Age,0.042604037475993846,0.021861854209008092,1.9487842645313689,48.68595676800205
10,34,99,4,Weight,1.937487516958413,1.0303843584474874,1.8803541620892676,46.81852918128483
10,34,99,5,Length,0.006922344291644255,0.003363642193237446,2.0579906821128384,51.408915079569304
10,34,100,1,Status: Diseased,0.40323317838191597,0.29439021216861816,1.3697234544977186,26.992562132426734
10,34,100,2,Sex: Male,0.15247207031336737,0.07458223095893811,2.0443484775524103,51.08466041967332
10,34,100,3,Age,0.024721886659904324,0.015761249646590085,1.568523258893552,36.245765287190736
10,34,100,4,Weight,23.487192647709925,17.81200545659882,1.3186158462021254,24.162901357495592
10,34,100,5,Length,0.04090852329513604,0.029133427323174983,1.4041781916470306,28.783967309230885
15,29,1,1,Status: Diseased,0.3041489842621843,0.16717182867980396,1.819379417358306,45.03620352856497
15,29,1,2,Sex: Male,0.10505260536281327,0.0830920135515968,1.2642924496898829,20.90437617931761
15,29,1,3,Age,0.04111011122613246,0.027442852372046734,1.4980261770459102,33.2454922802492
15,29,1,4,Weight,3.267176699681547,1.219514473948309,2.6790798875094213,62.673752109361715
15,29,1,5,Length,0.009159952333875508,0.004980999406598539,1.8389788044826774,45.62199425233128
15,29,2,1,Status: Diseased,0.5014770084751188,0.3763482541958102,1.3324812932816352,24.95204210055364
15,29,2,2,Sex: Male,0.26074238038170405,0.18309017502814642,1.42412000175116,29.781198299977774
15,29,2,3,Age,0.05205012451716274,0.04066947489591662,1.279832716069535,21.86478846461457
15,29,2,4,Weight,5.5527895530037545,2.232496399653251,2.4872557706548633,59.7950475460466
15,29,2,5,Length,0.011557824695797253,0.007312766108630784,1.58049970751236,36.72887155582218
15,29,3,1,Status: Diseased,0.19806455596577885,0.10695812802149217,1.8517952738101378,45.99835013389667
15,29,3,2,Sex: Male,0.23552472596026883,0.14294298950294437,1.6476829453424677,39.30871210224538
15,29,3,3,Age,0.014660013935422638,0.009529795660020502,1.538334551802037,34.9946343707499
15,29,3,4,Weight,5.962639121313111,1.6788143565104947,3.5516965280823394,71.84444132280841
15,29,3,5,Length,0.008850328581854439,0.003178777188675832,2.784192806398355,64.08294721177717
15,29,4,1,Status: Diseased,0.47450876988504076,0.30458983371174875,1.5578614824488735,35.80944061675789
15,29,4,2,Sex: Male,0.24756979818456012,0.1645610798539537,1.5044249734158028,33.529420365211294
15,29,4,3,Age,0.03232298268497091,0.01709636276324236,1.8906350510101597,47.1077192044174
15,29,4,4,Weight,2.3335272457880794,0.8980100204672529,2.5985536827015556,61.51705440388048
15,29,4,5,Length,0.00594573240986802,0.00275410005133135,2.158865799735131,53.67938108414664
15,29,5,1,Status: Diseased,0.2112348797488921,0.0560943346651721,3.7657079098942194,73.44456808844501
15,29,5,2,Sex: Male,0.15396902790067726,0.1714576193815327,0.8980004998089978,-11.358512630304475
15,29,5,3,Age,0.033825241184376215,0.01423924842714923,2.3754934368504586,57.90348293591385
15,29,5,4,Weight,0.8174425970102891,0.2477408768199988,3.299587082692933,69.69317751165829
15,29,5,5,Length,0.0024130957740166547,0.0012152582564719508,1.9856649902730787,49.63903755675951
15,29,6,1,Status: Diseased,0.1975617277818057,0.1036404161491659,1.9062228339324907,47.54023599974276
15,29,6,2,Sex: Male,0.12140736005249864,0.08252831947940088,1.4710993852577112,32.02362736187146
15,29,6,3,Age,0.019218149779840113,0.013413544909197817,1.4327420461881044,30.203765383967095
15,29,6,4,Weight,1.05889125726429,0.6321142846310392,1.6751579311047486,40.30413602014762
15,29,6,5,Length,0.0021046833595656966,0.0016693855359640791,1.260753321640726,20.682342625231843
15,29,7,1,Status: Diseased,0.10864824072640937,0.09123271833690069,1.190891192403117,16.02927233158176
15,29,7,2,Sex: Male,0.21228410846498738,0.15736836539172178,1.348963039277743,25.868984480448287
15,29,7,3,Age,0.015506575215580864,0.01233058257663812,1.257570363703664,20.481586648169326
15,29,7,4,Weight,1.8853695631206322,0.6764306404410535,2.7872326450074962,64.12211941506911
15,29,7,5,Length,0.004859279399282696,0.0024461628228209793,1.9864905777935284,49.65996762437511
15,29,8,1,Status: Diseased,0.3539370695851516,0.14088084617869584,2.51231504626407,60.19607487177825
15,29,8,2,Sex: Male,0.12827846596057754,0.12650947889883937,1.0139830396673495,1.3790210605432507
15,29,8,3,Age,0.03938742140992647,0.02590202721888601,1.5206308400914588,34.23781935529765
15,29,8,4,Weight,3.7561093833358705,1.2923382940781631,2.9064443888626994,65.59369916617248
15,29,8,5,Length,0.008800548104219761,0.004117877611743825,2.137156305743855,53.208850596824185
15,29,9,1,Status: Diseased,0.052504142565678126,0.036865958149935325,1.4241903696668259,29.784667745370353
15,29,9,2,Sex: Male,0.10909972961865967,0.07807083228254873,1.3974454534289225,28.440856310613604
15,29,9,3,Age,0.02355651896424066,0.017101213104033418,1.3774764878337622,27.403479563370748
15,29,9,4,Weight,4.3872374373779,2.8051683986747156,1.5639836237463045,36.06071158183616
15,29,9,5,Length,0.01069636820210142,0.006527876453984632,1.6385678064682627,38.971094387886176
15,29,10,1,Status: Diseased,0.20159753298983543,0.07619093942140302,2.6459515333552126,62.20641280107104
15,29,10,2,Sex: Male,0.06579636250175684,0.04661232384116071,1.4115658066302155,29.15668576676088
15,29,10,3,Age,0.024922695901588802,0.016156719830089716,1.5425591434205375,35.172663928946236
15,29,10,4,Weight,1.493095486390178,0.6423136619095428,2.3245581947476173,56.98107269331787
15,29,10,5,Length,0.00441593611785431,0.0022549632156204217,1.9583184715673185,48.935782687089656
15,29,11,1,Status: Diseased,0.24142395917193302,0.1247495047005049,1.9352698814439133,48.32762037024543
15,29,11,2,Sex: Male,0.13981294212277234,0.10661948631604294,1.3113263527488483,23.74133274270247
15,29,11,3,Age,0.09395133207380539,0.053901918866983874,1.7430053335513567,42.62782902892732
15,29,11,4,Weight,2.586028513053883,0.5697264368776571,4.539070588379956,77.96905819089915
15,29,11,5,Length,0.01100706810305958,0.006106653696777514,1.8024713123765341,44.52061493941263
15,29,12,1,Status: Diseased,0.10913147404210498,0.05894647336992255,1.8513656170275545,45.98581766871408
15,29,12,2,Sex: Male,0.1266805448053736,0.10075914546263992,1.257261008156773,20.462020732984833
15,29,12,3,Age,0.022233996974849964,0.0149261269123858,1.489602567723047,32.867999715617835
15,29,12,4,Weight,1.7873826120071807,0.6691841178213063,2.670987796044002,62.56066757470404
15,29,12,5,Length,0.005341896329743754,0.0026189774580538602,2.0396877847559907,50.972888719847354
15,29,13,1,Status: Diseased,0.22708918502144526,0.1423617305262634,1.5951561152142009,37.3102111785643
15,29,13,2,Sex: Male,0.2280207083212117,0.14676231107354748,1.5536734646195571,35.636411204019204
15,29,13,3,Age,0.03872161972013356,0.017047768766930076,2.271359979685275,55.973513272054646
15,29,13,4,Weight,4.42079032629989,2.39004747458411,1.8496663239164939,45.9361947033455
15,29,13,5,Length,0.010420776318427078,0.005804513816341759,1.7952883993641136,44.29864302837374
15,29,14,1,Status: Diseased,0.16256953560744786,0.07230996105364512,2.2482315470594876,55.520595674056686
15,29,14,2,Sex: Male,0.18938537805816003,0.1076789674460607,1.75879637918174,43.142935030077865
15,29,14,3,Age,0.030327150244738955,0.023179871795428297,1.3083398610824197,23.56726033152602
15,29,14,4,Weight,2.5459425491614422,1.3535932008937166,1.8808771700984248,46.83331714065779
15,29,14,5,Length,0.006354424981036649,0.0050857110389395475,1.2494663838316793,19.96583397999492
15,29,15,1,Status: Diseased,0.1030624126365953,0.056457774101992764,1.8254777889473603,45.21982102139748
15,29,15,2,Sex: Male,0.15995986437977913,0.09893179782235383,1.6168700852582292,38.152111965118664
15,29,15,3,Age,0.046344732480812396,0.030133929224198205,1.5379584964179367,34.97873952196352
15,29,15,4,Weight,2.824594403243431,0.9020393613468726,3.131342737667136,68.0648180740188
15,29,15,5,Length,0.006582360978255384,0.0029715095855081595,2.2151572420823036,54.8564778606879
15,29,16,1,Status: Diseased,0.13863114850263644,0.04998838883423793,2.7732669873065707,63.9414450690443
15,29,16,2,Sex: Male,0.06295449974639895,0.07358303677391234,0.8555572385498289,-16.882886958563038
15,29,16,3,Age,0.03734777237596555,0.018809528401113627,1.9855772871878254,49.63681310958685
15,29,16,4,Weight,3.4273717556583323,1.7667939507785542,1.9398819846241997,48.450472352124905
15,29,16,5,Length,0.010558841267182355,0.0048038405292774615,2.197999955000691,54.504093700052614
15,29,17,1,Status: Diseased,0.24069881671633092,0.0642149821023094,3.7483280199758013,73.32143839411216
15,29,17,2,Sex: Male,0.08943791937893966,0.06573475272086407,1.3605880554343708,26.50236814839979
15,29,17,3,Age,0.052996775051289295,0.025335525100798936,2.0917969862648746,52.19421356058046
15,29,17,4,Weight,2.6313532320045963,1.2666893696740642,2.077346897354699,51.86167503976328
15,29,17,5,Length,0.010573147172243025,0.0063705836747751585,1.6596826463653962,39.74751726241526
15,29,18,1,Status: Diseased,0.4849755065878676,0.2959697254782578,1.6385983593565023,38.97223231733783
15,29,18,2,Sex: Male,0.10443528113394358,0.08041924263161089,1.2986354722631093,22.996096952648504
15,29,18,3,Age,0.0416006483534251,0.024556304338560302,1.694092391911774,40.97134224943273
15,29,18,4,Weight,2.2891336397098727,1.1520747146066217,1.9869663058194122,49.67202025161638
15,29,18,5,Length,0.0077367911526450344,0.004732107257007661,1.634956845322517,38.836306116524035
15,29,19,1,Status: Diseased,0.07393960014977785,0.04435591510368208,1.6669614408122078,40.01060999270856
15,29,19,2,Sex: Male,0.10612272687516648,0.05480526081613507,1.9363602197094767,48.35671638874942
15,29,19,3,Age,0.02400266465073124,0.02285363356514265,1.050277829226296,4.787098025608527
15,29,19,4,Weight,1.1162946881058615,0.34709655954403934,3.216092633047914,68.90636825182821
15,29,19,5,Length,0.0031611830458579027,0.0019288403785553696,1.6389033955342185,38.983590934959345
15,29,20,1,Status: Diseased,0.2612870073823065,0.18526964472074695,1.4103066251146479,29.093433853882157
15,29,20,2,Sex: Male,0.1204564777843585,0.08177888337661271,1.4729533201086344,32.10918592272516
15,29,20,3,Age,0.007685628470955484,0.007444722298911432,1.032359322802313,3.1345019207531633
15,29,20,4,Weight,1.298452969623844,0.47518399395724253,2.7325267394016644,63.40383478849441
15,29,20,5,Length,0.0028107701007711807,0.0014407059478448434,1.9509672358719838,48.743372947877795
15,29,21,1,Status: Diseased,0.054335961484038416,0.05223789704076109,1.0401636467417557,3.861281526956417
15,29,21,2,Sex: Male,0.09780376850894033,0.07689696051145158,1.2718808111326494,21.37628060372505
15,29,21,3,Age,0.017397974420909713,0.01508190146962003,1.1535663759609507,13.312313808819699
15,29,21,4,Weight,5.8797143874217435,2.8118615984670936,2.0910397548112294,52.17690157735543
15,29,21,5,Length,0.007918144314621811,0.003724992076797942,2.125680847468638,52.95624923229432
15,29,22,1,Status: Diseased,0.16510266660243145,0.06984352604774927,2.3638936340292624,57.69691217893347
15,29,22,2,Sex: Male,0.10698937531788803,0.09516460412817321,1.1242559804461387,11.052285476554037
15,29,22,3,Age,0.040830300695912085,0.03004941115378758,1.3587720733344761,26.404139470870668
15,29,22,4,Weight,2.1625683174523926,1.1799620064650358,1.8327440253191518,45.437006685870315
15,29,22,5,Length,0.008412509219675929,0.00488205480265619,1.7231492803192043,41.966722708159374
15,29,23,1,Status: Diseased,0.13195790358213536,0.06752814684891775,1.9541170569565274,48.82599297518711
15,29,23,2,Sex: Male,0.11416160169337161,0.08495515186835949,1.3437866825341962,25.58342681934174
15,29,23,3,Age,0.019774401957892613,0.011900058073185326,1.661706340950615,39.820895223404605
15,29,23,4,Weight,2.798376792846989,1.4813995046372492,1.8890088622867662,47.06218589205368
15,29,23,5,Length,0.007343913570309453,0.004627616967065994,1.5869752450505097,36.98704481252495
15,29,24,1,Status: Diseased,0.27873970472387416,0.10448870594493062,2.667653907693911,62.51387793911904
15,29,24,2,Sex: Male,0.18064551131181386,0.13712916376909054,1.3173383862822918,24.089359999435224
15,29,24,3,Age,0.03780789118975365,0.023831013726792125,1.5864994927701273,36.9681487729985
15,29,24,4,Weight,1.5418350274013615,0.5602694871939601,2.7519525204262862,63.66216376999496
15,29,24,5,Length,0.007376227334396736,0.004279143914000637,1.7237623886083766,41.98736400048052
15,29,25,1,Status: Diseased,0.173726060059573,0.10057177103676362,1.7273839196494623,42.10898986468915
15,29,25,2,Sex: Male,0.23745750929253337,0.11449774134304859,2.0739056203832265,51.78179806392467
15,29,25,3,Age,0.027799802102837102,0.013911171355532744,1.9983796757546646,49.9594590491238
15,29,25,4,Weight,5.468110036970209,2.689014175723235,2.0334998923906795,50.82370037284082
15,29,25,5,Length,0.009602405508327675,0.006297415841210809,1.5248168058854776,34.41835136258948
15,29,26,1,Status: Diseased,0.5729296155252487,0.26560013664712123,2.157113406483101,53.641751194232626
15,29,26,2,Sex: Male,0.08957910931305325,0.08656791545765762,1.0347841788666898,3.3614911763326205
15,29,26,3,Age,0.05908815701156394,0.03752358193248384,1.5746939382781,36.49559602080629
15,29,26,4,Weight,1.262981882534404,0.4652762988075559,2.7144771521164226,63.16049301721621
15,29,26,5,Length,0.006981369459263669,0.0040302625864383134,1.7322368727922897,42.271174588955375
15,29,27,1,Status: Diseased,0.10312453791491635,0.04529489747013357,2.2767363141270898,56.07747837134121
15,29,27,2,Sex: Male,0.09484567753205493,0.06191800637252998,1.5317947571085455,34.717102577918126
15,29,27,3,Age,0.018209223746801884,0.01273417114992699,1.4299496631868565,30.067468405052068
15,29,27,4,Weight,3.5956383645178547,1.1949267114098792,3.0090869424748283,66.76732779354164
15,29,27,5,Length,0.005273794007924514,0.0021841952256214524,2.4145250140925483,58.58398674010713
15,29,28,1,Status: Diseased,0.2098152272854876,0.13586607369000786,1.5442797571688291,35.244893591474145
15,29,28,2,Sex: Male,0.08709884952611352,0.052543506331912515,1.6576520222293134,39.67370795620073
15,29,28,3,Age,0.021952668946907977,0.00958320992455076,2.290742780315028,56.34603725074372
15,29,28,4,Weight,2.2122200860354475,0.794755778494656,2.783521864069495,64.07428973674362
15,29,28,5,Length,0.005442227587221992,0.0022345124627812744,2.4355324384488366,58.941216129443596
15,29,29,1,Status: Diseased,0.12250599640001997,0.08851148183169802,1.3840689802590982,27.74926580517687
15,29,29,2,Sex: Male,0.10256686937271876,0.07740130118528867,1.3251310740524502,24.53576709646922
15,29,29,3,Age,0.02586900235170301,0.017496142783811897,1.4785545975103727,32.36637986288602
15,29,29,4,Weight,3.4775572950064966,2.1365675796252144,1.6276373975573062,38.56125439850667
15,29,29,5,Length,0.01120810501142133,0.007066417407546258,1.5861085419964218,36.952612414450016
15,29,30,1,Status: Diseased,0.47680113366145,0.2937493722489611,1.6231562641684465,38.391637202453424
15,29,30,2,Sex: Male,0.21771798289586036,0.12634977124799607,1.7231371354723637,41.96631368368311
15,29,30,3,Age,0.07147951236995502,0.04963488859144047,1.4401062316936812,30.560678233860617
15,29,30,4,Weight,1.5234307886523375,0.7304925920583178,2.0854842406543073,52.049505793136255
15,29,30,5,Length,0.009121101876528297,0.0056882564675446515,1.6034969464844544,37.636301572483546
15,29,31,1,Status: Diseased,0.17691706896632303,0.08817260963838901,2.0064855706538602,50.16161518300246
15,29,31,2,Sex: Male,0.07869063155721612,0.05411546355468903,1.454124687995908,31.230106451310448
15,29,31,3,Age,0.02218738809843801,0.015259421908466181,1.4540123624295411,31.224793829876518
15,29,31,4,Weight,2.2792628964430395,0.9413217994054599,2.421342943383044,58.700604442143856
15,29,31,5,Length,0.005897799268349259,0.0020094952672815134,2.9349654932643476,65.92804916122633
15,29,32,1,Status: Diseased,0.14069227430546052,0.0536063240542721,2.624546203970653,61.89817506405073
15,29,32,2,Sex: Male,0.10840674823090767,0.06510477811934628,1.665112014239304,39.94398025787811
15,29,32,3,Age,0.03465382831369309,0.022619022763480486,1.5320656721581882,34.728646547421086
15,29,32,4,Weight,2.0060290301658794,0.6457997998131764,3.10627075255552,67.80705612421896
15,29,32,5,Length,0.005227165855919869,0.001987496246810947,2.6300255229699974,61.977555302553334
15,29,33,1,Status: Diseased,0.18405703397251988,0.08578150354359129,2.1456494275480757,53.39406395280788
15,29,33,2,Sex: Male,0.06745813277378328,0.06063091032723766,1.112603000840622,10.12068102958067
15,29,33,3,Age,0.02757173178331982,0.02090313528463552,1.3190237449013658,24.186353440151443
15,29,33,4,Weight,1.4098296600548914,0.5729649721688117,2.4605861239969755,59.359276627326494
15,29,33,5,Length,0.004767475021463109,0.0026972324974919885,1.767543222876088,43.42429723597746
15,29,34,1,Status: Diseased,0.1166083656087916,0.03273084289569235,3.5626447501032192,71.93096505142627
15,29,34,2,Sex: Male,0.20265082451984603,0.18694617497861243,1.0840062629953797,7.749610483176495
15,29,34,3,Age,0.020397617207184356,0.013413850544914964,1.5206384728147175,34.238149443306554
15,29,34,4,Weight,2.6394606883772984,0.4939668324898817,5.343396590157426,81.28531200843285
15,29,34,5,Length,0.004756150252430728,0.002502456643993809,1.9005924693424958,47.38482782971632
15,29,35,1,Status: Diseased,0.20947529530891007,0.06225184391957577,3.3649653105783472,70.2820116196643
15,29,35,2,Sex: Male,0.32768716020344174,0.2750252232101518,1.1914803899751767,16.070796597765746
15,29,35,3,Age,0.05777207114323456,0.03942469608661686,1.4653777169596474,31.758208929586353
15,29,35,4,Weight,1.3881870922521116,0.4197642243872433,3.307063850614085,69.76169662359827
15,29,35,5,Length,0.004639958129914032,0.002120408896543983,2.1882374373530586,54.30112002792428
15,29,36,1,Status: Diseased,0.16618664202019692,0.1006379957751142,1.6513309982003002,39.44278881157999
15,29,36,2,Sex: Male,0.07596004147867272,0.06456057928982949,1.1765700108988806,15.007182680441078
15,29,36,3,Age,0.04109381506264088,0.029233781809532896,1.4056961678916453,28.86087172736159
15,29,36,4,Weight,1.9224336246680003,0.6983893285867618,2.7526675250868666,63.67160251333141
15,29,36,5,Length,0.006276405448423234,0.0031489464606312603,1.9931762978164516,49.82882341639764
15,29,37,1,Status: Diseased,0.25925921608766966,0.057827325254870596,4.483334045712812,77.69517083037232
15,29,37,2,Sex: Male,0.1436770715160652,0.0824561076312697,1.7424673034357345,42.61011394427684
15,29,37,3,Age,0.023452899290511135,0.014485718429594755,1.619035977021075,38.234849985240125
15,29,37,4,Weight,1.2718724473269827,0.5829397878868081,2.181824733455915,54.16680429614327
15,29,37,5,Length,0.002977311144330068,0.001521145104891455,1.9572827962014325,48.908762599827924
15,29,38,1,Status: Diseased,0.21533551509118862,0.10594363054167974,2.0325480068051145,50.800670062801515
15,29,38,2,Sex: Male,0.10606538626186125,0.09727334349441244,1.0903849138068729,8.289266722455935
15,29,38,3,Age,0.019537523894423873,0.011449360412706482,1.7064292842717361,41.398098988510014
15,29,38,4,Weight,1.1527687903738322,0.5354955705300404,2.1527139603280134,53.54701003343574
15,29,38,5,Length,0.0033893035206086176,0.0014664409227715292,2.311244502235341,56.73326647038681
15,29,39,1,Status: Diseased,0.28311804101335675,0.21055010305102725,1.3446587625024458,25.631689772431677
15,29,39,2,Sex: Male,0.3065222777464622,0.2183953776891281,1.4035199874183102,28.750569356732914
15,29,39,3,Age,0.02246788707366113,0.014241406389871094,1.5776452450399108,36.6143939428726
15,29,39,4,Weight,5.202270776017058,2.0702133404843095,2.51291529925125,60.20558272306429
15,29,39,5,Length,0.007692790100766853,0.0038285123949517883,2.0093418297170555,50.23245994232776
15,29,40,1,Status: Diseased,0.6343836743138943,0.34094448454558746,1.8606656012030935,46.25579151066119
15,29,40,2,Sex: Male,0.21503045894091866,0.13944439398787917,1.5420516579505492,35.15132940948025
15,29,40,3,Age,0.09001686396726268,0.06836781337569073,1.3166555945355072,24.04999423157562
15,29,40,4,Weight,2.111622585003592,1.235722636801346,1.7088159770784024,41.479947904646785
15,29,40,5,Length,0.009794056189423177,0.006987488297192774,1.4016561850068419,28.655827962895287
15,29,41,1,Status: Diseased,0.2483434187943712,0.09162287310406136,2.710495866161207,63.106381659372545
15,29,41,2,Sex: Male,0.2004470773821818,0.20578287082951427,0.9740707599917146,-2.6619462438751462
15,29,41,3,Age,0.02665573093019969,0.017010895722107337,1.5669798560670698,36.182970308892216
15,29,41,4,Weight,3.1608159627994605,1.0903708774979513,2.898844813291888,65.5035000350911
15,29,41,5,Length,0.004992049771516037,0.0021210445595617293,2.353580809517525,57.51155023204849
15,29,42,1,Status: Diseased,0.9674535582579941,0.7452577869298062,1.298146192129779,22.967073657600235
15,29,42,2,Sex: Male,0.18694525131522213,0.15111275797682994,1.2371242098823076,19.167372846487762
15,29,42,3,Age,0.09505084058023423,0.07453239343148566,1.2752956963284734,21.586812934524822
15,29,42,4,Weight,5.258799365473927,3.621801499575832,1.451984424350648,31.12873779984128
15,29,42,5,Length,0.020224119860859514,0.016602796009274973,1.2181153011553914,17.905965137167847
15,29,43,1,Status: Diseased,0.15184287830926607,0.039272568243480056,3.866385242948166,74.13604860447151
15,29,43,2,Sex: Male,0.07675256363073232,0.05522639253825316,1.3897805035440043,28.046191650411423
15,29,43,3,Age,0.03395456235623946,0.01741413033015098,1.949828197705069,48.713430179284956
15,29,43,4,Weight,1.092641293165143,0.3809555621673434,2.868159443450193,65.13443482775592
15,29,43,5,Length,0.004953407992937207,0.001971409397446521,2.5126226948867836,60.200948513479105
15,29,44,1,Status: Diseased,0.08636232478442955,0.04552171760112601,1.8971675353105155,47.289842283943216
15,29,44,2,Sex: Male,0.2566137210097904,0.19507588660191952,1.315455874530755,23.98072642636404
15,29,44,3,Age,0.04887082678472255,0.03540777989344649,1.380228495878328,27.548228211037195
15,29,44,4,Weight,0.9692880022813019,0.46732836052409443,2.0741048139990372,51.78642886075166
15,29,44,5,Length,0.0028252834049663313,0.0014519253169289004,1.9458875549758619,48.60956906564908
15,29,45,1,Status: Diseased,0.30350034928446884,0.19234645635581243,1.5778837574373514,36.62397529054328
15,29,45,2,Sex: Male,0.13606783754110086,0.12120886990061551,1.1225897712986588,10.920264412960211
15,29,45,3,Age,0.018298270239285343,0.014978381393313847,1.221645367332778,18.143184041756488
15,29,45,4,Weight,1.7523107922863392,0.4151670413225421,4.2207367586411415,76.3074539545094
15,29,45,5,Length,0.005619534825572166,0.002546893676128754,2.206426942059783,54.67785581577145
15,29,46,1,Status: Diseased,0.18758983111337185,0.06997821575887037,2.680688969832632,62.69615717251842
15,29,46,2,Sex: Male,0.0962403623065975,0.04945260361597231,1.946113152180193,48.615526343896335
15,29,46,3,Age,0.01392314424344687,0.015440736309318758,0.9017150454829026,-10.89977981508139
15,29,46,4,Weight,2.294238700877087,0.3635552048657351,6.310564861048748,84.1535580091667
15,29,46,5,Length,0.0052009853882231125,0.002279332134906641,2.281802335242441,56.17499445263079
15,29,47,1,Status: Diseased,0.16033572737233134,0.06917567327948687,2.3178050862553263,56.855733645161166
15,29,47,2,Sex: Male,0.1756540128950488,0.10142260620134168,1.7319019839259973,42.260011866657166
15,29,47,3,Age,0.021170317055801337,0.013340963222538783,1.5868657084696338,36.98269521720301
15,29,47,4,Weight,2.2393798068077664,0.9588487392221317,2.3354880860817198,57.18239771979683
15,29,47,5,Length,0.004046167405421828,0.0021085390224213417,1.9189435729652324,47.887993472639856
15,29,48,1,Status: Diseased,0.11695582081519607,0.04804980640441144,2.43405394458485,58.91627618916395
15,29,48,2,Sex: Male,0.14365839257189336,0.0616757575061614,2.329252179149026,57.067765828372345
15,29,48,3,Age,0.02375481269034184,0.017523190605925328,1.3556214290284179,26.233092913210577
15,29,48,4,Weight,4.879312491107911,1.7081551809302018,2.8564808078214576,64.99188801612617
15,29,48,5,Length,0.0057202317179532326,0.003081075087937612,1.8565700460686274,46.13723289796978
15,29,49,1,Status: Diseased,0.15285920435297218,0.051340791609750566,2.977344126574421,66.41301920478541
15,29,49,2,Sex: Male,0.24193907375415852,0.188311477589045,1.2847813465844382,22.165744182192782
15,29,49,3,Age,0.02252093005232126,0.012226865961184245,1.841921725797669,45.70887644169914
15,29,49,4,Weight,1.1094657827207335,0.3371777730580413,3.290447566156004,69.60899756356766
15,29,49,5,Length,0.002920040504924299,0.0012322989085560533,2.36958783672531,57.798567982946516
15,29,50,1,Status: Diseased,0.0972850999483256,0.05868655008937741,1.657706915812295,39.67570561108573
15,29,50,2,Sex: Male,0.07981309647123198,0.05382881116989084,1.4827207723263904,32.55641799426612
15,29,50,3,Age,0.02420192123036067,0.02311217759576944,1.0471501930129985,4.5027154010574
15,29,50,4,Weight,1.5088779438053392,0.3202511326479599,4.7115460024430025,78.77554417421615
15,29,50,5,Length,0.004831978156503027,0.002640085211676588,1.8302356814591132,45.36222792887673
15,29,51,1,Status: Diseased,0.21500079371265132,0.18409552786676434,1.1678762444911432,14.374489187789653
15,29,51,2,Sex: Male,0.09121382355114549,0.06561400271168216,1.3901578898021631,28.065724955723383
15,29,51,3,Age,0.06088580835519485,0.05034591290080257,1.2093495747144207,17.310923085564987
15,29,51,4,Weight,1.4467482290744844,0.7316266098847996,1.977440691095539,49.4295831726826
15,29,51,5,Length,0.007357275484672779,0.004710229871489953,1.5619780107134147,35.978612173723114
15,29,52,1,Status: Diseased,0.0793479080059704,0.05272879061705458,1.5048307969404886,33.547346184492866
15,29,52,2,Sex: Male,0.252727545862319,0.16998752937698133,1.4867416850435253,32.73882006135287
15,29,52,3,Age,0.04084639696352655,0.026242457461995872,1.5565004543755092,35.7533113987291
15,29,52,4,Weight,5.3339564714627254,2.4460112448939073,2.1806753679474924,54.14264705795133
15,29,52,5,Length,0.007730011698229222,0.0034994228914995346,2.208938998772121,54.72939721034088
15,29,53,1,Status: Diseased,0.15531725823183204,0.09419160638648574,1.6489500942847959,39.3553508098295
15,29,53,2,Sex: Male,0.11190735039771636,0.07156344652640399,1.5637501522013353,36.051165296945186
15,29,53,3,Age,0.03272890018944277,0.020595264313455312,1.5891468879115236,37.07315493571445
15,29,53,4,Weight,1.0958054010839224,0.40077454603582485,2.734219056381813,63.42648561146018
15,29,53,5,Length,0.003690354827975678,0.0022181500697377385,1.6637083659592087,39.893311805074006
15,29,54,1,Status: Diseased,0.43115851826371654,0.11745612844191186,3.6708047845876917,72.7580174189971
15,29,54,2,Sex: Male,0.11073803829653409,0.06175963141558786,1.7930488857902136,44.22907217282642
15,29,54,3,Age,0.054625863180688114,0.025635560986024264,2.1308627968183917,53.07065281288368
15,29,54,4,Weight,1.4079574515018438,0.6109317623384382,2.3046067307298994,56.60864881344476
15,29,54,5,Length,0.0056639194772018665,0.0031399340321151686,1.8038339083787864,44.56252344769592
15,29,55,1,Status: Diseased,0.3736130869564721,0.2677361047209648,1.3954527625097577,28.338670654714647
15,29,55,2,Sex: Male,0.08304352255869317,0.06583020031004552,1.261480629977985,20.728073326226838
15,29,55,3,Age,0.04963503945958452,0.03126735826889676,1.5874394962544383,37.0054731308186
15,29,55,4,Weight,3.7998209997280146,1.3378258136623566,2.8402957701390426,64.79239906937416
15,29,55,5,Length,0.009433652155227202,0.004448050833511868,2.120850796972357,52.84911124216938
15,29,56,1,Status: Diseased,0.1160083134493619,0.0565310387236648,2.0521171389833133,51.26983830487215
15,29,56,2,Sex: Male,0.05694887025941791,0.03766991078144084,1.5117867039779507,33.85310259914913
15,29,56,3,Age,0.02145952245080257,0.012255338345951935,1.751034679339626,42.89090834128234
15,29,56,4,Weight,1.2092538388576657,0.5402582445639749,2.238288542609129,55.323007692550675
15,29,56,5,Length,0.003925667454797455,0.001524939089410707,2.574310988588061,61.15465441304462
15,29,57,1,Status: Diseased,0.07914091113907262,0.053233861089135,1.4866648693123865,32.73534468716404
15,29,57,2,Sex: Male,0.11590955106049836,0.08262474524798294,1.4028430673234418,28.716189052567888
15,29,57,3,Age,0.04691927297805653,0.03322381842475293,1.4122179569552427,29.18940061093608
15,29,57,4,Weight,1.8438400037650275,0.7084267121607218,2.602725126133743,61.57873184689829
15,29,57,5,Length,0.004210526777602897,0.0015882050228571074,2.6511229450895164,62.28013484428446
15,29,58,1,Status: Diseased,0.09847702172906654,0.044204763424684795,2.2277468331404995,55.111595935240096
15,29,58,2,Sex: Male,0.1459128948390209,0.1368784099615832,1.0660037246193417,6.191697373563199
15,29,58,3,Age,0.016499599015113147,0.009751073073240607,1.6920803373315076,40.90115120792384
15,29,58,4,Weight,1.6458962068595,0.5829782282568372,2.8232550155104303,64.5798911360756
15,29,58,5,Length,0.003658780435460762,0.002138352716971434,1.7110275617404793,41.555587860736324
15,29,59,1,Status: Diseased,0.1651999533169289,0.0921220204001175,1.7932732326039846,44.23604937503498
15,29,59,2,Sex: Male,0.1021378690693218,0.09313872683631887,1.0966208422498405,8.810779307423333
15,29,59,3,Age,0.024992323775462066,0.01659967968311599,1.5055907253970975,33.58088734664254
15,29,59,4,Weight,2.6335348924096476,1.0664723626678667,2.469388785492432,59.504149128927644
15,29,59,5,Length,0.005668314473087895,0.0031169992813301936,1.8185164517166383,45.0101208017105
15,29,60,1,Status: Diseased,0.17237552791595395,0.08123404314622376,2.1219616953654854,52.87379587557726
15,29,60,2,Sex: Male,0.028258737694400834,0.030691428826607216,0.9207371169993422,-8.60863340222162
15,29,60,3,Age,0.022032495548220773,0.01510885200745101,1.458250801408031,31.424690524123942
15,29,60,4,Weight,1.9356536165714913,0.80755276782769,2.3969376289531925,58.28009924326955
15,29,60,5,Length,0.005845101072534027,0.0031102349706786494,1.879311732919855,46.78903012826313
15,29,61,1,Status: Diseased,0.12460627314773426,0.06363356744513661,1.958184620957593,48.93229222120132
15,29,61,2,Sex: Male,0.1586389308868957,0.08204588001735115,1.9335392691667952,48.281371061528944
15,29,61,3,Age,0.021824202588819407,0.014105862089378607,1.5471725478765692,35.365967979947754
15,29,61,4,Weight,2.101376557513164,0.4394091626105779,4.782277513351466,79.08946109446521
15,29,61,5,Length,0.0034442139394556424,0.00165738323554512,2.0781035222205726,51.87920191139261
15,29,62,1,Status: Diseased,0.2451945189664226,0.12331828602611841,1.9883062509844744,49.70593692471329
15,29,62,2,Sex: Male,0.189107418665876,0.12686602873639077,1.4906072220390363,32.91324601043615
15,29,62,3,Age,0.02528245593246837,0.018058279194060917,1.400047903832574,28.573872560893033
15,29,62,4,Weight,1.340672332123837,0.4344161483373232,3.086147550580481,67.59714227494055
15,29,62,5,Length,0.004084643466668993,0.0022062779403537775,1.851373026017755,45.986033827501075
15,29,63,1,Status: Diseased,0.18828597255362145,0.1004699754053016,1.8740521413891575,46.63969171856972
15,29,63,2,Sex: Male,0.11095155894363876,0.058250768029286554,1.9047226791560241,47.49891882197274
15,29,63,3,Age,0.023316042872017214,0.012115112718283095,1.924541967886987,48.039584655151465
15,29,63,4,Weight,2.511355910311918,1.1618842832975533,2.161450969269003,53.73478213395712
15,29,63,5,Length,0.006528626200949791,0.0028492029835281304,2.291386832982141,56.35830730952822
15,29,64,1,Status: Diseased,0.7735468819639173,0.43649698155242417,1.7721700599457932,43.572006851837465
15,29,64,2,Sex: Male,0.10086243425786655,0.10160475779054624,0.9926940081466464,-0.7359762216147425
15,29,64,3,Age,0.020187543723210542,0.012634592863866942,1.597799307086809,37.413917031717084
15,29,64,4,Weight,3.3275401003143505,1.8069566689198582,1.841516267406373,45.69692281847614
15,29,64,5,Length,0.005280863916521157,0.0029760205598900608,1.7744715838644074,43.64519504887079
15,29,65,1,Status: Diseased,0.15251287242836978,0.05762286400914885,2.64674231402582,62.21770458345253
15,29,65,2,Sex: Male,0.2035363865392898,0.1522113831362281,1.3371955654402417,25.216623069582766
15,29,65,3,Age,0.036609256800324654,0.02423693525124574,1.5104738458400178,33.795609718493914
15,29,65,4,Weight,1.6421636216605227,0.7077698704128671,2.3201943036973174,56.90016140430729
15,29,65,5,Length,0.006897680901807219,0.0038467241538950366,1.7931311489603192,44.23163076611474
15,29,66,1,Status: Diseased,0.27059435691443917,0.1095920291549674,2.4691061840985555,59.49951417884891
15,29,66,2,Sex: Male,0.17337850538544666,0.11916656536018344,1.4549257575848267,31.267970562291946
15,29,66,3,Age,0.02939670222787341,0.017660385773167853,1.6645560638056403,39.923921954678974
15,29,66,4,Weight,1.6844936564430004,0.37161796896046534,4.532863847125233,77.9388917530756
15,29,66,5,Length,0.003803046394802434,0.0016771684834432624,2.2675398639704336,55.89934201866632
15,29,67,1,Status: Diseased,0.08160826096974481,0.05629641367306883,1.4496174026940671,31.016280699891418
15,29,67,2,Sex: Male,0.11257366125116354,0.08708699995055275,1.2926574725858269,22.63998613649725
15,29,67,3,Age,0.03983858369552413,0.024033883381098443,1.657600774032854,39.671842842649404
15,29,67,4,Weight,3.5248654154137475,1.5001796585653788,2.3496288563095002,57.440086875223614
15,29,67,5,Length,0.011340845966025876,0.007238116294921874,1.5668228450518817,36.176575216652054
15,29,68,1,Status: Diseased,0.1957926889366748,0.10145633295819076,1.9298222518781476,48.18175616812497
15,29,68,2,Sex: Male,0.14664647831189107,0.10908787797107652,1.3442967361668985,25.611661986818433
15,29,68,3,Age,0.010766576560985284,0.008540592620577894,1.2606357707595202,20.674946467883405
15,29,68,4,Weight,2.7649012566246367,1.5346403073906123,1.801660782210177,44.49565590403451
15,29,68,5,Length,0.0050638700673242875,0.0037058783714969245,1.366442597326481,26.817269751648976
15,29,69,1,Status: Diseased,0.13593790455631805,0.10753401754477136,1.2641386201321907,20.89475125003061
15,29,69,2,Sex: Male,0.2554127180336209,0.2060932598207629,1.239306507431396,19.30971119706182
15,29,69,3,Age,0.07628833929559348,0.045243421631482296,1.6861752834915742,40.69418465621833
15,29,69,4,Weight,2.2143335122983445,1.0328826710120733,2.1438383801411085,53.35469272015834
15,29,69,5,Length,0.011290808671626493,0.0061848255818265545,1.8255662220780036,45.2224746543721
15,29,70,1,Status: Diseased,0.1412087123435646,0.04985600424926957,2.832331119789517,64.69339361443325
15,29,70,2,Sex: Male,0.1579057700177084,0.11556420755789878,1.3663899346914665,26.814449183877954
15,29,70,3,Age,0.019165804970499224,0.013800078938210579,1.388818502873318,27.99635100402924
15,29,70,4,Weight,1.1809177956930172,0.537650249367429,2.1964423843984506,54.47183103444462
15,29,70,5,Length,0.002720472765136081,0.001973619172184833,1.3784182903556146,27.45308104247424
15,29,71,1,Status: Diseased,0.12251098703959291,0.04270294830058772,2.868911677414714,65.14357664363031
15,29,71,2,Sex: Male,0.09065770408619139,0.05465409884275367,1.65875398196619,39.71378451103048
15,29,71,3,Age,0.0151703258956807,0.009634460332123156,1.5745901039313948,36.491408303454556
15,29,71,4,Weight,1.795322737084438,0.345127446076369,5.201912387713068,80.77630060894523
15,29,71,5,Length,0.0032766174638638387,0.001484237413118716,2.2076100729592376,54.70214544457443
15,29,72,1,Status: Diseased,0.12135087559418432,0.044167972406332426,2.7474857681442058,63.603087171750786
15,29,72,2,Sex: Male,0.06257567023190067,0.05852687971917164,1.0691783080211392,6.470231158091499
15,29,72,3,Age,0.024254731173800583,0.013656479195642963,1.7760603466183982,43.69560685795444
15,29,72,4,Weight,1.5489669718714942,0.6734042022604793,2.300203899339997,56.5255932186302
15,29,72,5,Length,0.004981579871932991,0.0018979499717213535,2.624716112730267,61.90064155320074
15,29,73,1,Status: Diseased,0.09389952044050244,0.07085699593495386,1.3251975927218456,24.539555045064386
15,29,73,2,Sex: Male,0.08164933737776696,0.06968836996469062,1.1716350578889514,14.649191037199161
15,29,73,3,Age,0.01578414045052256,0.011931531346037116,1.322893096682433,24.408102022165522
15,29,73,4,Weight,3.784777323766698,0.7668594265110577,4.935425180839351,79.73832115048023
15,29,73,5,Length,0.0052815804094705114,0.0019912716716267084,2.652365563537539,62.29780639037289
15,29,74,1,Status: Diseased,0.5410337888812109,0.34072584864980954,1.587885952959423,37.02318493741633
15,29,74,2,Sex: Male,0.295530364807987,0.24191507421887268,1.2216285643308276,18.1420581346859
15,29,74,3,Age,0.10887157500871636,0.07920185143575992,1.3746089647540796,27.252038533089152
15,29,74,4,Weight,4.2492023427614924,2.605264762225272,1.631005955468442,38.68814539596273
15,29,74,5,Length,0.021258903216865,0.01500695767231032,1.4166031304326452,29.408598744618775
15,29,75,1,Status: Diseased,0.190746826694539,0.11602423901820212,1.64402566488382,39.17369896590587
15,29,75,2,Sex: Male,0.06473758584939165,0.06376292495099016,1.0152856993174426,1.5055564485660478
15,29,75,3,Age,0.0404632352734289,0.02355297188132092,1.7179672899588074,41.791674041478544
15,29,75,4,Weight,1.0156343878773408,0.3829704221714013,2.651991718103979,62.29249159514939
15,29,75,5,Length,0.004185120347146044,0.001786848572728382,2.342179640189478,57.304726638341805
15,29,76,1,Status: Diseased,0.17751004961748543,0.08875979358293878,1.99989254652352,49.997313518752115
15,29,76,2,Sex: Male,0.08896989266774803,0.08189794621219354,1.086350717968329,7.948696175192871
15,29,76,3,Age,0.018208606490184548,0.011522921891281134,1.5802074041621479,36.71716779923477
15,29,76,4,Weight,2.3479886247756627,0.8478836793129719,2.7692343679479765,63.88893581654458
15,29,76,5,Length,0.005394949890110374,0.0027380458400397475,1.970365072497127,49.24798384024044
15,29,77,1,Status: Diseased,0.16026460902972342,0.04617685041692179,3.4706699911909427,71.18711941676554
15,29,77,2,Sex: Male,0.07326462696091111,0.07244859290198331,1.0112636288192902,1.1138172577650374
15,29,77,3,Age,0.03626339519597236,0.027200138738362415,1.3332062584235038,24.992851355012025
15,29,77,4,Weight,3.409867652754645,1.2351817716129128,2.7606201217671837,63.77625475830192
15,29,77,5,Length,0.009538368283405003,0.004040122454783281,2.3609106877718777,57.64346338133801
15,29,78,1,Status: Diseased,0.49826908738164805,0.2112983002708815,2.3581310722465534,57.59353617916938
15,29,78,2,Sex: Male,0.18667628330561642,0.15287966651767662,1.2210667877407495,18.10439772502316
15,29,78,3,Age,0.02281456534585224,0.01030108913813802,2.214772150780175,54.84862857573226
15,29,78,4,Weight,1.924053096747297,0.5272802486241044,3.6490141661250535,72.59533796050137
15,29,78,5,Length,0.004624436083056176,0.0015489715110753156,2.9854881448696453,66.50464006301848
15,29,79,1,Status: Diseased,0.10030802907328325,0.03815360111564856,2.62905796937061,61.96356217130512
15,29,79,2,Sex: Male,0.10064795558883978,0.06169931214241602,1.6312654403102815,38.6978982519368
15,29,79,3,Age,0.02509184376379274,0.014132515539392206,1.7754690376142235,43.67685502734847
15,29,79,4,Weight,0.9983018480541103,0.4358506976475982,2.2904674776069194,56.340790263269746
15,29,79,5,Length,0.004161963272035827,0.0020090980253555076,2.071558091994726,51.7271562953328
15,29,80,1,Status: Diseased,0.21750322889374743,0.07352480606877881,2.9582292089323423,66.19599329962296
15,29,80,2,Sex: Male,0.30035572195457894,0.23414988217004942,1.28274983173576,22.042476618621386
15,29,80,3,Age,0.027902652718164486,0.012020423308113325,2.3212703914787483,56.92014150221606
15,29,80,4,Weight,1.269598013183781,0.5438522307045474,2.3344539959669697,57.1634308610231
15,29,80,5,Length,0.0037629163235018697,0.0014226085675031405,2.645082006012566,62.19398877891541
15,29,81,1,Status: Diseased,0.3314249065529662,0.21375148132779112,1.550515133248228,35.50530539453264
15,29,81,2,Sex: Male,0.11689373474264318,0.09835908561489931,1.188438607494906,15.855981647391381
15,29,81,3,Age,0.026443123086838147,0.023410969566517063,1.1295184939566854,11.46669971759241
15,29,81,4,Weight,1.6956686653789512,0.3579800686173759,4.736768367937693,78.88856025198922
15,29,81,5,Length,0.003927734170045817,0.002621589123799541,1.498226451425479,33.25441564267167
15,29,82,1,Status: Diseased,0.28945931135578484,0.1826495907255814,1.5847794139910107,36.899735624299815
15,29,82,2,Sex: Male,0.08559112973221761,0.06428302521543669,1.3314732691152822,24.895225221872806
15,29,82,3,Age,0.026973820994429982,0.018546780003376614,1.454366795180573,31.241554516112224
15,29,82,4,Weight,1.900528202138121,0.9601403722179344,1.9794274432475751,49.48034072118672
15,29,82,5,Length,0.006284225601125153,0.003634324958886905,1.7291314541806522,42.167497006533296
15,29,83,1,Status: Diseased,0.28158568001662077,0.10964409965702138,2.5681790529308124,61.061904976648826
15,29,83,2,Sex: Male,0.08326753382929834,0.10298578730111041,0.8085342260465541,-23.680602228757298
15,29,83,3,Age,0.025573603306144298,0.014261043286823885,1.793249118721374,44.23529951527192
15,29,83,4,Weight,1.706448338039362,1.0089824191688221,1.6912567608909352,40.872372360941156
15,29,83,5,Length,0.0041050707790401715,0.002392923096915894,1.7155046830928122,41.70811599318158
15,29,84,1,Status: Diseased,0.08436584322136033,0.041569553947508,2.0295104279418874,50.7270331685808
15,29,84,2,Sex: Male,0.08104840573620421,0.061230571964722674,1.3236591319594297,24.451848980206325
15,29,84,3,Age,0.0581320971835863,0.05063839715903458,1.1479845422637898,12.890813143874635
15,29,84,4,Weight,1.5088947009567053,0.5283168481130942,2.8560412304581733,64.9864998678756
15,29,84,5,Length,0.004433113027961386,0.0030937942406341267,1.432904932634674,30.211699518592216
15,29,85,1,Status: Diseased,0.09467884223996187,0.06410871071112474,1.476848328249601,32.28823970128158
15,29,85,2,Sex: Male,0.21007549275715312,0.15279704816720746,1.3748661723311908,27.265648095448924
15,29,85,3,Age,0.029131201615532044,0.028821477347859357,1.01074630088994,1.063204572747689
15,29,85,4,Weight,5.792145269748004,1.6051323559222315,3.608515676839694,72.28777454347126
15,29,85,5,Length,0.014097546496180597,0.0060545055454754425,2.3284389435757893,57.05277122429941
15,29,86,1,Status: Diseased,0.07661355647737361,0.05025996115944557,1.5243457159531708,34.398083746067954
15,29,86,2,Sex: Male,0.11634950574011696,0.0843577226925373,1.37923952930998,27.496277568241524
15,29,86,3,Age,0.04566321951217563,0.032583078742771436,1.4014396820099768,28.644806277657477
15,29,86,4,Weight,1.937859315274936,0.49775667224694026,3.893186015020511,74.31409657432637
15,29,86,5,Length,0.0062202688414214075,0.0035556607061751977,1.7493988756065852,42.837507560803665
15,29,87,1,Status: Diseased,0.17617243241169261,0.113696495667158,1.5494974702424467,35.46294723259328
15,29,87,2,Sex: Male,0.14210752124227943,0.11010983511106709,1.290597893448269,22.51653244775089
15,29,87,3,Age,0.03136709415428246,0.020119631514826843,1.5590292561355796,35.85752184800336
15,29,87,4,Weight,1.8815623019426235,0.8889766967312965,2.116548508932791,52.753268078688095
15,29,87,5,Length,0.007682784117620378,0.0036533733405043605,2.102928828116905,52.447273220584314
15,29,88,1,Status: Diseased,0.2199668424607992,0.09218057722445896,2.3862601980152687,58.09342162972282
15,29,88,2,Sex: Male,0.14089783623603644,0.08236069228611817,1.7107412811267089,41.54580759626075
15,29,88,3,Age,0.031238464176582763,0.021646403175128535,1.4431249350689077,30.705930186685393
15,29,88,4,Weight,2.5852282667719177,0.9222190227462324,2.803269291793059,64.32736580364819
15,29,88,5,Length,0.003062577202151545,0.00169031548929391,1.8118376253126955,44.80741618182174
15,29,89,1,Status: Diseased,0.11613920847786076,0.048426431636392944,2.398260713279171,58.30311548435917
15,29,89,2,Sex: Male,0.11818441186419301,0.10013163242916982,1.1802904736202438,15.275093517212602
15,29,89,3,Age,0.04411895220388459,0.028219849948913186,1.5634013746973774,36.036899021304315
15,29,89,4,Weight,0.9387190099861772,0.35036296955242846,2.679275755612372,62.67648083982154
15,29,89,5,Length,0.005836132964700775,0.0026199071236291385,2.2276106324778673,55.10885136655786
15,29,90,1,Status: Diseased,0.14245167252453647,0.03160514755945418,4.507230104101327,77.81342472198045
15,29,90,2,Sex: Male,0.231091415570927,0.08782399026908604,2.6313017076869367,61.99599623719864
15,29,90,3,Age,0.036847147697637146,0.01690392359875967,2.179798523245858,54.124200501295114
15,29,90,4,Weight,1.7456341341157386,0.4451875296190974,3.9211209164131433,74.49708842657286
15,29,90,5,Length,0.0031229385057332678,0.0022580135815375548,1.3830468210057256,27.695867933609154
15,29,91,1,Status: Diseased,0.24612550621824952,0.1176439138644154,2.092122729798918,52.20165692210066
15,29,91,2,Sex: Male,0.15453368503361087,0.1471023011956755,1.050518474405442,4.808908709009985
15,29,91,3,Age,0.016341138470574612,0.010560944366782293,1.5473179199743694,35.372040413222614
15,29,91,4,Weight,6.288046135443744,1.6686426904488365,3.7683598600443133,73.46325624038887
15,29,91,5,Length,0.013364754172986488,0.005961077509971053,2.2420030859574225,55.3970283866509
15,29,92,1,Status: Diseased,0.15573767546518133,0.10906968995720287,1.42787309220637,29.9657647827241
15,29,92,2,Sex: Male,0.324650445781838,0.2373753840320206,1.3676668585738632,26.88277896543084
15,29,92,3,Age,0.018402053092916648,0.01335865676176818,1.3775376836975421,27.406704598030863
15,29,92,4,Weight,3.712663533217889,1.9853515342754027,1.8700282892585602,46.52487313994133
15,29,92,5,Length,0.006968288763892803,0.004097565851414176,1.7005922580811887,41.19695681031035
15,29,93,1,Status: Diseased,0.09571571469958604,0.04599073931007341,2.0811953914083157,51.95069121677642
15,29,93,2,Sex: Male,0.23663644726336722,0.120497228455019,1.9638331129890043,49.07917615881452
15,29,93,3,Age,0.05629773716322792,0.026637390626099527,2.1134854368230402,52.6847934422872
15,29,93,4,Weight,4.057872416868791,1.8641076798319869,2.176844428447679,54.0619445775872
15,29,93,5,Length,0.011119636605716118,0.00700860249039812,1.5865697363989713,36.97093943883648
15,29,94,1,Status: Diseased,0.08429467155268393,0.043864041882966505,1.9217260410609274,47.963446472946266
15,29,94,2,Sex: Male,0.07979505203639312,0.10177868197854076,0.7840055548490722,-27.5501166815723
15,29,94,3,Age,0.019719462301990887,0.013751615308428283,1.4339742539121894,30.26374097918526
15,29,94,4,Weight,1.289070843308844,0.604839913059946,2.1312595539327175,53.07938922057874
15,29,94,5,Length,0.004207713550961178,0.002372061404528277,1.7738636710367748,43.625881947538424
15,29,95,1,Status: Diseased,0.12011012997180087,0.06942400800595107,1.7300950121102914,42.19970620109208
15,29,95,2,Sex: Male,0.12023397112644335,0.108033245398394,1.1129349181639112,10.147486283405316
15,29,95,3,Age,0.01938841254164156,0.022519581947588983,0.8609579248302761,-16.149694562267225
15,29,95,4,Weight,1.859174114150061,0.7499284799872817,2.4791352292442492,59.66335405169308
15,29,95,5,Length,0.004399211720923646,0.002265316713477481,1.9419852838901408,48.50630392024276
15,29,96,1,Status: Diseased,0.109270300914361,0.047891383452374654,2.281627571335965,56.17163762557145
15,29,96,2,Sex: Male,0.24734591806162387,0.09933009898099324,2.4901406582606285,59.841625946604026
15,29,96,3,Age,0.04345883810849683,0.026379805178985697,1.6474283192628119,39.299331673047966
15,29,96,4,Weight,4.485229354080395,0.8010217980732003,5.599384891733643,82.14089548521129
15,29,96,5,Length,0.0084694993185562,0.0030618099811929255,2.766174050832626,63.84898485693634
15,29,97,1,Status: Diseased,0.12904455457946276,0.058790582308163926,2.1949868416517293,54.44164033131518
15,29,97,2,Sex: Male,0.10446949290348025,0.05937066626046182,1.7596146293047785,43.169374512696635
15,29,97,3,Age,0.026050297608868973,0.01931086198238444,1.348997141227166,25.870858474146775
15,29,97,4,Weight,2.2288841699985564,0.2680790727490377,8.314278869821095,87.972498689817
15,29,97,5,Length,0.004260414064665013,0.0025095464687761005,1.697682875241918,41.09618382894384
15,29,98,1,Status: Diseased,0.3952448168407568,0.27747982886101785,1.4244091848518627,29.795454098816478
15,29,98,2,Sex: Male,0.3802328580158695,0.3562348653717941,1.067365648275413,6.31139369945608
15,29,98,3,Age,0.016168211149239275,0.01182544574677952,1.3672390449757414,26.85990034626734
15,29,98,4,Weight,3.562075353924396,2.1438784997086064,1.6615099010548169,39.81378026305197
15,29,98,5,Length,0.006912447324317971,0.004420619974603595,1.5636827784405565,36.04840995964099
15,29,99,1,Status: Diseased,0.16770856184866167,0.057198399939437275,2.932049882972856,65.89416824702577
15,29,99,2,Sex: Male,0.10117906508122564,0.09878499634719094,1.0242351452402798,2.366170049221894
15,29,99,3,Age,0.04790349118054398,0.03117695192228117,1.536503353501626,34.917161246603044
15,29,99,4,Weight,1.9062156758752231,0.9632822249821872,1.9788755843703776,49.466252052517405
15,29,99,5,Length,0.008347274289670182,0.005137009524850503,1.6249287156836845,38.458838818707655
15,29,100,1,Status: Diseased,0.1365227695229741,0.061426026389957096,2.222555772308511,55.00675337558229
15,29,100,2,Sex: Male,0.15022408141168367,0.14501359536998146,1.0359310175601701,3.4684758879790167
15,29,100,3,Age,0.01557229896024069,0.009442778746099278,1.6491225071511348,39.361691101560204
15,29,100,4,Weight,3.275581672426706,1.6264419258277665,2.0139555064406136,50.34647007831067
15,29,100,5,Length,0.00573367093521315,0.0031971254000995476,1.793383185731352,44.239468287855374
20,24,1,1,Status: Diseased,0.0966473967717209,0.05475066509110413,1.7652278125005672,43.3500881348889
20,24,1,2,Sex: Male,0.0805185561202318,0.07752242403508167,1.038648586166427,3.7210454701600115
20,24,1,3,Age,0.027727074123347403,0.02318029551045408,1.1961484317938387,16.39833540555489
20,24,1,4,Weight,0.858413760881638,0.32580952112703454,2.6347104833285053,62.04516563289826
20,24,1,5,Length,0.0037982990790264197,0.0018692882791215577,2.031949336787887,50.78617454208756
20,24,2,1,Status: Diseased,0.11826784962719053,0.07802481842905948,1.5157721864450118,34.02702537078929
20,24,2,2,Sex: Male,0.10077359983554744,0.05872004813591319,1.7161702524885074,41.73072289593851
20,24,2,3,Age,0.022027181368198975,0.014734245333682798,1.4949650198808873,33.10880276786169
20,24,2,4,Weight,1.763947005247329,0.7182346220935578,2.455948169284376,59.282528332371776
20,24,2,5,Length,0.005754414984237886,0.0031218324179893417,1.843281193147483,45.74891754347819
20,24,3,1,Status: Diseased,0.1555083111337639,0.0826931665034628,1.8805460923696995,46.82395693158005
20,24,3,2,Sex: Male,0.16083829142977166,0.10055376362025342,1.5995253249513954,37.48145250339272
20,24,3,3,Age,0.022694846123894514,0.014173908067998649,1.6011706873656206,37.54569653999329
20,24,3,4,Weight,1.0661131206754295,0.4262602339947783,2.5010851016623086,60.01735409421434
20,24,3,5,Length,0.002982231007850844,0.0014513871909642034,2.0547452991297597,51.332167523462545
20,24,4,1,Status: Diseased,0.2482566473697509,0.14409738343299755,1.722839384416618,41.9562839667369
20,24,4,2,Sex: Male,0.07159983300250282,0.04944632696456586,1.4480313786262133,30.940723056103447
20,24,4,3,Age,0.040734828622660306,0.02515226280934998,1.619529381170339,38.25366729207724
20,24,4,4,Weight,1.0467858460242803,0.42889773393960934,2.440642053314444,59.02717489268946
20,24,4,5,Length,0.0052560223983433045,0.002565782609175908,2.0485065178734927,51.18394834115164
20,24,5,1,Status: Diseased,0.09919593593171105,0.03714571385995002,2.6704544245860546,62.55318979446693
20,24,5,2,Sex: Male,0.11639801975119353,0.0989773780167868,1.1760062964231297,14.966441672843068
20,24,5,3,Age,0.010204664425437396,0.010274709675945463,0.9931827513655153,-0.6864042518974323
20,24,5,4,Weight,2.770265654407429,1.2549759598673873,2.2074252758595962,54.69835328352899
20,24,5,5,Length,0.005504528312520404,0.003167840286312732,1.73762810464397,42.45028626508696
20,24,6,1,Status: Diseased,0.15038858688960915,0.07353351113247494,2.0451707605621507,51.104327360658495
20,24,6,2,Sex: Male,0.13761526882990222,0.12968821874051728,1.0611239028985782,5.7602983715295935
20,24,6,3,Age,0.02101740226921645,0.014067744715452964,1.4940136243821307,33.06620611217228
20,24,6,4,Weight,2.1002079091296824,1.2753370805009283,1.6467865172592335,39.275674805480435
20,24,6,5,Length,0.006031042405984975,0.004027963612888268,1.4972931698507552,33.21281228447223
20,24,7,1,Status: Diseased,0.09630658532907783,0.08325157301744528,1.1568140016873543,13.555679777269457
20,24,7,2,Sex: Male,0.08649445892345453,0.07802666568851295,1.1085243507488263,9.78998347447363
20,24,7,3,Age,0.020744344362402734,0.016818271449218315,1.233440929113253,18.92599180092708
20,24,7,4,Weight,1.5112980770437832,0.980252360788796,1.5417438789207931,35.13838363996029
20,24,7,5,Length,0.004335735532148815,0.0029498099038300653,1.4698355736480675,31.965179103806573
20,24,8,1,Status: Diseased,0.07110720118339331,0.04142043142632069,1.716718023806196,41.74931548846532
20,24,8,2,Sex: Male,0.09953940034886767,0.08020363120118448,1.241083462906822,19.425241743384824
20,24,8,3,Age,0.013191218007226706,0.008545349971079329,1.5436720616324362,35.2194015260924
20,24,8,4,Weight,1.2930703659604115,0.5083028930913812,2.5438973170037555,60.690237246768405
20,24,8,5,Length,0.0024349785976027147,0.001524701709945191,1.5970196542182966,37.38336298124795
20,24,9,1,Status: Diseased,0.09582995575024052,0.05544209321843077,1.7284692944887494,42.14534193991671
20,24,9,2,Sex: Male,0.11542079843280473,0.11512517413907643,1.0025678510016511,0.25612740315638094
20,24,9,3,Age,0.017016872533942067,0.019811142146824827,0.858954643191503,-16.42058261475059
20,24,9,4,Weight,0.897743687577839,0.575724827717882,1.5593277280335622,35.86979939995805
20,24,9,5,Length,0.0023961450867043834,0.001729110378851751,1.385767569272003,27.837826330043324
20,24,10,1,Status: Diseased,0.295613952179118,0.15963562343512647,1.8518044144404342,45.998616689647896
20,24,10,2,Sex: Male,0.12701716894500356,0.10298705436879661,1.2333314096950003,18.91879245601168
20,24,10,3,Age,0.04615392760642052,0.03113774939669927,1.482249953855465,32.53499536978156
20,24,10,4,Weight,1.5936748519013115,0.49356200558541713,3.228925310024712,69.02994327879493
20,24,10,5,Length,0.005844712845040585,0.0030218466732277642,1.9341526811476495,48.2977735032459
20,24,11,1,Status: Diseased,0.12143699608311002,0.07060405398779238,1.7199720019491629,41.859518709214605
20,24,11,2,Sex: Male,0.08056671708116152,0.08910530344641576,0.9041742069776015,-10.598156006099412
20,24,11,3,Age,0.021857953597697488,0.016622878139453737,1.3149319518753197,23.950437239445932
20,24,11,4,Weight,0.7603063703926799,0.349688928493682,2.174236323888695,54.006839596375336
20,24,11,5,Length,0.0012938285050192353,0.0017360388373074502,0.7452762445256862,-34.17843482136303
20,24,12,1,Status: Diseased,0.2316360729656497,0.131131412010603,1.7664422994768036,43.38903680600343
20,24,12,2,Sex: Male,0.1357736645265638,0.11802422323883854,1.150388122036667,13.072815961487604
20,24,12,3,Age,0.018465318399487025,0.012526699213179757,1.4740769364094772,32.16093574899984
20,24,12,4,Weight,1.3443383930273174,0.6266649133266221,2.145226842031028,53.38488310852787
20,24,12,5,Length,0.0036189152389798085,0.0014278710553392302,2.534483226232242,60.54422496665728
20,24,13,1,Status: Diseased,0.11491011022020736,0.06847316396884416,1.678177311515682,40.41154095351054
20,24,13,2,Sex: Male,0.15751289876561883,0.14160637889720376,1.1123291195798608,10.098550653990678
20,24,13,3,Age,0.018289796222806878,0.01142159755511693,1.6013343260035424,37.55207867830419
20,24,13,4,Weight,2.0009609421889345,0.8322871334866728,2.4041714231558227,58.40562821899966
20,24,13,5,Length,0.004880784618729653,0.0030063004602748403,1.6235185681618278,38.40538570912588
20,24,14,1,Status: Diseased,0.1156806812535814,0.047457649515294034,2.4375560617746426,58.97530253019254
20,24,14,2,Sex: Male,0.16091525357108444,0.14246175488041704,1.1295330013739993,11.467836815430022
20,24,14,3,Age,0.0209382264266923,0.015297335958532186,1.368749858370854,26.940631709708896
20,24,14,4,Weight,1.526082115923973,0.6763271035382241,2.2564260813151384,55.682128996791306
20,24,14,5,Length,0.004721987105420846,0.002385125206910787,1.979764874287988,49.488951289751284
20,24,15,1,Status: Diseased,0.05499961114614642,0.032159948961415954,1.7101896278545856,41.526952116152806
20,24,15,2,Sex: Male,0.14746235759281773,0.07218124351236396,2.0429456520454488,51.05107181883304
20,24,15,3,Age,0.012447137147732159,0.010021516549043796,1.2420412705819264,19.487377457958722
20,24,15,4,Weight,1.581618150350274,0.636830102308436,2.483579442330207,59.73553400563847
20,24,15,5,Length,0.0030433600790693545,0.0018521886130060416,1.6431156404368994,39.14001087993398
20,24,16,1,Status: Diseased,0.47171890515546866,0.371124674961553,1.2710523901552404,21.325036816313713
20,24,16,2,Sex: Male,0.07892047142211123,0.06690746714226774,1.179546540811354,15.22165803545592
20,24,16,3,Age,0.030555125348877117,0.02692018266043566,1.1350266725263978,11.896343565728628
20,24,16,4,Weight,1.336359229679339,0.7259237280982836,1.8409085940477865,45.67899768444224
20,24,16,5,Length,0.00385760804006629,0.002721006474301581,1.4177136572438507,29.463894567815586
20,24,17,1,Status: Diseased,0.26076447464326635,0.12093868272580548,2.1561709518076744,53.621488168105245
20,24,17,2,Sex: Male,0.06974072998244296,0.05583339151662978,1.2490863995190213,19.941486803069488
20,24,17,3,Age,0.023526429918518794,0.012945880848703913,1.8172907810189032,44.9730329100482
20,24,17,4,Weight,1.352620289083891,0.6175066979745844,2.190454441256219,54.34737280239881
20,24,17,5,Length,0.004834770717267597,0.0026039008330979306,1.8567414917700766,46.14220641740086
20,24,18,1,Status: Diseased,0.31243407972315296,0.21752783331757908,1.4362947258662564,30.3764065974077
20,24,18,2,Sex: Male,0.1844140559094358,0.1452792472644222,1.269376455219268,21.22116367541549
20,24,18,3,Age,0.04124251753396719,0.030690660767217152,1.3438132807496024,25.58489975317235
20,24,18,4,Weight,1.5262731444487811,0.6971680945137874,2.1892469785399755,54.32219343900124
20,24,18,5,Length,0.006053034403211211,0.004061958362956526,1.4901763785696378,32.89384972268444
20,24,19,1,Status: Diseased,0.20973856379680636,0.14230624224720753,1.4738535744093266,32.15065476224339
20,24,19,2,Sex: Male,0.07719525737208961,0.06474570798276354,1.1922837787585916,16.127350064159874
20,24,19,3,Age,0.028967100546809517,0.025930742233414083,1.1170949248603772,10.482092636399065
20,24,19,4,Weight,2.4424913081518955,1.0276207495605116,2.376841173357476,57.92735285768291
20,24,19,5,Length,0.007161708231341771,0.004194495791467422,1.707406226491,41.43162977359148
20,24,20,1,Status: Diseased,0.26986008297694086,0.1905196954622013,1.4164419186282005,29.40056441082436
20,24,20,2,Sex: Male,0.14282634203006572,0.12382512379259644,1.1534520431354123,13.30372112552558
20,24,20,3,Age,0.023060805999133873,0.012592427155372227,1.8313233592378249,45.394678937738874
20,24,20,4,Weight,0.7894703527211737,0.4587473504460963,1.7209262395814926,41.89175706663713
20,24,20,5,Length,0.003169347112211588,0.0016999146273253636,1.864415460203564,46.36388608948694
20,24,21,1,Status: Diseased,0.12828949248909882,0.0653170480093426,1.9641042637252832,49.086205937799
20,24,21,2,Sex: Male,0.05351455677211493,0.045368826101719384,1.1795446647028596,15.22152319243365
20,24,21,3,Age,0.027249036049410504,0.019576658883101523,1.3919145351677829,28.15650855463917
20,24,21,4,Weight,1.1062532891360624,0.6041753562749952,1.8310135917436237,45.385440910478025
20,24,21,5,Length,0.003958961270288546,0.002540595780474248,1.5582806602747072,35.82670789075241
20,24,22,1,Status: Diseased,0.12869552823770958,0.07417026087912962,1.7351365184954142,42.36764719428946
20,24,22,2,Sex: Male,0.13290508305195375,0.07486577260458788,1.7752449273970246,43.669744688905396
20,24,22,3,Age,0.06514277120171828,0.050110257169824896,1.299988762399439,23.076258124396265
20,24,22,4,Weight,2.298964324398134,0.8349687109814062,2.753353861243465,63.68065819377166
20,24,22,5,Length,0.003194143275464544,0.0018203253542787518,1.7547100950698593,43.01052904353483
20,24,23,1,Status: Diseased,0.24511717757759277,0.13562522933008844,1.8073125390337206,44.66922690999257
20,24,23,2,Sex: Male,0.09460675102645272,0.06469900350871559,1.462259786021407,31.61269908674351
20,24,23,3,Age,0.03691595867380341,0.02476785114446398,1.4904788654648682,32.907468655175585
20,24,23,4,Weight,2.922212691381268,1.8762292448340616,1.557492347711335,35.79422708115034
20,24,23,5,Length,0.007604103009414858,0.004174541185846189,1.8215422176685243,45.1014645556804
20,24,24,1,Status: Diseased,0.10529028680573717,0.08588463886399124,1.2259501605691925,18.43061552064129
20,24,24,2,Sex: Male,0.13427670737728206,0.0759143474941756,1.768792221886439,43.46424709322344
20,24,24,3,Age,0.024750952388577704,0.025202881163249462,0.9820683686224433,-1.8259045857173417
20,24,24,4,Weight,2.644862971264211,1.2281928914104476,2.1534589475003965,53.56308040323968
20,24,24,5,Length,0.00604929792511759,0.003949991768945709,1.5314710204401782,34.703302468460805
20,24,25,1,Status: Diseased,0.07484243571064944,0.0633583923557344,1.1812552832849088,15.344293976900802
20,24,25,2,Sex: Male,0.07476406201694762,0.062229285310593664,1.201428903510484,16.765778059935464
20,24,25,3,Age,0.03505618136588945,0.027176010978531985,1.2899678835713784,22.47869014913606
20,24,25,4,Weight,1.0096964661268046,0.5039020758649569,2.003755321693491,50.09370709219918
20,24,25,5,Length,0.004742222823470689,0.0030837277078651173,1.5378215175663994,34.97294786312401
20,24,26,1,Status: Diseased,0.3645065943850145,0.18788826355715574,1.9400178993837545,48.454083835120834
20,24,26,2,Sex: Male,0.09661336919179186,0.0802379390960902,1.2040858760852644,16.949445229670033
20,24,26,3,Age,0.033863353519650835,0.02553194165818705,1.326313289173299,24.603032468798713
20,24,26,4,Weight,2.2025891633899333,1.252593852631359,1.7584224597325722,43.13084466902885
20,24,26,5,Length,0.0050138170790261965,0.003178165467271915,1.5775821399664174,36.61185844679458
20,24,27,1,Status: Diseased,0.21854184294189677,0.10576801216624694,2.0662375936345585,51.60285520500199
20,24,27,2,Sex: Male,0.06365028720451724,0.06990705311153182,0.9104987890559146,-9.829909937265047
20,24,27,3,Age,0.017112174735725596,0.014475952225643608,1.1821104732172312,15.405537582422346
20,24,27,4,Weight,1.483432172504665,0.7073552667797424,2.097152933147777,52.31630539700204
20,24,27,5,Length,0.0028622613932627883,0.0016156645188375742,1.7715691344896933,43.55286618334241
20,24,28,1,Status: Diseased,0.3465086775794482,0.24832279473160077,1.3953961735730764,28.335764499096904
20,24,28,2,Sex: Male,0.11116451083432127,0.080674676604948,1.3779356238225473,27.42766913697402
20,24,28,3,Age,0.03829082878762496,0.03565684085281889,1.0738704795996485,6.87890029598246
20,24,28,4,Weight,1.8162918470136955,0.9253185732363197,1.9628827298485747,49.05452145492439
20,24,28,5,Length,0.006768760187636787,0.004513748606497034,1.4995873225845846,33.314987067477375
20,24,29,1,Status: Diseased,0.10531495333721093,0.07692777250504503,1.3690108254506426,26.954558619298997
20,24,29,2,Sex: Male,0.1203757325133244,0.08981329878867043,1.3402885111320428,25.389198542381465
20,24,29,3,Age,0.033108248796075546,0.023041458566767543,1.4368990009958498,30.405686182052793
20,24,29,4,Weight,1.7047215023366322,0.7474213346908581,2.2808039096739514,56.155809986183634
20,24,29,5,Length,0.007217498935317159,0.004277942337974249,1.6871426412762005,40.728188859978495
20,24,30,1,Status: Diseased,0.21385364287075637,0.1036772392268642,2.0626865111908184,51.51953558746618
20,24,30,2,Sex: Male,0.07779959463728812,0.07493460310479928,1.0382332248892014,3.6825275836536275
20,24,30,3,Age,0.030992959605740184,0.021113585164766448,1.4679155322924533,31.876189194735648
20,24,30,4,Weight,2.0070030670077883,0.9259064272332305,2.167608959152668,53.86621762299293
20,24,30,5,Length,0.005741037149625681,0.0031549089390552386,1.8197156433126334,45.04635910149195
20,24,31,1,Status: Diseased,0.32369716481655186,0.14707507431977837,2.200897509749017,54.56399057337129
20,24,31,2,Sex: Male,0.15576317103655207,0.10260132673456528,1.518139930485686,34.12991912543409
20,24,31,3,Age,0.026226604747890615,0.017289189570669123,1.5169366175719246,34.07766755603514
20,24,31,4,Weight,1.8372195146464063,1.003835276577711,1.8302001907224066,45.36116840828841
20,24,31,5,Length,0.0048612644337830396,0.0027337574006334343,1.7782354910705114,43.7644786069368
20,24,32,1,Status: Diseased,0.0854533540898591,0.04426411924748857,1.9305332522731151,48.20084042465752
20,24,32,2,Sex: Male,0.06172014593770235,0.06218947496312107,0.9924532402677939,-0.7604146398040523
20,24,32,3,Age,0.02819831384827452,0.01977881560352774,1.4256826300177996,29.85816205199083
20,24,32,4,Weight,2.428746003954645,0.9652805890254956,2.516103640296547,60.25600917289161
20,24,32,5,Length,0.007309036684918657,0.0038369160711377195,1.9049248274933954,47.504490173722246
20,24,33,1,Status: Diseased,0.21999442980840492,0.09939150253112831,2.2134128593086224,54.82090041202896
20,24,33,2,Sex: Male,0.10560021553214388,0.09454719162103292,1.1169048357926277,10.466857340595581
20,24,33,3,Age,0.022183866920786822,0.01881382314252422,1.1791259412152872,15.191417214574033
20,24,33,4,Weight,1.6654011692112924,1.35940966952,1.225091454439438,18.373440907106197
20,24,33,5,Length,0.0028850783127108834,0.0027491231411016516,1.0494540130184022,4.712356368638226
20,24,34,1,Status: Diseased,0.35591765529162883,0.267989518878385,1.3281028929088308,24.704629035948777
20,24,34,2,Sex: Male,0.11112668245430261,0.07428418463159346,1.4959669141611585,33.15360182542971
20,24,34,3,Age,0.06701477021505735,0.05732312747999564,1.1690703763231316,14.461950259562506
20,24,34,4,Weight,2.6106230293013764,1.613005184355692,1.6184839668349724,38.213783979859194
20,24,34,5,Length,0.012249775657763314,0.00927795497246932,1.3203098844640162,24.260204989228495
20,24,35,1,Status: Diseased,0.11932981145424679,0.07761444401090013,1.5374691267193537,34.95804353913782
20,24,35,2,Sex: Male,0.09219032400419365,0.0718576654380688,1.2829574053397093,22.055089604848266
20,24,35,3,Age,0.04231150973107674,0.03595204389435146,1.1768874630720074,15.030108538184383
20,24,35,4,Weight,1.58043911580311,0.7767262579945748,2.0347440292332033,50.85376904254382
20,24,35,5,Length,0.006895659767883772,0.004543620984627399,1.5176573466876118,34.1089737955299
20,24,36,1,Status: Diseased,0.24390392258548543,0.18143206864140468,1.3443264160072748,25.61330432157568
20,24,36,2,Sex: Male,0.05784341691496575,0.07445352785434364,0.7769063277716953,-28.715646179401922
20,24,36,3,Age,0.045462120915321896,0.033980021085034506,1.3379073780311554,25.256410389814498
20,24,36,4,Weight,1.922715220321702,0.5778071725311859,3.327607049076442,69.94837475544043
20,24,36,5,Length,0.007161065697009815,0.0034849606793833257,2.0548483486123543,51.33460818773787
20,24,37,1,Status: Diseased,0.14557605147520655,0.12685792745085878,1.1475518668835154,12.857969312030493
20,24,37,2,Sex: Male,0.10601800125404835,0.06521409527171973,1.6256915136569157,38.487714821703925
20,24,37,3,Age,0.01735348879289252,0.019648603961273624,0.8831919472291947,-13.225670041179939
20,24,37,4,Weight,1.4185275067249516,0.42152318754870244,3.3652419336031336,70.28445443952646
20,24,37,5,Length,0.0032151032126278268,0.0019343366716946084,1.6621218320858184,39.8359385758692
20,24,38,1,Status: Diseased,0.18073701114806806,0.0732983013772745,2.4657735275172965,59.4447750841552
20,24,38,2,Sex: Male,0.08690843358992399,0.074965744091938,1.1593086234605965,13.74169226698686
20,24,38,3,Age,0.02434029914010672,0.011326616293102025,2.1489470915449043,53.46558303205651
20,24,38,4,Weight,2.4325852712239584,1.1404560626807014,2.132993414499494,53.11752989004659
20,24,38,5,Length,0.007440882464693953,0.004040718092849832,1.8414752758577269,45.69571402286584
20,24,39,1,Status: Diseased,0.17463714663751143,0.07279449411402251,2.3990433447338266,58.31671811202936
20,24,39,2,Sex: Male,0.12281213594711947,0.08318994077870526,1.476285892230814,32.262442846425834
20,24,39,3,Age,0.0496962288732311,0.03612528459607583,1.375663318058107,27.30779494712379
20,24,39,4,Weight,2.0011335536753556,0.930852033639061,2.1497869493308723,53.483762643956275
20,24,39,5,Length,0.007246091622962033,0.004631277363801742,1.5645989332441606,36.08585697252633
20,24,40,1,Status: Diseased,0.3832538208345734,0.244516997345765,1.567391326553157,36.19972351135211
20,24,40,2,Sex: Male,0.20505826000404195,0.11746272096953801,1.7457305459254633,42.7173911613106
20,24,40,3,Age,0.018685646050171388,0.01327147523238734,1.407955462597817,28.975026088190237
20,24,40,4,Weight,1.102332953134725,0.48025505228114296,2.295307353663019,56.43284990116347
20,24,40,5,Length,0.0027564453714220144,0.0018207139938590325,1.5139365000318827,33.94703146539234
20,24,41,1,Status: Diseased,0.8593962361374423,0.7084313753042568,1.2130973670785674,17.566386084223183
20,24,41,2,Sex: Male,0.10933337198761568,0.09565674070366555,1.1429761372104335,12.509109556686226
20,24,41,3,Age,0.03971218511886008,0.03229749679232343,1.2295747058731497,18.671066082977315
20,24,41,4,Weight,5.770449274443817,4.32223281660518,1.33506211240516,25.09711790124388
20,24,41,5,Length,0.014494941624404173,0.011726834489127222,1.2360489642659713,19.097056111053757
20,24,42,1,Status: Diseased,0.23362938760012572,0.061904781730656444,3.7740119756278525,73.50299875946637
20,24,42,2,Sex: Male,0.10027219234384756,0.11133993956502757,0.9005949952513137,-11.037703437486579
20,24,42,3,Age,0.031198245576901668,0.015204249351408967,2.051942510006951,51.265691162243485
20,24,42,4,Weight,1.1584552239712067,0.48473294705364756,2.3898834007728285,58.15695444904865
20,24,42,5,Length,0.004571816198325425,0.0018359286641068853,2.490192722465855,59.84246556588707
20,24,43,1,Status: Diseased,0.25787181109109014,0.18507512506217744,1.3933358737672397,28.22979592879896
20,24,43,2,Sex: Male,0.09446036013754973,0.0780161390286694,1.210779734983263,17.40859455218555
20,24,43,3,Age,0.026943199810435282,0.017364942858287498,1.5515858606800148,35.54981227002615
20,24,43,4,Weight,1.8662945208756965,0.7433915567660219,2.510513475556061,60.167511159106326
20,24,43,5,Length,0.005616813147562134,0.0030200021691489786,1.859870567293309,46.232817617232826
20,24,44,1,Status: Diseased,0.2540682712688991,0.09343525076416943,2.719190767841651,63.22435292784747
20,24,44,2,Sex: Male,0.3130390514399528,0.30836362052110666,1.0151620703860758,1.4935615532118307
20,24,44,3,Age,0.043162368444401765,0.017050850829029254,2.5313908893576955,60.496025951419305
20,24,44,4,Weight,3.0479223240606825,1.6994734727529288,1.7934509557971738,44.24157534012362
20,24,44,5,Length,0.008989736406850702,0.00520779684678277,1.726207198808899,42.06952672367428
20,24,45,1,Status: Diseased,0.09869674803081374,0.08518767626032302,1.1585801181993587,13.68745378142865
20,24,45,2,Sex: Male,0.13258778229477952,0.06009026870003728,2.206476775077181,54.678879411045656
20,24,45,3,Age,0.02270711627742846,0.01979794651825207,1.1469430052502858,12.811709437839058
20,24,45,4,Weight,1.2094297766233155,0.49993265987086605,2.419185369757028,58.66377118093949
20,24,45,5,Length,0.004002428577348432,0.003608533384774274,1.109156588168519,9.84140466124468
20,24,46,1,Status: Diseased,0.3271123292358568,0.1514023046465203,2.1605505279432013,53.71550042146068
20,24,46,2,Sex: Male,0.10601899222237544,0.08154073496799785,1.3001966718105316,23.08855870185439
20,24,46,3,Age,0.08121175243138783,0.05888983048958771,1.379045443945485,27.48607347275126
20,24,46,4,Weight,2.581173117781478,1.7206551207223069,1.5001106768554164,33.33825194176777
20,24,46,5,Length,0.012687326929134417,0.009284448923608643,1.3665137299503993,26.821079211820486
20,24,47,1,Status: Diseased,0.10384779743678202,0.0661230678163354,1.5705229788374535,36.326942459623936
20,24,47,2,Sex: Male,0.061553663680333257,0.04277820686097366,1.4389023803727583,30.502582132017697
20,24,47,3,Age,0.01739397561192413,0.013183572831664816,1.3193673546632674,24.206097985862108
20,24,47,4,Weight,1.645725990034589,0.809251345315802,2.0336401039807495,50.82709088778543
20,24,47,5,Length,0.0044733628936934056,0.0027116358562418127,1.649691599775958,39.38260944434654
20,24,48,1,Status: Diseased,0.3841378482497812,0.198579576613461,1.934427773494114,48.30512600665766
20,24,48,2,Sex: Male,0.17425118281574067,0.15679686059031006,1.1113180593011776,10.016759681848143
20,24,48,3,Age,0.029430533731026484,0.020129278256448755,1.462075955038175,31.604100556192382
20,24,48,4,Weight,1.5398141292096106,1.1462091384064923,1.343397184348333,25.56185083229211
20,24,48,5,Length,0.004686925919905722,0.002992085428999763,1.566441210026725,36.16102579534798
20,24,49,1,Status: Diseased,0.345868843346963,0.26239631844859,1.3181162197392924,24.134155621134223
20,24,49,2,Sex: Male,0.296338863857106,0.19694997784009963,1.5046402498084999,33.53893064290464
20,24,49,3,Age,0.032209280848498126,0.021541633553262135,1.4952106936950724,33.11979347012775
20,24,49,4,Weight,2.3556204285087374,0.6969558255500959,3.379870491289006,70.41306752500381
20,24,49,5,Length,0.0059290021096245,0.0032139191792103033,1.8447888011550195,45.79325289844011
20,24,50,1,Status: Diseased,0.09600554185644214,0.06389536548202142,1.5025431208067153,33.446169620536416
20,24,50,2,Sex: Male,0.16273928327936302,0.13920576405193347,1.169055637801391,14.460871864005465
20,24,50,3,Age,0.02003464364065458,0.014221832360396728,1.408724497164281,29.013799219579894
20,24,50,4,Weight,1.7470871023157735,0.9999902674516352,1.7471041060909842,42.76242631943521
20,24,50,5,Length,0.0025266429659577213,0.0022338933866970522,1.1310490379728986,11.586503641590006
20,24,51,1,Status: Diseased,0.11242988349684865,0.06918433222830095,1.6250772375144416,38.46446329348002
20,24,51,2,Sex: Male,0.07059869462701898,0.053677278472470724,1.3152435562325815,23.968454719943544
20,24,51,3,Age,0.02306956058502013,0.01597758035374448,1.4438707284994867,30.741722215033086
20,24,51,4,Weight,1.773977444921206,0.952504132394699,1.8624354316040959,46.306863420295294
20,24,51,5,Length,0.004520537226158186,0.00333657365876946,1.3548441270813651,26.190771321109697
20,24,52,1,Status: Diseased,0.08344773011453231,0.04817375541456253,1.7322238923749498,42.27074199808206
20,24,52,2,Sex: Male,0.10025285798372584,0.09203851449405087,1.0892489794607225,8.193625254063486
20,24,52,3,Age,0.017027616021281115,0.010639988074348138,1.600341645338199,37.51334267198484
20,24,52,4,Weight,1.1570268428489898,0.4469962550345924,2.5884486275157923,61.36682067514207
20,24,52,5,Length,0.0035145110045093713,0.001401617639170856,2.507467733203203,60.119127885145915
20,24,53,1,Status: Diseased,0.32992809879550106,0.25297516062404357,1.3041916762959203,23.324154096724914
20,24,53,2,Sex: Male,0.10018691757824143,0.0871362535313042,1.1497730682470608,13.026315573333457
20,24,53,3,Age,0.03241134288824797,0.02761396954510238,1.1737299425680165,14.801525995657128
20,24,53,4,Weight,1.3259659295972328,0.49537619902734115,2.6766847745223408,62.64035236728793
20,24,53,5,Length,0.0039008568729887484,0.003169217238784958,1.2308581517385324,18.755869749284713
20,24,54,1,Status: Diseased,0.1012368801703558,0.07915774740630832,1.2789257335825592,21.80937690582122
20,24,54,2,Sex: Male,0.10024957469261066,0.07748694163759709,1.2937608914992846,22.70596471337587
20,24,54,3,Age,0.021815146324235323,0.014988374451968066,1.4554711315856443,31.293724877211215
20,24,54,4,Weight,1.335867122618424,0.7956994033861761,1.6788590225574027,40.435737214152624
20,24,54,5,Length,0.0032306572099403677,0.0019633359445820767,1.645493843707964,39.22797075031317
20,24,55,1,Status: Diseased,0.17398556470916168,0.09766672379922263,1.7814211221708505,43.8650419289183
20,24,55,2,Sex: Male,0.1285085542444591,0.09451766929055981,1.3596246628702493,26.450289752104084
20,24,55,3,Age,0.019631512161040438,0.013116045702447588,1.4967553946062415,33.18881604812424
20,24,55,4,Weight,0.9580467528126047,0.5177059034888312,1.8505617694453687,45.962354971825135
20,24,55,5,Length,0.003479612721840083,0.0021192943862125787,1.6418732312402093,39.0939579881793
20,24,56,1,Status: Diseased,0.5525399958926167,0.38639377707073597,1.429991963331917,30.069537057398897
20,24,56,2,Sex: Male,0.07881003664654342,0.06539690223752122,1.2051035133178902,17.019576414079097
20,24,56,3,Age,0.05324525286676764,0.037074046475847465,1.4361867108694268,30.371170236310828
20,24,56,4,Weight,3.105148144777549,1.7312965701600758,1.7935391303238397,44.24431655308011
20,24,56,5,Length,0.012124290076344336,0.00800906643576228,1.5138206398446965,33.94197610473917
20,24,57,1,Status: Diseased,0.1464875343580384,0.07107386589724335,2.06106045462373,51.48128732679211
20,24,57,2,Sex: Male,0.10149205385331041,0.07609303429096483,1.333789022858843,25.025623778444338
20,24,57,3,Age,0.040040019741541075,0.03201293189826227,1.250745163510454,20.047662051851557
20,24,57,4,Weight,1.5579070743462347,0.6570714821691068,2.3709856790669313,57.823448330842034
20,24,57,5,Length,0.007276859920948547,0.0047543241862130665,1.530577141131964,34.665168247551826
20,24,58,1,Status: Diseased,0.08577823965952143,0.0443781700602343,1.9328926709482386,48.264069959486164
20,24,58,2,Sex: Male,0.11411525642224195,0.09631781726505707,1.18477826494145,15.59602082593754
20,24,58,3,Age,0.020892375792523062,0.015041642921648024,1.3889690043402525,28.004152945443817
20,24,58,4,Weight,1.9495441681615249,0.5142400287921721,3.7911171029228155,73.62255048178186
20,24,58,5,Length,0.005959550875333161,0.0030883869780111606,1.9296645523259375,48.17752138346317
20,24,59,1,Status: Diseased,0.2733060556375799,0.15897829227954302,1.7191407186397885,41.83140512248376
20,24,59,2,Sex: Male,0.07985554468917068,0.07600876534962621,1.0506096806315692,4.817172501318046
20,24,59,3,Age,0.024967349764952962,0.014231409454073436,1.754383488545233,42.999919542721045
20,24,59,4,Weight,2.3688437602017935,1.6297463055732127,1.4535046050425784,31.200768368346075
20,24,59,5,Length,0.005778998016221616,0.0033031358118302662,1.7495490180948616,42.842413121472234
20,24,60,1,Status: Diseased,0.09808537363933165,0.09327162267130817,1.0516100270388482,4.907715380403244
20,24,60,2,Sex: Male,0.11833791435579255,0.09891010007913613,1.1964189123366833,16.41723566146782
20,24,60,3,Age,0.01614877125567327,0.011614406685049629,1.3904086272835956,28.078697127068786
20,24,60,4,Weight,1.3140057388563045,0.6760861545639714,1.9435477712211795,48.54770153801391
20,24,60,5,Length,0.003987482337667622,0.002413527785206052,1.6521385674982794,39.47238932178482
20,24,61,1,Status: Diseased,0.10601444275444596,0.07436309386945716,1.425632491038526,29.855695188909937
20,24,61,2,Sex: Male,0.08049078291582099,0.07301631476636836,1.1023670966327022,9.286116843054682
20,24,61,3,Age,0.02796291644006774,0.022565879692655513,1.2391680191917709,19.300693327105446
20,24,61,4,Weight,1.3194370490239464,1.0748270336603727,1.2275808178461451,18.538968232286944
20,24,61,5,Length,0.0026237880776245836,0.0021923528789144554,1.1967909467766675,16.44321820002792
20,24,62,1,Status: Diseased,0.14802506572200558,0.08519083879159713,1.7375702343314192,42.4483695541217
20,24,62,2,Sex: Male,0.13074538979110897,0.1329116700410879,0.9837013540698929,-1.6568693194000783
20,24,62,3,Age,0.016097819273235444,0.013576416448670471,1.1857193195345663,15.663008645879806
20,24,62,4,Weight,1.0562587918166746,0.382139785316447,2.7640639169302794,63.82138655061992
20,24,62,5,Length,0.002526013451383309,0.001375975792254333,1.835797886563694,45.52777256586603
20,24,63,1,Status: Diseased,0.12051119659289533,0.059900062664699265,2.011870960260545,50.29502290392938
20,24,63,2,Sex: Male,0.06312406483064247,0.04445874627075444,1.4198345685732106,29.569259536700933
20,24,63,3,Age,0.02971796317209077,0.021252247399375687,1.398344495696195,28.48686406834755
20,24,63,4,Weight,1.6577978029905223,0.7846118184890855,2.1128891560452367,52.67144056568816
20,24,63,5,Length,0.005857154629603108,0.003737036267222197,1.5673261404971142,36.19707001869907
20,24,64,1,Status: Diseased,0.18213729197975972,0.11117430915141605,1.6383037895175425,38.961259419751094
20,24,64,2,Sex: Male,0.07020928988062845,0.050803388869791626,1.3819804434813174,27.640075898547344
20,24,64,3,Age,0.03754540390295942,0.025199856407402944,1.4899054699347307,32.88164785086616
20,24,64,4,Weight,3.0697558364588984,1.4850596472387407,2.0670926195905173,51.62287405398913
20,24,64,5,Length,0.010989836110443282,0.007292985503749153,1.5069049711937128,33.63881471518154
20,24,65,1,Status: Diseased,0.2742222422587573,0.19599980830025446,1.3990944411469677,28.525196685063868
20,24,65,2,Sex: Male,0.06770770651911233,0.07202247608940231,0.9400913464161659,-6.372641745104768
20,24,65,3,Age,0.008099164952750135,0.007728471492904258,1.0479646538369485,4.576934313703596
20,24,65,4,Weight,3.556610410120771,2.70878211378475,1.3129924300745708,23.83809859869447
20,24,65,5,Length,0.00533854639355591,0.004681784652763374,1.140280211394364,12.302257812825301
20,24,66,1,Status: Diseased,0.16685099598874195,0.14614929494805323,1.1416476285297636,12.407298450939752
20,24,66,2,Sex: Male,0.13057592431078996,0.10563806582342623,1.2360688667761799,19.098358766358757
20,24,66,3,Age,0.02358929470241667,0.02200870652497617,1.0718164956966825,6.700446950109839
20,24,66,4,Weight,2.866759910486637,1.347665278295998,2.1272046973796033,52.9899496164215
20,24,66,5,Length,0.007844522887432374,0.005112605990092114,1.5343491954268587,34.82578783366206
20,24,67,1,Status: Diseased,0.15854526165992244,0.06963753455960245,2.276721349521992,56.07718967409189
20,24,67,2,Sex: Male,0.08713000516731971,0.06909231982189683,1.2610664310001407,20.7020363545076
20,24,67,3,Age,0.02663856811515818,0.01735532910219583,1.5348927098010383,34.84886639864061
20,24,67,4,Weight,2.6675726268973863,1.2714641795090822,2.0980320719120438,52.33628630430569
20,24,67,5,Length,0.0077234266561426864,0.004907619524114472,1.573762313519261,36.45800312985058
20,24,68,1,Status: Diseased,0.198070060669669,0.13173157116124573,1.5035883875340847,33.492436607599764
20,24,68,2,Sex: Male,0.0867032430319102,0.10209748584444268,0.8492201577227142,-17.755094589560862
20,24,68,3,Age,0.027083729667338744,0.021057543853403412,1.286177051601455,22.25020662941607
20,24,68,4,Weight,1.7160552231416326,1.1548557840670994,1.4859476367673683,32.70287759429612
20,24,68,5,Length,0.004258056662270114,0.002408239566881373,1.7681200495282208,43.442754338608104
20,24,69,1,Status: Diseased,0.15159301065105793,0.1051733185616557,1.4413637672009907,30.621261422304425
20,24,69,2,Sex: Male,0.06366407382777133,0.06842786872393658,0.9303822406717916,-7.482705095267095
20,24,69,3,Age,0.02844322585530084,0.02103526651455514,1.3521685515902468,26.044722839920464
20,24,69,4,Weight,0.9606310544629739,0.45574751702930866,2.1078141263931376,52.557486569691704
20,24,69,5,Length,0.0025311332614617265,0.0018798927350112107,1.346424300877269,25.729207401526743
20,24,70,1,Status: Diseased,0.3863840076876996,0.22402768087483269,1.724715473457843,42.01942202123793
20,24,70,2,Sex: Male,0.07920743642791327,0.08199182474136228,0.9660406592702117,-3.515311742203764
20,24,70,3,Age,0.03165069494329683,0.021252484920495987,1.4892703164688645,32.85302278964032
20,24,70,4,Weight,1.0877899045232924,0.7261177530939043,1.4980902200618904,33.248346020262574
20,24,70,5,Length,0.0028596932265631276,0.001341092714927993,2.132360570399991,53.103616063749534
20,24,71,1,Status: Diseased,0.31508579391791997,0.2453851777108998,1.2840457474132274,22.12115479416924
20,24,71,2,Sex: Male,0.10512460682666937,0.06676779850340159,1.5744806505985611,36.48699337017347
20,24,71,3,Age,0.03440801024102421,0.02444861352533144,1.4073603889796755,28.94499462749611
20,24,71,4,Weight,2.5004502584993267,1.2235133672254614,2.0436640297355733,51.068278080453936
20,24,71,5,Length,0.009447718022659169,0.006485534293075547,1.45673703903567,31.35343077004622
20,24,72,1,Status: Diseased,0.09913074551118843,0.07059751039470079,1.4041677242860595,28.783436429686926
20,24,72,2,Sex: Male,0.10950689784532781,0.10187868148461526,1.0748754916097387,6.965968820965928
20,24,72,3,Age,0.0195578424022719,0.013221308287930722,1.479266799952436,32.398942500963734
20,24,72,4,Weight,1.7536064464066727,0.5124184843408843,3.422215435226363,70.77916282807442
20,24,72,5,Length,0.005228799778807141,0.002558030979394318,2.044072108948891,51.07804682515711
20,24,73,1,Status: Diseased,0.13981352371968553,0.0859297544149625,1.6270676516135896,38.53974055668283
20,24,73,2,Sex: Male,0.08554392046419161,0.0990329213546613,0.863792759963505,-15.768509108857277
20,24,73,3,Age,0.020221769404484686,0.014634227320183194,1.3818132629794044,27.631321337599246
20,24,73,4,Weight,2.1924591482028255,1.0093899504415913,2.1720635788415183,53.960832005969394
20,24,73,5,Length,0.005255775636648496,0.0029058119369272783,1.8087115583282252,44.71202467881111
20,24,74,1,Status: Diseased,0.16611736566198343,0.06714401133121871,2.47404589580645,59.58037796731996
20,24,74,2,Sex: Male,0.0366035164021483,0.03522025569015406,1.0392745789287652,3.779037775488314
20,24,74,3,Age,0.016106041990572997,0.017692584561068467,0.9103272580091794,-9.850604955730823
20,24,74,4,Weight,1.5350561741860547,0.7091473193365398,2.164650605493671,53.80316816662707
20,24,74,5,Length,0.003967241882331059,0.003189502759205937,1.2438433768023291,19.604025824312487
20,24,75,1,Status: Diseased,0.09569859803455892,0.04198403993497906,2.279404225576384,56.12888715483828
20,24,75,2,Sex: Male,0.05893414911314924,0.047582424578068036,1.238569695339012,19.26170939243854
20,24,75,3,Age,0.035932459567947495,0.02119398554549374,1.695408326613087,41.01715885767192
20,24,75,4,Weight,2.1415092224066803,1.3146699502214014,1.6289329668226098,38.61011960789301
20,24,75,5,Length,0.0069001586978698175,0.00444076085075274,1.5538235292945786,35.64262729024378
20,24,76,1,Status: Diseased,0.21867791491162764,0.09147192847806321,2.3906560028858577,58.17047710783736
20,24,76,2,Sex: Male,0.08543863677658566,0.06540523583241592,1.3062965936779154,23.44770668164483
20,24,76,3,Age,0.035244418515574444,0.017726321262434428,1.9882533997769927,49.70460002169932
20,24,76,4,Weight,1.8885062032602833,1.08010107074762,1.7484532275790678,42.806591321598376
20,24,76,5,Length,0.006042136572052172,0.003578641179217236,1.6883884886647902,40.77192502118875
20,24,77,1,Status: Diseased,0.32907248053069454,0.21028786937298752,1.5648666825713033,36.096792708446266
20,24,77,2,Sex: Male,0.06443506732041565,0.04517125805181202,1.426461650603306,29.896467978857956
20,24,77,3,Age,0.06247672680018953,0.0515329979665967,1.212363519791464,17.51648876963834
20,24,77,4,Weight,1.1267535496648808,0.6649615365735858,1.6944642474673306,40.98429627567104
20,24,77,5,Length,0.006662316241358875,0.005380078660729894,1.2383306381723096,19.24612303254236
20,24,78,1,Status: Diseased,0.2347746446876582,0.2132299865312129,1.1010395325110223,9.176739756164098
20,24,78,2,Sex: Male,0.21340695466025386,0.17635512229476788,1.2100978518988288,17.36205477674001
20,24,78,3,Age,0.023770703166747825,0.021500624245632528,1.1055820005587245,9.549902269154774
20,24,78,4,Weight,1.139377869567607,0.5880753203108482,1.9374692836375926,48.38627851056801
20,24,78,5,Length,0.00426457699186521,0.003059331188456062,1.3939572831986828,28.261790224638574
20,24,79,1,Status: Diseased,0.1160938347939417,0.06541515814923106,1.7747237502521631,43.653202372599445
20,24,79,2,Sex: Male,0.04668022071914222,0.038553146922510564,1.210801826708636,17.410101476446048
20,24,79,3,Age,0.030029647360590224,0.017449197191260177,1.7209758724963717,41.89343290737458
20,24,79,4,Weight,1.8385817639788429,0.9839976568007054,1.8684818518335367,46.480614782599986
20,24,79,5,Length,0.006543266196944676,0.0038540403096173617,1.6977679710865055,41.09913621706276
20,24,80,1,Status: Diseased,0.43838282631798775,0.25708176667754024,1.7052272200535128,41.356788805622145
20,24,80,2,Sex: Male,0.053183327532469724,0.04641367946221324,1.1458545874555768,12.728891523614138
20,24,80,3,Age,0.04694326424938781,0.032998193384816014,1.4226010406675342,29.706223219774607
20,24,80,4,Weight,3.6414790455177277,2.1594845050184963,1.6862723659536227,40.69759902431427
20,24,80,5,Length,0.01130728877699256,0.007118135275677013,1.5885183884647531,37.04825784443927
20,24,81,1,Status: Diseased,0.14960578029118712,0.05031539467610408,2.9733599677443907,66.36801427179347
20,24,81,2,Sex: Male,0.0420724191865364,0.04089613518369941,1.0287627179818652,2.7958553978598144
20,24,81,3,Age,0.025951737945102277,0.015427879871537325,1.6821324874962416,40.551650513067315
20,24,81,4,Weight,1.9167006757873304,0.7537617758073231,2.5428467419091816,60.67399644977443
20,24,81,5,Length,0.002509104548302297,0.0018477026576966752,1.3579590513931055,26.360076986554336
20,24,82,1,Status: Diseased,0.08760934369207823,0.06280479745430338,1.394946679922383,28.312672133415052
20,24,82,2,Sex: Male,0.1044089805583978,0.09307386079897649,1.121786285237519,10.856460525520962
20,24,82,3,Age,0.053238134581039195,0.04529145506962626,1.175456485096285,14.926667836786212
20,24,82,4,Weight,0.8599456440195986,0.2936293462803039,2.9286774462886243,65.85489462940846
20,24,82,5,Length,0.0042746626827212045,0.002550270266346761,1.6761606560408282,40.3398477111348
20,24,83,1,Status: Diseased,0.13795164658532194,0.07546229652666302,1.8280870439263617,45.2980095601902
20,24,83,2,Sex: Male,0.12740119218712365,0.13578443522820996,0.9382606480117048,-6.580191988135575
20,24,83,3,Age,0.031493255974733354,0.03166449888314121,0.9945919589935771,-0.5437446942457846
20,24,83,4,Weight,1.4204572462973282,0.48615639696692553,2.921811283692654,65.77465472937128
20,24,83,5,Length,0.0038483453516468887,0.0027577419860931015,1.3954696889895952,28.339539877497387
20,24,84,1,Status: Diseased,0.42609539623897463,0.3206158280231303,1.3289905207307315,24.75491853394406
20,24,84,2,Sex: Male,0.136539675261079,0.1211937988280917,1.1266226208054984,11.23913353656677
20,24,84,3,Age,0.06541359685614381,0.054356266659984664,1.2034232826423894,16.903718382091405
20,24,84,4,Weight,3.704151997528578,2.67285381583049,1.3858415958216743,27.841680967362382
20,24,84,5,Length,0.014633856194627337,0.011956482660794682,1.2239265183406962,18.29574855884961
20,24,85,1,Status: Diseased,0.2433121548072225,0.16480979069321597,1.4763209987939019,32.264053629463916
20,24,85,2,Sex: Male,0.08490985059818505,0.07881647290900873,1.077310966404332,7.176290673283281
20,24,85,3,Age,0.05693996200734859,0.04674827583713867,1.2180120226404851,17.899004163182607
20,24,85,4,Weight,1.1777265744958056,0.7976757210571706,1.476447813824581,32.26987160422511
20,24,85,5,Length,0.0038516142834194387,0.0018405017626227367,2.092697959675324,52.214795480799005
20,24,86,1,Status: Diseased,0.4180580258996783,0.3018721732022763,1.3848842755690138,27.791800539498123
20,24,86,2,Sex: Male,0.09726473300872872,0.07768730006803674,1.2520030033679443,20.12798712862869
20,24,86,3,Age,0.05085657839263837,0.03302019787177144,1.540165767332213,35.07192399606812
20,24,86,4,Weight,1.508965944198985,0.7523198397326383,2.005750565790271,50.14335196729722
20,24,86,5,Length,0.007439045228481836,0.004236494108918214,1.7559437207340745,43.050566587524294
20,24,87,1,Status: Diseased,0.2253209806589567,0.11265580162712846,2.000083239429877,50.00208089914049
20,24,87,2,Sex: Male,0.10406947482194788,0.07451447092304211,1.396634419231533,28.3993014757414
20,24,87,3,Age,0.025369068170376916,0.016562214117214598,1.5317437626898305,34.71492919651637
20,24,87,4,Weight,4.224927870037132,0.8836018170988202,4.781483908565372,79.08599047654145
20,24,87,5,Length,0.008320105091440507,0.003743681192865017,2.2224395355292477,55.00440016417085
20,24,88,1,Status: Diseased,0.13094740928662282,0.12568887597079137,1.0418376986444964,4.01575971947744
20,24,88,2,Sex: Male,0.08410901964471265,0.06731557810167356,1.249473331680733,19.96627901974931
20,24,88,3,Age,0.040242426633893776,0.03963098075529084,1.0154284821356914,1.5194060839461176
20,24,88,4,Weight,1.5542495085426147,0.8938988454810274,1.7387308602085032,42.48678602966286
20,24,88,5,Length,0.006230160877201168,0.004541495517244638,1.3718302381989482,27.104683061011812
20,24,89,1,Status: Diseased,0.3237011143824603,0.20180292705966923,1.6040456850596032,37.65763598168079
20,24,89,2,Sex: Male,0.18306907184575627,0.10239582284109133,1.7878568360143188,44.06710985711212
20,24,89,3,Age,0.027760872526390794,0.014003113131873286,1.9824786292130059,49.558094333810054
20,24,89,4,Weight,1.2959712280554088,0.6979191588244015,1.8569073676647398,46.14701748652076
20,24,89,5,Length,0.005182822022781715,0.0026437197424880035,1.9604279301951135,48.99072877927861
20,24,90,1,Status: Diseased,0.336351392452116,0.2215221513254052,1.51836459893364,34.139665749431444
20,24,90,2,Sex: Male,0.09287734037560892,0.0632975080052998,1.4673143272533327,31.848276717102518
20,24,90,3,Age,0.026004490666355098,0.017841871625328205,1.457497913472222,31.389267129879926
20,24,90,4,Weight,2.4420492577162305,1.212236657175826,2.0144987723812324,50.359860541490775
20,24,90,5,Length,0.007285632214212103,0.004547865730898304,1.6019892946076555,37.57761032698343
20,24,91,1,Status: Diseased,0.17843856016812243,0.09743151162100652,1.831425554211052,45.397725957210234
20,24,91,2,Sex: Male,0.06955846963383513,0.07576859868750188,0.918038222149526,-8.927926514711547
20,24,91,3,Age,0.01879288688913838,0.011616669942789667,1.617751643258394,38.18581460465401
20,24,91,4,Weight,1.7287750250694418,0.9763407143677623,1.770667759347642,43.52413123688292
20,24,91,5,Length,0.004655409334356401,0.0022473998351052256,2.0714646595755535,51.72497897188835
20,24,92,1,Status: Diseased,0.1031903898944899,0.07300877463639169,1.4133970938207474,29.24847487150529
20,24,92,2,Sex: Male,0.14357554890729826,0.09898955780540625,1.4504110543613014,31.054027960345554
20,24,92,3,Age,0.01390810547781596,0.01214209445020299,1.1454453376932383,12.6977109170608
20,24,92,4,Weight,0.9305420805709228,0.5209952356746962,1.7860855855348805,44.011641541772526
20,24,92,5,Length,0.002866823661076939,0.0017442160993144905,1.6436172457092066,39.15858435955333
20,24,93,1,Status: Diseased,0.165360895127953,0.07518203214298616,2.1994736031271236,54.5345759740767
20,24,93,2,Sex: Male,0.1600288843034808,0.15005991082665404,1.0664332893569604,6.229483833631855
20,24,93,3,Age,0.024236419879911063,0.017441928107178203,1.3895493509078618,28.034222077348304
20,24,93,4,Weight,1.459709056315901,0.6505906917363407,2.2436672932103137,55.43011198558023
20,24,93,5,Length,0.0051706931016289,0.003493017629472403,1.4802940179863617,32.4458527934676
20,24,94,1,Status: Diseased,0.17841386220920827,0.13607842354953045,1.3111105901683846,23.72878325454063
20,24,94,2,Sex: Male,0.20895023997620474,0.1409616419764415,1.4823198499002017,32.53817655701461
20,24,94,3,Age,0.027408416399502394,0.016013633767114985,1.7115675803568906,41.57402772308394
20,24,94,4,Weight,2.2758189341603376,1.0042507011504103,2.266186054491467,55.872996481553216
20,24,94,5,Length,0.006180944832022919,0.003545666511863354,1.7432391939124154,42.635525664400454
20,24,95,1,Status: Diseased,0.15187571608886422,0.057289115120914724,2.651039656805913,62.278949791160684
20,24,95,2,Sex: Male,0.136171716507103,0.13956351214895568,0.9756971174655404,-2.490822418086913
20,24,95,3,Age,0.017907074312798005,0.009807131678096445,1.8259237155744756,45.23319942282594
20,24,95,4,Weight,2.9205724419972108,1.4072684384048262,2.0753484994716094,51.81532160720942
20,24,95,5,Length,0.006423450027880513,0.0036758607718244997,1.7474682602552047,42.7743540329621
20,24,96,1,Status: Diseased,0.20568941183146047,0.11889144026661166,1.730060729100481,42.19856082624713
20,24,96,2,Sex: Male,0.07551410556226992,0.06713118156033747,1.124873774110439,11.101136588342142
20,24,96,3,Age,0.034244181253250426,0.02626091251706498,1.3039981467132082,23.312774445228367
20,24,96,4,Weight,1.9155924125697104,0.9546799726741102,2.0065283313779303,50.162677278856236
20,24,96,5,Length,0.005368800401814664,0.0032094298206266645,1.6728206260532492,40.2207275289677
20,24,97,1,Status: Diseased,0.15529929175296486,0.11657116888375607,1.3322272843281533,24.937733090768855
20,24,97,2,Sex: Male,0.17764160487012767,0.12182223890497862,1.4582034156233836,31.42246210056374
20,24,97,3,Age,0.02283534079973814,0.015260963386975891,1.4963236737220942,33.169539614881096
20,24,97,4,Weight,1.1844385434681413,0.5003948502668484,2.3670078595663187,57.752569516891285
20,24,97,5,Length,0.0024928093583170105,0.0016486557164621825,1.5120254237593527,33.86354592413549
20,24,98,1,Status: Diseased,0.16374783297922618,0.07139137756197887,2.2936640049712933,56.40163520757193
20,24,98,2,Sex: Male,0.13054383744042095,0.08821524392611682,1.47983309494395,32.42481172933385
20,24,98,3,Age,0.019789402691647227,0.011323030953817401,1.7477124960941228,42.782351088359725
20,24,98,4,Weight,0.7750798017341972,0.3873973085845007,2.0007361552568286,50.01839710985615
20,24,98,5,Length,0.0025072669075466725,0.0014682475189071367,1.7076595568933166,41.44031836068871
20,24,99,1,Status: Diseased,0.11392408295296323,0.04751710169506817,2.3975385469435624,58.29055590055796
20,24,99,2,Sex: Male,0.056529846784768197,0.03923194612685599,1.4409136524091788,30.599588786738185
20,24,99,3,Age,0.024174702412129108,0.01935234294548681,1.2491873712772814,19.947957929040694
20,24,99,4,Weight,0.9781368568438348,0.5258742550710199,1.8600204277194294,46.23714959807727
20,24,99,5,Length,0.0032941156573027697,0.0015406669967791698,2.138110093997768,53.229723632695034
20,24,100,1,Status: Diseased,0.3004857942954378,0.2160870891520861,1.3905772689822775,28.087419354131214
20,24,100,2,Sex: Male,0.15144129759357103,0.10762724959877898,1.4070906592719352,28.931373866313226
20,24,100,3,Age,0.02297358075799997,0.013538945352079987,1.6968515759959502,41.067326444679765
20,24,100,4,Weight,0.8816426099915979,0.6152704157387372,1.432935157353593,30.21317155433303
20,24,100,5,Length,0.00340751507114266,0.0020825683749407303,1.6362080170547282,38.883076627380206
25,19,1,1,Status: Diseased,0.10588426094143913,0.040710928169002764,2.6008805424893073,61.55148290498194
25,19,1,2,Sex: Male,0.09009003483622666,0.09397864148203652,0.9586224424562133,-4.316356024147305
25,19,1,3,Age,0.03775057235565768,0.031082843797219952,1.2145147529594473,17.662589312870203
25,19,1,4,Weight,1.2066385916633615,0.8682873702868197,1.389676543682508,28.040808881317293
25,19,1,5,Length,0.0061554810824817315,0.004647786273416332,1.324389875173235,24.49353330572719
25,19,2,1,Status: Diseased,0.4302725407050272,0.3129673373066492,1.3748161210939431,27.263000145481374
25,19,2,2,Sex: Male,0.22642713232509495,0.21378894101292795,1.0591152715958436,5.581571069858182
25,19,2,3,Age,0.015758458202557536,0.014390013427420686,1.0950968379591106,8.683874764567745
25,19,2,4,Weight,3.067898632082163,2.1160233261019767,1.4498415940119522,31.02694776242182
25,19,2,5,Length,0.00565815131244973,0.0035892025542103505,1.5764368900864563,36.565808229395266
25,19,3,1,Status: Diseased,0.3374248369927082,0.22910686496100297,1.4727836158473138,32.101363076022174
25,19,3,2,Sex: Male,0.07535458374251387,0.06862904754350917,1.0979983904736677,8.925185257456691
25,19,3,3,Age,0.03206389030443465,0.02679530563067314,1.1966234215194191,16.43152039174993
25,19,3,4,Weight,1.120155439663211,0.6126607789455023,1.8283452738580668,45.305735503127444
25,19,3,5,Length,0.002900431738624917,0.0024170777483691628,1.1999745314696146,16.664897981185057
25,19,4,1,Status: Diseased,0.260287216492926,0.16343600946852282,1.5925940515762311,37.20935984846393
25,19,4,2,Sex: Male,0.10319311154641733,0.08537104584572852,1.20876007227198,17.27059629621911
25,19,4,3,Age,0.053893309546851814,0.04575925143910943,1.177757674173629,15.09289033487745
25,19,4,4,Weight,1.3894757703119778,0.9327853148906857,1.4895986762772013,32.867824339157195
25,19,4,5,Length,0.006018610057972826,0.004770479698209851,1.2616362375950039,20.7378505625162
25,19,5,1,Status: Diseased,0.20394413797584396,0.1122019407106411,1.8176524994500576,44.98398344553998
25,19,5,2,Sex: Male,0.08101625658875884,0.0836904401826251,0.9680467256710469,-3.3007987612171386
25,19,5,3,Age,0.029740833726667366,0.018448878005577287,1.6120673418554996,37.96785196026651
25,19,5,4,Weight,0.8678314854740363,0.4158041874628247,2.087115790654767,52.086989879642395
25,19,5,5,Length,0.003360580369467915,0.0023796751978724237,1.4122012838022941,29.18856458567005
25,19,6,1,Status: Diseased,0.24393184546838306,0.11836280732720056,2.0608825608035906,51.477099228299814
25,19,6,2,Sex: Male,0.21906248145326992,0.24479596695621972,0.89487782081168,-11.747098513735788
25,19,6,3,Age,0.02696238291410854,0.01997634358506275,1.3497156173399811,25.910318651361575
25,19,6,4,Weight,3.7925060609695613,2.8083090479728923,1.3504589403032714,25.951099277743992
25,19,6,5,Length,0.005996228992892339,0.003932609322363019,1.5247456590194257,34.41529122679341
25,19,7,1,Status: Diseased,0.24118194997534811,0.16621158344494721,1.4510538012847503,31.08456770420167
25,19,7,2,Sex: Male,0.1270719675279576,0.08895042521417834,1.4285706585661475,29.999962269720893
25,19,7,3,Age,0.024325876928070353,0.01978813433001932,1.2293163429342155,18.653973344799734
25,19,7,4,Weight,2.655669125800918,1.248579848971151,2.1269517748418174,52.984359503196984
25,19,7,5,Length,0.008198038012288373,0.005463004295985902,1.5006464516808298,33.36205214226645
25,19,8,1,Status: Diseased,0.6553303987467507,0.5575289941952831,1.1754194052143074,14.923984106109266
25,19,8,2,Sex: Male,0.0873291279686876,0.06567331640016066,1.329750540334734,24.797924898885693
25,19,8,3,Age,0.028249365214496037,0.02777490155099089,1.0170824606753006,1.6795551330182734
25,19,8,4,Weight,2.6524579420405137,2.280212954996106,1.1632500974212927,14.03396378673748
25,19,8,5,Length,0.005989982145927936,0.007051662632522412,0.8494425298087881,-17.724267964909046
25,19,9,1,Status: Diseased,0.07924689566197303,0.05269625505781827,1.5038430259422313,33.50369800907571
25,19,9,2,Sex: Male,0.11885914470382325,0.09151708312629062,1.2987645655161613,23.003750906726104
25,19,9,3,Age,0.017891175797335682,0.013375387519898679,1.3376192480942197,25.240310243385377
25,19,9,4,Weight,1.2335379238225654,0.8939951148027349,1.3798038752088178,27.52593191197834
25,19,9,5,Length,0.002161934893606378,0.001210771038353968,1.7855852387628204,43.99595279512556
25,19,10,1,Status: Diseased,0.15759086399231925,0.11438984416592221,1.3776648192975423,27.41340375448579
25,19,10,2,Sex: Male,0.10906398253178198,0.08451098853087745,1.2905301952767207,22.512467847714646
25,19,10,3,Age,0.03420562080563274,0.03381752824954569,1.0114760769392501,1.1345870852405127
25,19,10,4,Weight,1.3475763536867493,1.0773178633589435,1.250862349469611,20.055152317597635
25,19,10,5,Length,0.005545762977688057,0.006069427505471971,0.9137209354075327,-9.442605641293046
25,19,11,1,Status: Diseased,0.1860401385334515,0.14729652173433844,1.263031443939935,20.825407411824003
25,19,11,2,Sex: Male,0.09051428047992063,0.07534530313269565,1.2013261174423824,16.758656497954505
25,19,11,3,Age,0.03021420233330338,0.02389272604480056,1.2645774398722693,20.922201482496273
25,19,11,4,Weight,2.4349084258630147,1.5306859525906935,1.5907302355142936,37.13578973516566
25,19,11,5,Length,0.007974284905518695,0.006048811370744659,1.3183226284897347,24.146033877488993
25,19,12,1,Status: Diseased,0.24808069357440213,0.19184997215542637,1.2930973655467652,22.666302890721134
25,19,12,2,Sex: Male,0.09331945713868163,0.06643691391438995,1.4046326302713623,28.807007722239153
25,19,12,3,Age,0.015273911965394814,0.009921267414110915,1.5395121739860462,35.04435905752936
25,19,12,4,Weight,0.8259479920095816,0.3931005986608915,2.1011110001439763,52.406131806864266
25,19,12,5,Length,0.0026835696238902925,0.0014363418486851337,1.8683363061146654,46.47644555601613
25,19,13,1,Status: Diseased,0.20189871474835727,0.14996255714285836,1.3463275006441984,25.723867370939512
25,19,13,2,Sex: Male,0.13660237984484128,0.09853943174271086,1.3862712360825644,27.864044642094754
25,19,13,3,Age,0.01742582989254786,0.020143152816337297,0.8650994236818018,-15.593650004304816
25,19,13,4,Weight,2.2759639170568002,1.318727860680032,1.725878390013803,42.05848999638947
25,19,13,5,Length,0.005508200495044894,0.004442366953274738,1.2399246962217891,19.349940924063425
25,19,14,1,Status: Diseased,0.2359484082757569,0.20417821857891588,1.1556002884047187,13.464888332584401
25,19,14,2,Sex: Male,0.1517999960083541,0.11908676364486954,1.274700826206338,21.550219514949276
25,19,14,3,Age,0.0525575633935062,0.05484318670718368,0.9583243890279247,-4.3487999939507915
25,19,14,4,Weight,3.347441269142898,2.0517294928161416,1.6315217385447347,38.70752829245364
25,19,14,5,Length,0.012919534531893963,0.010564242196089965,1.2229494829904353,18.230473628826005
25,19,15,1,Status: Diseased,0.19047454509583034,0.12047822888265551,1.5809872610374318,36.74838345352589
25,19,15,2,Sex: Male,0.09172683733637807,0.07403314822458347,1.2389968485214198,19.289544505833987
25,19,15,3,Age,0.014771290371774009,0.014392489557234057,1.0263193391965713,2.5644395648994234
25,19,15,4,Weight,2.1908120656151557,1.271376161596864,1.7231816450478898,41.967812686850635
25,19,15,5,Length,0.004411949883521468,0.0033960452857684786,1.2991434189674251,23.02620438974998
25,19,16,1,Status: Diseased,0.418490886517448,0.2934877444069867,1.4259228689873888,29.86997952349664
25,19,16,2,Sex: Male,0.09552049096868344,0.0886190738205298,1.0778773332943006,7.225064567995442
25,19,16,3,Age,0.04159887255615974,0.035963732516582275,1.1566895215055666,13.546376844636487
25,19,16,4,Weight,3.1275176940784006,2.0397159253469517,1.533310425836096,34.78163435465379
25,19,16,5,Length,0.009108442387558358,0.00584940649677523,1.5571566777894186,35.78038650422597
25,19,17,1,Status: Diseased,0.23162779858380553,0.13528087087261914,1.7121991977853759,41.59558062558152
25,19,17,2,Sex: Male,0.07550457656597327,0.058388168849005405,1.293148561675769,22.669364554362005
25,19,17,3,Age,0.026506595135696455,0.01823337356049521,1.4537405844152818,31.21193624774421
25,19,17,4,Weight,1.7733941580123636,1.2164154207158246,1.4578852979097991,31.407498145860913
25,19,17,5,Length,0.004664948043183566,0.002830703032911939,1.647982140459553,39.31973075138168
25,19,18,1,Status: Diseased,0.14394870777162755,0.08293461726767079,1.7356890586114877,42.38599390607569
25,19,18,2,Sex: Male,0.09473523940392156,0.07053801882125627,1.3430379954954674,25.541942718375243
25,19,18,3,Age,0.029213466825848876,0.023249359970045656,1.2565277867213267,20.415607950118453
25,19,18,4,Weight,1.7670492390255268,1.2588333240289706,1.4037197818770646,28.76071044159594
25,19,18,5,Length,0.002897521485789489,0.0019530184382446848,1.483611946026324,32.59692989946734
25,19,19,1,Status: Diseased,0.13663696933076916,0.0840121656836898,1.626395037180859,38.51432295727071
25,19,19,2,Sex: Male,0.10183336190415015,0.0874152455546161,1.1649382354079847,14.15853908771566
25,19,19,3,Age,0.04089216471556685,0.032143706814115006,1.272167051300076,21.393971100095555
25,19,19,4,Weight,2.344953956225126,1.5625036622963147,1.5007670143818368,33.36740543888499
25,19,19,5,Length,0.005293052580824835,0.0033645484882920676,1.5731836230755962,36.43462941439818
25,19,20,1,Status: Diseased,0.17872164136038338,0.13917460195099976,1.2841541405903014,22.127728409588045
25,19,20,2,Sex: Male,0.08208722385749895,0.07737188327111849,1.0609438517847298,5.744305099860791
25,19,20,3,Age,0.021414672726015584,0.015200399248456517,1.408823043130928,29.018764643597216
25,19,20,4,Weight,2.004047264641141,1.0883799957833822,1.8413121082758324,45.690901857133824
25,19,20,5,Length,0.004461271726940547,0.00279263840227072,1.5975114154818777,37.402638234146366
25,19,21,1,Status: Diseased,0.1831065296347343,0.1697518058093117,1.0786720574885929,7.293417581591955
25,19,21,2,Sex: Male,0.21404877553204738,0.17533572082349752,1.2207938834524228,18.086090243834985
25,19,21,3,Age,0.05342184325391424,0.04313235430608241,1.2385561630792048,19.260827259227742
25,19,21,4,Weight,0.8111038045683889,0.5046077827259897,1.6073945593677685,37.78752116758894
25,19,21,5,Length,0.0055512644584790796,0.003725415881290066,1.4901059734991908,32.8906790668239
25,19,22,1,Status: Diseased,0.09276144517610775,0.06652955984759697,1.39428917594828,28.278866590219142
25,19,22,2,Sex: Male,0.1175177403735104,0.09187556770631784,1.279096753438937,21.819831274574565
25,19,22,3,Age,0.02639514364255449,0.01828534026257659,1.4435139441498777,30.724604077938046
25,19,22,4,Weight,2.771334125480624,2.1721525063868468,1.2758469386159512,21.62069212747355
25,19,22,5,Length,0.006809643639470008,0.004464645156548143,1.5252373706525222,34.43643466641634
25,19,23,1,Status: Diseased,0.1550518812067016,0.11011416983027843,1.4081010776877012,28.982370950092605
25,19,23,2,Sex: Male,0.12420097546582409,0.10320190699866776,1.20347558565393,16.90732974390734
25,19,23,3,Age,0.02226007963074982,0.017866571550565917,1.2459066121191416,19.7371624588205
25,19,23,4,Weight,2.5507648777065253,1.4929527717394246,1.7085368847499804,41.470388557263405
25,19,23,5,Length,0.0061716546367861615,0.004424402243074361,1.39491264530634,28.3109230269837
25,19,24,1,Status: Diseased,0.09804319708108791,0.07584012388167123,1.2927615629169962,22.64621499547117
25,19,24,2,Sex: Male,0.06660046479794897,0.054391169190291945,1.224472019804204,18.3321477480635
25,19,24,3,Age,0.01838087110630047,0.015583018315485626,1.1795449850709907,15.221546218534844
25,19,24,4,Weight,0.9245320749015522,0.5383093878507691,1.7174734377061474,41.774936482534656
25,19,24,5,Length,0.0033300904254899826,0.0024164726640019327,1.378079079932567,27.435223815389996
25,19,25,1,Status: Diseased,0.25058903427545914,0.11846007527937798,2.1153881059459594,52.72735073109338
25,19,25,2,Sex: Male,0.1306496632004705,0.13632679978094317,0.958356415689395,-4.345312832350445
25,19,25,3,Age,0.02443046947643353,0.01918941655873994,1.2731220567155035,21.452935739729806
25,19,25,4,Weight,3.647776479910419,2.1320938969351513,1.7108892273243854,41.55086232181884
25,19,25,5,Length,0.007886588056557947,0.005766789013393308,1.3675874109910087,26.87853134920569
25,19,26,1,Status: Diseased,0.3667798986548061,0.21857821392830173,1.6780258748711234,40.40616327940697
25,19,26,2,Sex: Male,0.1478528660279857,0.14477715917438716,1.0212444205366247,2.0802483822101703
25,19,26,3,Age,0.047181994781257966,0.036104432447030745,1.3068200102710172,23.47836793587105
25,19,26,4,Weight,1.3944163487679324,0.7093754351093006,1.9656958498331434,49.127429857224136
25,19,26,5,Length,0.007422132435680571,0.005234806258206184,1.4178428139619288,29.470319971107074
25,19,27,1,Status: Diseased,0.38099150229496814,0.2976307091598987,1.2800812905710104,21.879961267621795
25,19,27,2,Sex: Male,0.1446140720541059,0.12759040312220268,1.133424368254393,11.771792806950332
25,19,27,3,Age,0.08247542417812406,0.07214893355834874,1.1431274186668887,12.520688099127518
25,19,27,4,Weight,1.8731710768088699,1.5654084589771318,1.1966021175283774,16.43003256040243
25,19,27,5,Length,0.006132477852660743,0.004866728893355258,1.260082077108027,20.64009018404046
25,19,28,1,Status: Diseased,0.2069109711010041,0.17650998812780563,1.172233782890439,14.692784443198104
25,19,28,2,Sex: Male,0.09084662491272322,0.07802490506643867,1.164328554265677,14.113589644747327
25,19,28,3,Age,0.029772838238915984,0.030956898490910868,0.9617513281460501,-3.9769814436005024
25,19,28,4,Weight,2.7570035656652223,1.897025937453878,1.453329399051642,31.192474283356432
25,19,28,5,Length,0.0080673357394723,0.007394546345623546,1.0909845394703548,8.339672669836862
25,19,29,1,Status: Diseased,0.5737493049595449,0.4871622137178805,1.1777376996890971,15.091450306466115
25,19,29,2,Sex: Male,0.10061232924479699,0.0822081720449334,1.2238725997921986,18.292149021900638
25,19,29,3,Age,0.0231963046111814,0.024370926534445135,0.9518023280073674,-5.063832118748457
25,19,29,4,Weight,2.2607427044459953,0.9907139632050829,2.2819328165439514,56.17750037380473
25,19,29,5,Length,0.0046364395566861945,0.003616591535939663,1.2819914857986734,21.996361826302945
25,19,30,1,Status: Diseased,0.194643239353113,0.08679156692856743,2.2426515183590516,55.40992473357163
25,19,30,2,Sex: Male,0.14842942985927146,0.16003286334805292,0.9274934332484864,-7.817474944007308
25,19,30,3,Age,0.01853510727541072,0.017564557991434093,1.0552561177144308,5.236275515190513
25,19,30,4,Weight,1.4723013473537034,0.5103434418056612,2.884922635910654,65.33702541786393
25,19,30,5,Length,0.004001655748599616,0.0031103580160552965,1.2865579228961899,22.273223598912285
25,19,31,1,Status: Diseased,0.6212651086666845,0.5554883007017615,1.1184125892153365,10.587558684260989
25,19,31,2,Sex: Male,0.22743651837903045,0.2094454780478971,1.085898442395682,7.910356902821869
25,19,31,3,Age,0.03668791066814805,0.033372706118746494,1.0993387991254115,9.036231524298199
25,19,31,4,Weight,3.069308356902029,1.8820572646585434,1.630826231771904,38.68138857973279
25,19,31,5,Length,0.00983451417083662,0.0069907045907884584,1.4067987057835922,28.916624966398718
25,19,32,1,Status: Diseased,0.20199717517447538,0.10324908659755816,1.956406413180343,48.88587599882197
25,19,32,2,Sex: Male,0.06330433114065663,0.047203091000577665,1.3411056309825542,25.434658024114388
25,19,32,3,Age,0.01834537046397964,0.01698484854073337,1.0801020933441614,7.416159438794622
25,19,32,4,Weight,1.1433727375660472,0.6957764377658736,1.6433047678898092,39.14701523782992
25,19,32,5,Length,0.0035957673276363674,0.0033364069991849523,1.0777364178035755,7.212934120014447
25,19,33,1,Status: Diseased,0.155081517162814,0.10355371602231937,1.4975949016584649,33.22626840592332
25,19,33,2,Sex: Male,0.0894004923471353,0.06835746963677793,1.3078379410790206,23.537927094013
25,19,33,3,Age,0.01819185575259879,0.010642514297724512,1.7093569473980796,41.49846809221659
25,19,33,4,Weight,2.4157705546579415,1.5149418879712404,1.5946291893037963,37.28949609679522
25,19,33,5,Length,0.004878567957362847,0.0033081300603109154,1.4747207239198854,32.19055080870178
25,19,34,1,Status: Diseased,0.18908434687298026,0.14821755712988044,1.275721652241839,21.612994633845915
25,19,34,2,Sex: Male,0.07405760583024613,0.06729540140621673,1.100485386560228,9.131005989485585
25,19,34,3,Age,0.016667782396932198,0.0182768906109297,0.911959411026116,-9.65400300818462
25,19,34,4,Weight,0.9974628290680738,0.4520111542911672,2.206721713830869,54.68390990434403
25,19,34,5,Length,0.00231184598313085,0.0016579065364569644,1.3944368589506797,28.286462482603582
25,19,35,1,Status: Diseased,0.43126772433171806,0.3310684426130279,1.3026542817788553,23.23366114956933
25,19,35,2,Sex: Male,0.11480346752669501,0.11120563440527188,1.0323529751047629,3.133906317408519
25,19,35,3,Age,0.02101456813184348,0.01934939798062437,1.0860579824181888,7.923884710701568
25,19,35,4,Weight,1.8641409252380272,1.1978841819726647,1.5561946248995266,35.740685387307295
25,19,35,5,Length,0.004490741954908009,0.0037393866924031113,1.2009300787295791,16.731205445543996
25,19,36,1,Status: Diseased,0.09900252347819766,0.09583470491871383,1.0330550249220336,3.1997351665298157
25,19,36,2,Sex: Male,0.066212778839871,0.05767849712471908,1.1479629695742266,12.889176175177964
25,19,36,3,Age,0.02343998145270781,0.01811737790477426,1.2937844303910528,22.707370987781562
25,19,36,4,Weight,0.8594763154900756,0.45651471199238436,1.8826913852108529,46.88455007255453
25,19,36,5,Length,0.0015781342083681419,0.0009180721883031802,1.7189652714400556,41.82546811069345
25,19,37,1,Status: Diseased,0.07577679624639691,0.03892220185360832,1.9468784559363759,48.63572520663405
25,19,37,2,Sex: Male,0.16554888401086007,0.16156197103670558,1.0246772984296453,2.408299517073731
25,19,37,3,Age,0.025559187230734512,0.01973780628275929,1.2949355599391064,22.77608006632975
25,19,37,4,Weight,2.7505653015821734,1.721207137065007,1.598044327350642,37.42351304748378
25,19,37,5,Length,0.008585339985711883,0.006349298768987497,1.3521713653870095,26.044876736922575
25,19,38,1,Status: Diseased,0.12921536071050405,0.05556689774844703,2.3254017399975386,56.996677915917516
25,19,38,2,Sex: Male,0.09973166602611397,0.12382428497564009,0.8054289677160998,-24.15744157248676
25,19,38,3,Age,0.038261421713206824,0.02886208406519652,1.325663858049133,24.566096154147623
25,19,38,4,Weight,2.3213765146221816,1.4143522421779755,1.641300126938301,39.07269099738566
25,19,38,5,Length,0.007655218247533288,0.005704531416859434,1.3419539113955452,25.481792518487858
25,19,39,1,Status: Diseased,0.10784373483847941,0.05437878307355684,1.9831950761494945,49.57631692281292
25,19,39,2,Sex: Male,0.09960411189745946,0.09631225713757119,1.0341789805132096,3.304938618675879
25,19,39,3,Age,0.05022934655916532,0.05895074763227505,0.8520561413824236,-17.3631585329042
25,19,39,4,Weight,1.6305044399140578,0.8819177340608179,1.8488169326251656,45.911356481353536
25,19,39,5,Length,0.0036337246248422162,0.0028709139516582666,1.2657030778450684,20.992528381730978
25,19,40,1,Status: Diseased,0.09147525067983965,0.07646724401166706,1.1962671319223004,16.40663081722522
25,19,40,2,Sex: Male,0.10046141219045199,0.07182889294511166,1.3986211964483426,28.50101210110364
25,19,40,3,Age,0.02721359769706987,0.020764628571296507,1.3105747402911865,23.697598522475893
25,19,40,4,Weight,1.1068847844876983,0.6464214435510046,1.71232683496268,41.59993410242882
25,19,40,5,Length,0.003315935022497677,0.0027047141191577284,1.2259835518329338,18.43283716939531
25,19,41,1,Status: Diseased,0.11822304415216991,0.10613717506277431,1.1138702729015302,10.222938493987144
25,19,41,2,Sex: Male,0.1504889018445904,0.12342272028982998,1.2192965889197849,17.985500075421925
25,19,41,3,Age,0.01934379632630628,0.015313952245665438,1.263148533833353,20.832746647360644
25,19,41,4,Weight,2.197128952416022,1.051188767618687,2.090137395011643,52.15625525926588
25,19,41,5,Length,0.00545385266767848,0.0036077412321929916,1.5117083839084866,33.84967559586305
25,19,42,1,Status: Diseased,0.6054030226921504,0.5099225485682407,1.1872450520025042,15.771390387071438
25,19,42,2,Sex: Male,0.13142142856586836,0.12239511508775146,1.0737473343739696,6.868220484753684
25,19,42,3,Age,0.012648340531605467,0.012152022785055186,1.0408423976262342,3.923975206945851
25,19,42,4,Weight,2.6806286689714685,1.8830647138081396,1.4235456961807795,29.752869705349628
25,19,42,5,Length,0.004737215047562075,0.003962679339138821,1.1954575786067962,16.35002212580269
25,19,43,1,Status: Diseased,0.07854384905193054,0.049030480666991595,1.6019392015629983,37.57565836304471
25,19,43,2,Sex: Male,0.1293298911754795,0.11160607761614101,1.1588068852334183,13.704344292140602
25,19,43,3,Age,0.01200009424875759,0.01080445024254385,1.1106621789515718,9.963621796866551
25,19,43,4,Weight,4.224607821010105,3.0749686796395763,1.3738701954861148,27.21291987514357
25,19,43,5,Length,0.006347824626854325,0.005527713247330069,1.148363589576644,12.919565799829968
25,19,44,1,Status: Diseased,0.1078088130334311,0.09989586748696513,1.0792119408492897,7.339794701210733
25,19,44,2,Sex: Male,0.17356349066981755,0.15843522406939053,1.0954855000792072,8.716272380812285
25,19,44,3,Age,0.00839877792626922,0.008737461204322885,0.9612377932063263,-4.032530458917716
25,19,44,4,Weight,3.27922958357371,1.7445945701839873,1.879651375521522,46.798645056052315
25,19,44,5,Length,0.004946928414615323,0.0031538500831246657,1.5685363236143968,36.24629631173041
25,19,45,1,Status: Diseased,0.1788691961062758,0.12560406161132215,1.424071752231874,29.778819189921315
25,19,45,2,Sex: Male,0.12788986715048897,0.11327561838744044,1.1290149545956387,11.427213968290262
25,19,45,3,Age,0.029597329109965168,0.018848379202558066,1.5702851047239264,36.31729696781329
25,19,45,4,Weight,1.786139332677367,0.9596555706782135,1.8612295778318213,46.272076700773404
25,19,45,5,Length,0.005590130824993688,0.003534837028069544,1.5814394781438021,36.766470432764244
25,19,46,1,Status: Diseased,0.22427062654596444,0.170759241891668,1.3133732854602669,23.860184224049174
25,19,46,2,Sex: Male,0.12095704326774699,0.09069082767384776,1.333729621508648,25.022284586522858
25,19,46,3,Age,0.03554050388579785,0.025256399339848332,1.4071880717265883,28.93629358490636
25,19,46,4,Weight,2.7592209115345496,1.6711104223509083,1.6511302153527916,39.43542485615931
25,19,46,5,Length,0.008514847210945137,0.005955310470979311,1.429790646925739,30.05969075611541
25,19,47,1,Status: Diseased,0.1639089357635813,0.06942772470817164,2.36085708486842,57.64250168257288
25,19,47,2,Sex: Male,0.058962118963619636,0.0455001919956895,1.2958652783092754,22.83148435733172
25,19,47,3,Age,0.019733926528773392,0.01409886574856295,1.3996818524770196,28.555192865414515
25,19,47,4,Weight,1.2001965257835847,0.8460441622900123,1.4185979636511856,29.507864410984965
25,19,47,5,Length,0.003392587801537649,0.0026473326855171323,1.281511696696684,21.96715780451545
25,19,48,1,Status: Diseased,0.2138999460992573,0.18005417355911055,1.1879754957695297,15.823179555380108
25,19,48,2,Sex: Male,0.10970260103823903,0.0756662306738181,1.4498224645435938,31.02603770767193
25,19,48,3,Age,0.042994550119046564,0.03201310933561404,1.3430294967073335,25.541471542384507
25,19,48,4,Weight,1.7645811120990105,0.8911574287158484,1.9801003226127616,49.49750835450144
25,19,48,5,Length,0.006892375554576586,0.004453775105886979,1.5475356053488818,35.38113135855401
25,19,49,1,Status: Diseased,0.14893738766398526,0.11179294581758806,1.3322610525623466,24.93963566099202
25,19,49,2,Sex: Male,0.07060126854936134,0.06059929842553189,1.1650509227614323,14.166841941142327
25,19,49,3,Age,0.009182463147346023,0.012181773692927908,0.7537870411003346,-32.66346401236324
25,19,49,4,Weight,2.957194583463765,1.481094313004307,1.9966281400846657,49.91556114411993
25,19,49,5,Length,0.006490882496806677,0.004343576927102437,1.4943634257530438,33.08187400959193
25,19,50,1,Status: Diseased,0.1505688319642421,0.1170373551751424,1.28650234567349,22.269865782755716
25,19,50,2,Sex: Male,0.07857313486378673,0.07061385277914496,1.1127155900915868,10.129775397710505
25,19,50,3,Age,0.015651301126001833,0.01655944759779146,0.9451584078257087,-5.802370451367156
25,19,50,4,Weight,1.674394425782128,0.9236835976093832,1.8127359088281796,44.834766325866106
25,19,50,5,Length,0.004295481537279905,0.0033975894651605176,1.264273268246953,20.903176147463398
25,19,51,1,Status: Diseased,0.30078739144350314,0.24328864266785313,1.236339634045924,19.116076807511394
25,19,51,2,Sex: Male,0.27471508008457096,0.271944564023679,1.0101877971741724,1.0085052702745845
25,19,51,3,Age,0.03877404583915724,0.03362106688467606,1.1532663723062822,13.289763404770294
25,19,51,4,Weight,4.366745303690994,3.3661069985569916,1.297268715927023,22.914968369879784
25,19,51,5,Length,0.006618158866084442,0.004967022230198005,1.332419820037853,24.948579647247314
25,19,52,1,Status: Diseased,0.12668113866006353,0.08577367770670993,1.4769232478666758,32.29167450343557
25,19,52,2,Sex: Male,0.04717308617267107,0.05015884466794429,0.9404739380454396,-6.329368581788852
25,19,52,3,Age,0.017747428761409636,0.010835190666081233,1.6379433743576526,38.947828377023896
25,19,52,4,Weight,5.050076462512009,3.5788929889642556,1.4110722164882386,29.13190492200899
25,19,52,5,Length,0.0098030007036381,0.006943845072136385,1.4117539492599955,29.1661269639675
25,19,53,1,Status: Diseased,0.2367407360172963,0.15185152607506203,1.5590277038129503,35.85745798138951
25,19,53,2,Sex: Male,0.059530731254747414,0.049933322379843874,1.1922044922606159,16.12177218827322
25,19,53,3,Age,0.01573674583235835,0.011913426188594065,1.3209252807076386,24.29549084984688
25,19,53,4,Weight,2.0371661176424487,0.9516578417731639,2.1406497463907046,53.28521157251088
25,19,53,5,Length,0.005038091871785092,0.002758932957663479,1.8261015940205436,45.238534193582765
25,19,54,1,Status: Diseased,0.10331928602252635,0.05069618346147683,2.03800915508831,50.932506976070556
25,19,54,2,Sex: Male,0.34840973727123814,0.3646936216324615,0.955349138577383,-4.673774185750235
25,19,54,3,Age,0.02666570604551261,0.023639455164130234,1.1280169471068993,11.348849628122416
25,19,54,4,Weight,1.9429060317394276,0.9688965541840935,2.005277058060699,50.131579275778535
25,19,54,5,Length,0.003999507135232977,0.002645759601142953,1.5116668700758804,33.84785895653031
25,19,55,1,Status: Diseased,0.19481309721915308,0.11436662362477684,1.703408661064538,41.29418131671032
25,19,55,2,Sex: Male,0.07926755289229653,0.07897866662950816,1.0036577758921097,0.3644445327849244
25,19,55,3,Age,0.013396781866899417,0.016724279684844082,0.8010378993505999,-24.838038351331228
25,19,55,4,Weight,1.5029574114154567,1.2402204083120871,1.2118470244018553,17.48133387598314
25,19,55,5,Length,0.002460947636716632,0.0020541776225151656,1.1980208574677251,16.528999160021705
25,19,56,1,Status: Diseased,0.20597407519456887,0.12635368634970762,1.6301390259758377,38.65553894083496
25,19,56,2,Sex: Male,0.058553323610110654,0.060946782318143794,0.960728710901599,-4.087656447942178
25,19,56,3,Age,0.019747659266661322,0.023704389022235872,0.8330802893986028,-20.036449394559064
25,19,56,4,Weight,1.8097909152644207,0.7093349022500917,2.5513913237929735,60.805698809331574
25,19,56,5,Length,0.005396435061962095,0.0039223845690763825,1.375804683841292,27.315264169041274
25,19,57,1,Status: Diseased,0.1656398668023362,0.09252563804040202,1.7902050751599063,44.140477877336096
25,19,57,2,Sex: Male,0.08251491916427729,0.07069789140334623,1.1671482349241853,14.32108021266406
25,19,57,3,Age,0.01708375228151375,0.01476400791836116,1.157121587578374,13.578658393816534
25,19,57,4,Weight,1.3329624909001279,0.8720902629726613,1.5284684940255022,34.57503351172673
25,19,57,5,Length,0.002189125911520967,0.0020368354085100494,1.074768193038395,6.956680847339136
25,19,58,1,Status: Diseased,0.09956119710864428,0.05461687893464484,1.8229016203540356,45.14240434951259
25,19,58,2,Sex: Male,0.11033193657088611,0.10442551628544508,1.0565610829186225,5.3533187842182635
25,19,58,3,Age,0.02166473218061341,0.020017695705671242,1.0822790244771052,7.602385578604154
25,19,58,4,Weight,1.4244532415905153,0.7397521396618426,1.9255817796507693,48.06764321475021
25,19,58,5,Length,0.0037843998934567248,0.0023183715912386523,1.6323525994531392,38.738725914057184
25,19,59,1,Status: Diseased,0.3385122838654604,0.28621106478299013,1.1827365378837673,15.450316450925916
25,19,59,2,Sex: Male,0.1840115960467537,0.14686763190135727,1.2529077623471452,20.18566489470528
25,19,59,3,Age,0.023493884307483233,0.021459116729308423,1.0948206584568212,8.66083935523041
25,19,59,4,Weight,3.0959040861698495,1.3540924707338111,2.2863313644245538,56.26180808433734
25,19,59,5,Length,0.00902866821067146,0.005989361232611772,1.5074509384257562,33.66284934988939
25,19,60,1,Status: Diseased,0.24508724974880997,0.16945367565055455,1.4463377604993717,30.85985671460767
25,19,60,2,Sex: Male,0.17069243891099886,0.1668236731379762,1.0231907480530231,2.2665126807637326
25,19,60,3,Age,0.028654370097670398,0.02171746950979331,1.3194156936538555,24.20887482164913
25,19,60,4,Weight,2.863558571860833,1.7414451410465583,1.644357611024093,39.18597795906403
25,19,60,5,Length,0.007517017193880914,0.005087676369591132,1.477495156494204,32.3178830330113
25,19,61,1,Status: Diseased,0.2247732465566009,0.1963349835672097,1.1448456228874575,12.651978571760347
25,19,61,2,Sex: Male,0.14691480747824381,0.12372224914772148,1.1874566497965209,15.786399430130182
25,19,61,3,Age,0.02454342598411133,0.025165294649655577,0.975288639604593,-2.5337484096426666
25,19,61,4,Weight,1.2856024363099112,0.8469819736597671,1.5178628073451041,34.117892924123936
25,19,61,5,Length,0.0025398828419753157,0.0027303705089234435,0.930233766323811,-7.499860379385925
25,19,62,1,Status: Diseased,0.12425918130189251,0.09790996421180787,1.2691168085107618,21.205046431191434
25,19,62,2,Sex: Male,0.06863396438078236,0.07132489390100862,0.9622722254033635,-3.920696617926578
25,19,62,3,Age,0.03415635249064207,0.03110315616590559,1.0981635531921776,8.938882820034644
25,19,62,4,Weight,1.224577923570518,0.560971050468185,2.182960996915061,54.190661151839635
25,19,62,5,Length,0.005390661255982587,0.0035725483767098036,1.5089120391274322,33.72708454375669
25,19,63,1,Status: Diseased,0.10415543888107376,0.05302212067155143,1.9643770856746867,49.093277085517464
25,19,63,2,Sex: Male,0.15359528249358292,0.1515798237472166,1.0132963523544363,1.3121879224712085
25,19,63,3,Age,0.013235402594294253,0.009502308968526907,1.3928617389870104,28.20536511202668
25,19,63,4,Weight,2.5705631476223325,1.3415398492821693,1.9161288045210052,47.81144160869809
25,19,63,5,Length,0.0055671815100984245,0.0034242060772452752,1.625831326885893,38.493004565523194
25,19,64,1,Status: Diseased,0.10802303796811308,0.0789304766401171,1.3685846401339155,26.931811838678065
25,19,64,2,Sex: Male,0.10118675271378125,0.09642998392163946,1.0493287315697077,4.7009797869459025
25,19,64,3,Age,0.025172028802666616,0.017812997817047996,1.4131270357298102,29.234953778691995
25,19,64,4,Weight,2.213453509600079,1.0644804511717305,2.0793745034618647,51.908614906302766
25,19,64,5,Length,0.006808427305823607,0.004210719334282219,1.6169273621235565,38.154302819968876
25,19,65,1,Status: Diseased,0.21526292443457068,0.17779931859704082,1.2107072520476656,17.403649948515376
25,19,65,2,Sex: Male,0.10064791744713233,0.0734071585913351,1.3710913128711222,27.065397423753023
25,19,65,3,Age,0.01726096875604215,0.013302131717135256,1.2976092195664612,22.93519613446444
25,19,65,4,Weight,0.9722876884366514,0.5315650452277438,1.8291038832699849,45.328419607734496
25,19,65,5,Length,0.003060345019637624,0.0021642407268336874,1.414050193998035,29.281152518876596
25,19,66,1,Status: Diseased,0.09431630941908221,0.08000266355902129,1.1789146163802553,15.176214960299294
25,19,66,2,Sex: Male,0.07302589424981865,0.04904921178366057,1.4888291084454341,32.83312407532431
25,19,66,3,Age,0.026263602050492937,0.020405169338193335,1.2871053219506536,22.306280383918796
25,19,66,4,Weight,1.6737455045874465,0.9170430673211101,1.8251547437971862,45.2101251470039
25,19,66,5,Length,0.005949717933664506,0.004020488939243668,1.479849347573075,32.425553882225834
25,19,67,1,Status: Diseased,0.6338027449419646,0.5460724717159411,1.1606568317760935,13.841889124992157
25,19,67,2,Sex: Male,0.12018669164356595,0.10372157063171358,1.158743460126683,13.699620803842805
25,19,67,3,Age,0.07959102202815403,0.07893916542366868,1.0082577083376398,0.8190077069933466
25,19,67,4,Weight,2.419139417558552,1.300345836772484,1.860381560926102,46.24758592521214
25,19,67,5,Length,0.010415710688166935,0.008357186600294286,1.2463178323432627,19.763645031071132
25,19,68,1,Status: Diseased,0.06068518641616012,0.04922926784303501,1.2327054428201476,18.87761948124207
25,19,68,2,Sex: Male,0.09874686761459604,0.1116357505768884,0.8845452026282994,-13.052447407847922
25,19,68,3,Age,0.028386218304054408,0.023029711015426363,1.2325911638682747,18.87009826829583
25,19,68,4,Weight,5.587195081183121,4.64486302344405,1.2028761780450428,16.865923670943783
25,19,68,5,Length,0.007482997101672955,0.007994008012848304,0.9360757569476998,-6.828960431657838
25,19,69,1,Status: Diseased,0.18209411181515409,0.14317772891223157,1.2718047226938374,21.371576771481227
25,19,69,2,Sex: Male,0.1309764915388058,0.11804809324245541,1.109518061166792,9.870777682665254
25,19,69,3,Age,0.04160264351717661,0.03527996736793175,1.179214342329351,15.197774984261269
25,19,69,4,Weight,1.9541949961430287,0.8391430363524626,2.3287984425604105,57.05940103169493
25,19,69,5,Length,0.007535169631974418,0.005023647455940282,1.499939973507566,33.33066538246
25,19,70,1,Status: Diseased,0.11180247246063474,0.09646518760441077,1.1589929511060495,13.718198281906668
25,19,70,2,Sex: Male,0.11061853259287972,0.08189632060946463,1.3507143149981236,25.96509943693095
25,19,70,3,Age,0.01913550240779725,0.017619962965995422,1.0860126349145371,7.920039983817107
25,19,70,4,Weight,1.1310161566800847,0.5548173921064449,2.03853767522683,50.94522842759191
25,19,70,5,Length,0.004127162689258713,0.001972112084352564,2.09276274001112,52.2162746458929
25,19,71,1,Status: Diseased,0.16267893263910574,0.09955441664992287,1.6340704723443504,38.80312893939446
25,19,71,2,Sex: Male,0.062201810873626355,0.06420914650686337,0.9687375437544176,-3.2271337522877808
25,19,71,3,Age,0.04100291979178953,0.03269331917746329,1.2541681549438501,20.265875348687146
25,19,71,4,Weight,2.797198254749296,1.7702355694992964,1.5801276976603016,36.71397561850842
25,19,71,5,Length,0.01053555946413884,0.007865808381332827,1.33941216889314,25.340382652609662
25,19,72,1,Status: Diseased,0.17554227839338105,0.11169787221002445,1.571581221021924,36.369817440949824
25,19,72,2,Sex: Male,0.05182110346187565,0.04593664489954475,1.1280994416374805,11.355332421008836
25,19,72,3,Age,0.021465878944836356,0.014772380383855538,1.453109003901363,31.182038146129344
25,19,72,4,Weight,0.9772254988576424,0.4506141492489707,2.168652494570719,53.888416770159
25,19,72,5,Length,0.0026956175870732,0.0020124563692245426,1.3394663498279464,25.34340260743023
25,19,73,1,Status: Diseased,0.12707576079357816,0.07998734715508025,1.588698279331635,37.055385971671114
25,19,73,2,Sex: Male,0.07037078189471868,0.07179566312120357,0.9801536588069472,-2.024819375485487
25,19,73,3,Age,0.010695730042925967,0.01326445025322261,0.8063455204506067,-24.016314921818392
25,19,73,4,Weight,1.433472850573749,1.1291823476209877,1.26947862193724,21.227503738976907
25,19,73,5,Length,0.0033899344890690433,0.0032498638525146647,1.043100462945854,4.131957033566314
25,19,74,1,Status: Diseased,0.3125614361509348,0.24999963233524977,1.250247583291601,20.015842192852652
25,19,74,2,Sex: Male,0.12117582449926916,0.10515706650325657,1.1523317312728243,13.219433878173614
25,19,74,3,Age,0.01932802346203808,0.01867023109618838,1.035232149107356,3.4033090198884675
25,19,74,4,Weight,2.167631570368354,1.2925983615806416,1.6769567676982713,40.36817052996763
25,19,74,5,Length,0.006029078170800881,0.00464365529923588,1.298347483240837,22.979016564666075
25,19,75,1,Status: Diseased,0.3192590604415297,0.17032085908147296,1.874456611851706,46.65120581200666
25,19,75,2,Sex: Male,0.18542312629104996,0.1801538012701733,1.0292490360110378,2.8417841540464783
25,19,75,3,Age,0.045246201985665584,0.03540307506487293,1.2780302813457873,21.754592626163504
25,19,75,4,Weight,2.283807569996459,1.0388768795686407,2.198342859400947,54.51119029392431
25,19,75,5,Length,0.008518429402884128,0.004843309334007311,1.7588034988952597,43.14316518996463
25,19,76,1,Status: Diseased,0.28638722382322485,0.24385285167039872,1.1744263881331078,14.852049468198647
25,19,76,2,Sex: Male,0.06878710725686304,0.04943328071067538,1.3915141028058067,28.135834341626122
25,19,76,3,Age,0.0856959298098279,0.08316164825181611,1.0304741622044082,2.9572951289935645
25,19,76,4,Weight,2.883532545491905,1.7611686411382987,1.6372836071099854,38.92322651631945
25,19,76,5,Length,0.01354494816243827,0.012310552778981996,1.1002713205180987,9.113326744796247
25,19,77,1,Status: Diseased,0.12340479826689037,0.09452472556201004,1.3055292944059853,23.40271457064477
25,19,77,2,Sex: Male,0.11006546566808173,0.10091431866297426,1.09068234445173,8.314276371395247
25,19,77,3,Age,0.01616744467726304,0.0109979679735618,1.4700392578091002,31.97460580131932
25,19,77,4,Weight,3.299616601700579,2.5749018250989857,1.281453362430132,21.963605596725532
25,19,77,5,Length,0.00413492771937188,0.0033180878996525907,1.246177872444191,19.754633579021107
25,19,78,1,Status: Diseased,0.22380496962168478,0.1678969910226409,1.3329897591285877,24.980668969750553
25,19,78,2,Sex: Male,0.09011354593653814,0.0903496323057603,0.9973869692305642,-0.2619876587571346
25,19,78,3,Age,0.03532100859473196,0.0267150558904875,1.3221386748926398,24.36496874420515
25,19,78,4,Weight,2.9426723149143172,1.655341920577233,1.7776824705123038,43.74698425687835
25,19,78,5,Length,0.008697587217198252,0.005634365052544324,1.5436676779170817,35.21921756181805
25,19,79,1,Status: Diseased,0.17538920201814104,0.11045473000433408,1.587883126519426,37.02307283836698
25,19,79,2,Sex: Male,0.06433608215542304,0.057118269534155726,1.1263660940734765,11.21891849713591
25,19,79,3,Age,0.02417585439910872,0.018327572184550948,1.3190974863265046,24.19059164574294
25,19,79,4,Weight,1.544909152687835,0.9589756388703108,1.610999372734602,37.926729400114965
25,19,79,5,Length,0.004326600802709897,0.0026656284238683993,1.6231072432935232,38.38977651465266
25,19,80,1,Status: Diseased,0.3129947912424681,0.2507222203202527,1.2483727642594795,19.89572116360704
25,19,80,2,Sex: Male,0.05723262472927749,0.05358587245000904,1.0680543604598498,6.371806808648683
25,19,80,3,Age,0.02170681215738775,0.021493499682839187,1.0099245110240878,0.9826983022744984
25,19,80,4,Weight,1.6399374762531784,0.48676109536613466,3.3690808321886143,70.31831381289886
25,19,80,5,Length,0.003477109589926572,0.0024791199081926566,1.4025580523297383,28.701703409784972
25,19,81,1,Status: Diseased,0.1780783822926369,0.10307820751060467,1.7276045693200108,42.116383705004765
25,19,81,2,Sex: Male,0.11233739517735933,0.08918959550244966,1.2595347534037633,20.605604784020226
25,19,81,3,Age,0.028781550267572193,0.034769811104253756,0.8277741337528015,-20.80590093657484
25,19,81,4,Weight,1.580267259327193,0.9204464189677377,1.716848723361248,41.75374997267092
25,19,81,5,Length,0.003970693084636622,0.0030926225511965456,1.2839242484021687,22.113785042654165
25,19,82,1,Status: Diseased,0.08333449860687711,0.06905404937838125,1.2068010400120959,17.136299452478355
25,19,82,2,Sex: Male,0.08687647674301914,0.04885979830796642,1.778076859741237,43.759461548499665
25,19,82,3,Age,0.013869944875202508,0.01470534262149104,0.943190868258476,-6.023079066320625
25,19,82,4,Weight,2.1350780402740765,0.9562691054868346,2.2327167405320627,55.21151510864306
25,19,82,5,Length,0.0044558480172846,0.0025886648025352553,1.7212920007722456,41.904104617266746
25,19,83,1,Status: Diseased,0.6186221395374092,0.5116419957244528,1.2090917960349976,17.293293753268124
25,19,83,2,Sex: Male,0.1421039112957808,0.12528146858691672,1.1342771831988314,11.838127856909697
25,19,83,3,Age,0.055001283623548655,0.052494345157667835,1.0477563527719258,4.557963561431288
25,19,83,4,Weight,1.7427747855808717,0.7624294811902267,2.285817677013526,56.25197888457476
25,19,83,5,Length,0.005994917535805657,0.005725980871939081,1.0469677894288008,4.486077786063037
25,19,84,1,Status: Diseased,1.082501198430121,0.9354555756870445,1.1571914546931625,13.583876207834855
25,19,84,2,Sex: Male,0.07561742272408804,0.0520911693795049,1.4516361146202157,31.112212631770664
25,19,84,3,Age,0.04547246728921673,0.04222147380259586,1.0769985790126775,7.149366815624281
25,19,84,4,Weight,2.4102108545003578,1.2892124720260922,1.8695218257643242,46.51038644113363
25,19,84,5,Length,0.008043402866795946,0.00537136725281909,1.4974591176156264,33.220213611422025
25,19,85,1,Status: Diseased,0.33089875830897714,0.2509175327292956,1.3187550296294754,24.170905321137216
25,19,85,2,Sex: Male,0.09608357797990098,0.08861281478212378,1.0843079323926894,7.775275811793724
25,19,85,3,Age,0.01798737181405726,0.013482613612283468,1.334116094350556,25.044004473478953
25,19,85,4,Weight,1.9752049501623337,1.1548729319480497,1.710322318171005,41.531488575241994
25,19,85,5,Length,0.0052588355409615055,0.0034117010129722605,1.5414116069860497,35.124401849074026
25,19,86,1,Status: Diseased,0.13286340420095571,0.07041785389930655,1.8867857630387697,46.99981208309276
25,19,86,2,Sex: Male,0.10029088460376871,0.09804016368904779,1.0229571313432269,2.2441929030869723
25,19,86,3,Age,0.028180028348586256,0.023516151576179208,1.1983265313331006,16.550291272652416
25,19,86,4,Weight,1.2268062970013565,0.45236468434797655,2.7119851293644515,63.12664147113711
25,19,86,5,Length,0.003444435724973829,0.0025566252035539266,1.3472587691718638,25.775209419146528
25,19,87,1,Status: Diseased,0.08193693648551578,0.05048974435445343,1.622843164154159,38.379750915658605
25,19,87,2,Sex: Male,0.07320172036463718,0.0765090275125783,0.9567723279792388,-4.518072978977217
25,19,87,3,Age,0.026824146360125346,0.02117546633341899,1.2667558738856033,21.058191194122156
25,19,87,4,Weight,1.6894606685159128,1.1107185748157795,1.5210519629566128,34.25602646367154
25,19,87,5,Length,0.00595760852844449,0.004603876183393599,1.2940418662721358,22.72274753514807
25,19,88,1,Status: Diseased,0.2829886401693578,0.2072370867222763,1.3655308740592271,26.76840787734346
25,19,88,2,Sex: Male,0.06200012573703169,0.05982302691174003,1.036392321446784,3.511442596948333
25,19,88,3,Age,0.02307814324823471,0.0260676342174068,0.8853179024901369,-12.953775947294899
25,19,88,4,Weight,2.0469762432631353,0.9303578878053606,2.2002030294941526,54.54964898262551
25,19,88,5,Length,0.005159349497778089,0.004188741690152852,1.2317182293448654,18.8126004652958
25,19,89,1,Status: Diseased,0.26741046049104156,0.1822361480898578,1.4673842884298982,31.851526019131615
25,19,89,2,Sex: Male,0.13970054519106187,0.10733297021841184,1.3015622777119207,23.16925458550102
25,19,89,3,Age,0.04862058738742357,0.04528205657690284,1.0737274554845115,6.866496251718035
25,19,89,4,Weight,1.6181846229277477,0.5538387304673316,2.921761397153132,65.77407036131126
25,19,89,5,Length,0.004020157843861043,0.0036516092538803244,1.100927718262595,9.167515413443484
25,19,90,1,Status: Diseased,0.30848570349631277,0.22903472117834914,1.346894924530221,25.755158640249043
25,19,90,2,Sex: Male,0.08652941365283265,0.08540053955334054,1.013218582755991,1.3046131388585458
25,19,90,3,Age,0.04041057921728223,0.031244203681220578,1.2933784336315515,22.68310851664681
25,19,90,4,Weight,3.7953805544850154,2.57440241401628,1.4742763345082126,32.170111084800205
25,19,90,5,Length,0.009926280136629237,0.007017868665980553,1.4144294527407366,29.300114752114194
25,19,91,1,Status: Diseased,0.12455863902140073,0.0969103580068514,1.2852974809214373,22.196999928522832
25,19,91,2,Sex: Male,0.08530370303403267,0.09550706469665474,0.8931664197300009,-11.961217742858521
25,19,91,3,Age,0.019430143194876508,0.016253655623742445,1.1954321935118413,16.348245812062068
25,19,91,4,Weight,1.658349548431424,0.7983120452253335,2.0773199632273296,51.86105088758703
25,19,91,5,Length,0.0047499498541712275,0.00283336130153779,1.6764363413847787,40.34965865903535
25,19,92,1,Status: Diseased,0.17913984294157315,0.13507243619750478,1.3262501809002127,24.59944478037811
25,19,92,2,Sex: Male,0.06227590237962295,0.04842041891546562,1.2861495991669716,22.24854708599282
25,19,92,3,Age,0.03020283382931056,0.024978663208001045,1.2091453244638062,17.29695514941939
25,19,92,4,Weight,1.465597312688158,0.894989598136413,1.6375579288741342,38.933458025052744
25,19,92,5,Length,0.005845246878268897,0.004455195900727941,1.3120067015041545,23.78087712101268
25,19,93,1,Status: Diseased,0.2216707491224671,0.1819459742560245,1.2183328047178668,17.920621021809126
25,19,93,2,Sex: Male,0.22582588631563533,0.1951417105502955,1.157240477593494,13.587536958651746
25,19,93,3,Age,0.029626170808654838,0.024125158802636968,1.228019722109211,18.568083069347697
25,19,93,4,Weight,2.5202097684474367,2.439383629537236,1.033133836732984,3.207119499421407
25,19,93,5,Length,0.003948710386352524,0.003157547736789664,1.250562371661006,20.035975600977597
25,19,94,1,Status: Diseased,0.2105138462798586,0.16384318233018721,1.2848495938977655,22.169878501781348
25,19,94,2,Sex: Male,0.23421566349975337,0.18739174527200053,1.2498718295183577,19.99179624799182
25,19,94,3,Age,0.02542554828883838,0.016389821739586013,1.5513010875175386,35.53798111492047
25,19,94,4,Weight,1.040857626561104,0.5935145044462086,1.7537189382293168,42.97832006024447
25,19,94,5,Length,0.004199963623224262,0.0025607387565347037,1.6401374847420298,39.029501532471485
25,19,95,1,Status: Diseased,0.16232406051874276,0.10479989479074767,1.5488952621837333,35.43785532727791
25,19,95,2,Sex: Male,0.08159915362134039,0.07564938003924286,1.0786493369676142,7.291464822916371
25,19,95,3,Age,0.039915573674784204,0.028292885458920208,1.4107989703892003,29.118179061037463
25,19,95,4,Weight,1.8758792957426031,0.9333706702291215,2.0097902747277425,50.2435645860877
25,19,95,5,Length,0.007233814232615037,0.004912330596445702,1.472582940132131,32.09211021348158
25,19,96,1,Status: Diseased,0.20620469165016353,0.1712451327753847,1.204149211765533,16.953813511716533
25,19,96,2,Sex: Male,0.14019444872133846,0.10569513637651162,1.3264039720988858,24.60818717109148
25,19,96,3,Age,0.02766961427521225,0.022486617163096356,1.2304925224867487,18.7317288219629
25,19,96,4,Weight,1.7724098276289106,0.7962110934752895,2.2260551782727926,55.077483713772764
25,19,96,5,Length,0.00545317274291357,0.0036163548179726592,1.5079197195508147,33.68347220116704
25,19,97,1,Status: Diseased,0.09020075661638435,0.06601105287851537,1.3664492942172417,26.817628416073713
25,19,97,2,Sex: Male,0.13370022395762093,0.1327144930369361,1.0074274549683921,0.7372694611171848
25,19,97,3,Age,0.017591877984392875,0.014760474266915014,1.191823356504495,16.094948589285462
25,19,97,4,Weight,1.2158994396697382,0.6780187070538121,1.7933125251855866,44.23727119752806
25,19,97,5,Length,0.004276041154113939,0.003078512242549646,1.3889959880661351,28.005551593257273
25,19,98,1,Status: Diseased,0.3897984954712046,0.2630186896061966,1.4820182400529347,32.52444720489526
25,19,98,2,Sex: Male,0.09862282030022669,0.0723011266354707,1.3640564800250659,26.689252634053396
25,19,98,3,Age,0.034705817047094724,0.025446100029163175,1.3638953319887608,26.680590764846134
25,19,98,4,Weight,2.5597989583852065,1.515196188672027,1.6894175008641668,40.80800042094494
25,19,98,5,Length,0.008019949820456998,0.005786118526382428,1.3860673236970824,27.85343230423455
25,19,99,1,Status: Diseased,0.28379649220810726,0.270157315565191,1.0504860533366716,4.805970833816609
25,19,99,2,Sex: Male,0.10752952586385012,0.08664239150820648,1.2410729204498618,19.424557290515864
25,19,99,3,Age,0.013701622007001752,0.014085397807311021,0.9727536413554418,-2.800951596191714
25,19,99,4,Weight,2.2049344616403492,1.303220929930987,1.6919114871467826,40.895253232993475
25,19,99,5,Length,0.004013546724381422,0.002436440234341475,1.6472994772499354,39.29458402612753
25,19,100,1,Status: Diseased,0.206318380615404,0.1608164668696235,1.2829431253620913,22.054222028138227
25,19,100,2,Sex: Male,0.06524403138149769,0.054296726075832066,1.2016199888438275,16.779014223774848
25,19,100,3,Age,0.03101196150808564,0.026579065978790967,1.1667814637591836,14.294147528007539
25,19,100,4,Weight,1.4224154870561898,0.9560113228192028,1.4878646864365557,32.78958704268964
25,19,100,5,Length,0.004711760342605672,0.0036077379552023076,1.306015126683849,23.431208447092278
