heterogeneity,n,m,rep,coef_mse_mlm,coef_mse_bayes,ratio_coef_mse,test_mse_mlm,test_mse_bayes,ratio_test_mse
low,50,300,1,0.05062841176704973,0.008543304769485028,5.926092201215186,1.5740151939228855,1.1120614297922877,1.4154030989249236
low,50,300,2,0.032226498014562045,0.005420826790959778,5.944941474297913,1.1762494329856106,0.9910889732574992,1.1868252646576505
low,50,300,3,0.0406054708266103,0.007036721038395186,5.770510242632966,1.433845521060757,1.093603854791912,1.3111196662100146
low,50,300,4,0.04062802152337959,0.00638795715759125,6.360096118537444,1.4439239589366035,1.0787734655789663,1.338486721270684
low,50,300,5,0.04946722719311811,0.007511051126507501,6.5859260388391805,1.4243705639347544,1.0680206590011663,1.3336545055849889
low,50,300,6,0.04784431509083203,0.006987511086437021,6.847118308506064,1.5614388815951088,1.073654537178673,1.4543215042877995
low,50,300,7,0.04877685607653471,0.007796956343582611,6.255884210084253,1.5341713755808593,1.042013384494304,1.4723144619926383
low,50,300,8,0.04162411505954293,0.006501458287613753,6.402273646643719,1.508944739608144,1.086536243412303,1.3887661352825684
low,50,300,9,0.033537439685416164,0.00658232824328496,5.095072510191175,1.3308696032822687,1.0577245214774533,1.258238394079472
low,50,300,10,0.03646199923392211,0.00599471189959697,6.082360561209537,1.3186025405276862,1.0181170009933662,1.2951385147690682
low,50,300,11,0.043504203095083314,0.007022870482655122,6.194646932835898,1.4820638273490772,1.094963088337434,1.3535285738256326
low,50,300,12,0.0356751067637169,0.004930940631824619,7.234949561847772,1.38158015693809,1.0613584599332964,1.3017092802227428
low,50,300,13,0.04449064544242948,0.007408628493335468,6.005247190144794,1.467316814719788,1.0532737037938917,1.3931011563608897
low,50,300,14,0.04457287693293802,0.006044725660015734,7.373846132964453,1.4788180610886885,1.061714797700294,1.3928581049184325
low,50,300,15,0.04094432387136023,0.005990318644546738,6.835082789566417,1.304102551458876,1.0195938341623174,1.279041229717034
low,50,300,16,0.048384284616546494,0.008962200651388814,5.398705797671322,1.5270034626403866,1.0702894905096267,1.4267200380649274
low,50,300,17,0.038414252737274356,0.006503565390760679,5.906645113747568,1.3827026492705554,1.0728240259592539,1.2888438511937939
low,50,300,18,0.03860518615740611,0.006341747640250467,6.087468052557417,1.4771342312638225,1.0849696269523348,1.3614521499676198
low,50,300,19,0.04095241147330174,0.0073974675950636394,5.536004172648144,1.4366973417468858,1.0774378833587297,1.3334386732980148
low,50,300,20,0.04080259554748267,0.007669230438682348,5.320298545429151,1.3008637855470977,1.0612878980947515,1.2257407136013123
low,50,300,21,0.03694681194726328,0.006575486047931157,5.618871620735602,1.339783851314517,1.0636356912437737,1.259626639406794
low,50,300,22,0.040054860047688406,0.005414992799644459,7.397029235259252,1.3994812143987811,1.049339158091722,1.333678633458996
low,50,300,23,0.04377638367920249,0.0058840124250109085,7.439886342374835,1.3714902514846858,1.0283303326519464,1.3337059191357015
low,50,300,24,0.034789260325608085,0.00522985986695657,6.652044454463197,1.3220670792903189,1.036781409595752,1.2751647233005476
low,50,300,25,0.047966720217603134,0.008695248949306037,5.516428626397331,1.5699826384851931,1.083956972429444,1.4483809583017238
low,50,300,26,0.03499309830966369,0.005378645886294071,6.505930869855835,1.380466129210455,1.0661937828862043,1.2947610006442827
low,50,300,27,0.03738220328690069,0.006144289238379564,6.0840565664450255,1.4781391323617286,1.0626872350739467,1.390944657633789
low,50,300,28,0.04206035004678402,0.007176001992219918,5.861251166371614,1.4636754072192866,1.0959437853051617,1.3355387628862108
low,50,300,29,0.036266900133531114,0.006182452789920296,5.866102235776016,1.4011402017656642,1.064165688179805,1.3166560596049992
low,50,300,30,0.04928663225756124,0.008080628222214972,6.099356498305937,1.490281644561405,1.0566848060562706,1.4103369671069583
low,50,300,31,0.03419378534988431,0.006012142319156357,5.687454410540716,1.3018561420291197,1.0577660894961423,1.2307599524666626
low,50,300,32,0.044478535170849376,0.007395326386328368,6.0144113792024365,1.4176632473630013,1.0939644955016798,1.2958951165164432
low,50,300,33,0.044453708918349065,0.007571884809338853,5.87089080693907,1.4674794551829529,1.1045009338217024,1.3286357758931922
low,50,300,34,0.038244216882309556,0.0061932265483522,6.1751684011115335,1.366617178279382,1.0777854292179918,1.2679863182701938
low,50,300,35,0.04129443103756339,0.006169990332180478,6.692786992256099,1.4085269338399307,1.0665941238350698,1.3205838119334463
low,50,300,36,0.03825194902071344,0.0053171113880944925,7.194122189420954,1.5098299099814758,1.0812687560721457,1.3963502612117789
low,50,300,37,0.044761319281231705,0.006599287940602129,6.782749848788628,1.420386867264777,1.0418033036015235,1.3633925543857335
low,50,300,38,0.04640190422115118,0.006222282872630488,7.45737620275284,1.5837543249639103,1.078559074918589,1.468398311964001
low,50,300,39,0.038541305586540155,0.0057186371803612385,6.73959623088128,1.4347394556391386,1.0756706616516862,1.3338092287802146
low,50,300,40,0.04996413409753142,0.009137162865137218,5.468232845905509,1.5702549527220426,1.0972319277382514,1.4311057790296389
low,50,300,41,0.03426283469265365,0.00533716500523126,6.419669367364638,1.3065539758651654,1.0550803283860075,1.2383454991183902
low,50,300,42,0.03666475939096355,0.005156882137495,7.109869571068725,1.3251278589333693,1.0565330610367734,1.2542228045689592
low,50,300,43,0.03597230980621498,0.006335174586204036,5.678187604261302,1.3589306717916247,1.0535543991280791,1.2898533506350263
low,50,300,44,0.04318366209226978,0.006116192657250291,7.060546407261839,1.3259008061807058,1.0654966221604119,1.2443970056820037
low,50,300,45,0.044291884219972585,0.007136048183192456,6.206780431260725,1.3332808717627822,1.0639237933240313,1.2531732818919248
low,50,300,46,0.04035367765972286,0.007084108571447163,5.696366346271185,1.3374885746828593,1.055969775039716,1.2665974029725948
low,50,300,47,0.041134419858847505,0.006065015556740847,6.78224474018528,1.427508849361839,1.0395625634553038,1.3731822398616176
low,50,300,48,0.045464218820777384,0.007502039531299385,6.060247834085032,1.4434241198498976,1.08948387025612,1.3248696554916155
low,50,300,49,0.0469385299089457,0.008087069434102905,5.804145777580129,1.4297182446043364,1.0689894165975677,1.3374484559023176
low,50,300,50,0.03671064539910896,0.0052559187685505375,6.984629522581629,1.3899733261020508,1.0370754372462248,1.3402817926079569
low,50,300,51,0.04097204914965846,0.006084003685562896,6.734389271801978,1.5084982175627282,1.1083070131107111,1.3610833457859217
low,50,300,52,0.04228893082196642,0.00741351537604499,5.704302031747723,1.3748101129174801,1.033737823989293,1.3299408041508598
low,50,300,53,0.03475860602354629,0.005657308717217334,6.144017899847445,1.3542419894753843,1.0557489620414047,1.2827310640749399
low,50,300,54,0.042044512591692444,0.005230923479066075,8.037684504457525,1.4015873485129868,1.0634057351259827,1.3180174812080918
low,50,300,55,0.04076687459899703,0.006621928421310699,6.156344799469746,1.4560575804827331,1.0713205313644358,1.3591241256510742
low,50,300,56,0.04768586351972267,0.00758819106190528,6.284220195656153,1.4842423570879715,1.1177429277634943,1.3278924162444137
low,50,300,57,0.046082097948013066,0.006734917310622332,6.842266329733885,1.3289512303270656,1.0344546995225279,1.2846877015885454
low,50,300,58,0.04850475725591493,0.007678490728276968,6.316965009450401,1.4608336887317228,1.0814860265220294,1.3507651998330894
low,50,300,59,0.042144219678177254,0.007179936677467433,5.869720245644661,1.41974422594978,1.070225506232181,1.3265841803267322
low,50,300,60,0.04626515263438423,0.00683744573354989,6.766437999993327,1.668245415680808,1.1185657417303019,1.491414722839813
low,50,300,61,0.03890894340818252,0.007326271490846222,5.310879272873948,1.405257845462814,1.0551931710460247,1.3317541129173214
low,50,300,62,0.04084178944055008,0.006243154089402688,6.541851899807522,1.5571233901020227,1.0800217620937764,1.4417518653358583
low,50,300,63,0.03853864575074325,0.006641227343551117,5.802940293583796,1.414569958180386,1.0890375725884207,1.2989174972340403
low,50,300,64,0.03629747710272314,0.005503782843432584,6.595005314578369,1.3369190446390329,1.0703454651973339,1.2490537757288973
low,50,300,65,0.038889592483723597,0.005918527430813783,6.570822377412953,1.3644434508167453,1.0466885659924483,1.303581117773087
low,50,300,66,0.037387221295606496,0.005132183366739719,7.28485687746523,1.319773803818063,1.0341763560267903,1.2761593282682575
low,50,300,67,0.04695189833436945,0.006904345985075442,6.800339733243599,1.5831393589581446,1.1099159819804032,1.4263596386218147
low,50,300,68,0.04345119700133779,0.005971783167987624,7.276084174365628,1.3066103096991104,1.0089261002379728,1.2950505585998058
low,50,300,69,0.04095456247171286,0.005770286645542314,7.09749185568645,1.3514215244576662,1.0751361810700655,1.256977067884199
low,50,300,70,0.045951035149355314,0.00723293481641381,6.353027687333491,1.4805764784262518,1.0863381341910636,1.3629057397757245
low,50,300,71,0.0451959137547131,0.006830545682616588,6.616735449077596,1.4956281076776154,1.0788790853648487,1.3862796377889124
low,50,300,72,0.038890363167588426,0.005857943598494633,6.63891048346427,1.4234008086611913,1.0870375413961864,1.3094311414792368
low,50,300,73,0.04177816394101665,0.00693537018755217,6.023927030744727,1.4587388364376639,1.0713986743940007,1.361527572602933
low,50,300,74,0.04235124450127042,0.007326631071984899,5.780452719014389,1.510776501831444,1.0592328163755456,1.4262931420506575
low,50,300,75,0.03679819541204108,0.006413457189799874,5.73765354987726,1.3748459663788584,1.051735166005444,1.3072168838859022
low,50,300,76,0.04117616940808641,0.0062505348007093516,6.587623414785798,1.5053742116597624,1.09082924644743,1.38002736593505
low,50,300,77,0.03688973637854099,0.006588253215707239,5.599319754527822,1.3240354325287513,1.030423584360991,1.2849428648800205
low,50,300,78,0.04055026796875551,0.006545776745751097,6.194874885562959,1.4490347485350301,1.08708412060392,1.3329554917332724
low,50,300,79,0.04397350549799344,0.0076800683272176175,5.725665921767187,1.4615310408656796,1.107950779216974,1.3191299363484292
low,50,300,80,0.04008060969560914,0.00569546828083084,7.037280820351139,1.5050319507487777,1.0684122124320332,1.408662249678768
low,50,300,81,0.04025529862061552,0.006089388082782856,6.610729694570363,1.347327522072741,1.0726656018383327,1.2560554936819948
low,50,300,82,0.032830825478248206,0.0049671694387226975,6.609564236385425,1.3397882280791666,1.0686795074836208,1.2536857109143182
low,50,300,83,0.047321290269293624,0.007055405836808042,6.707096850817358,1.4159223649595647,1.0515886772036906,1.3464602611780532
low,50,300,84,0.04525515742350851,0.0058905452426865285,7.682677164681071,1.4668178843393604,1.0626661891216505,1.3803185792066677
low,50,300,85,0.04520105599112004,0.007082959375744671,6.381662465255604,1.4355370443330873,1.0760318289622577,1.3341027706564612
low,50,300,86,0.0444979815863257,0.007253762249668727,6.134469266394537,1.4374852651655898,1.083933677537346,1.3261745574982953
low,50,300,87,0.030539249520350423,0.005364450764428521,5.692893990724098,1.413793279226113,1.1043144458629015,1.2802452096163492
low,50,300,88,0.035884853760797045,0.006680946622263737,5.371222940356019,1.2953065725875508,1.024055066878799,1.2648798043014373
low,50,300,89,0.040819595893108726,0.005569230400698938,7.329485935432994,1.471102901903277,1.083342538411356,1.357929601897239
low,50,300,90,0.04282991448571963,0.006355682829355625,6.7388376096895275,1.5630919256454487,1.1229458668137338,1.3919566132609698
low,50,300,91,0.04346824470144278,0.006880651023119791,6.317461030269433,1.4078964579793465,1.0462203679864122,1.345697810002521
low,50,300,92,0.0373942229038825,0.005039215206703559,7.420644161840474,1.3758199291392368,1.0451918336631791,1.316332451926337
low,50,300,93,0.05380469740480969,0.008359281844827704,6.43652151028994,1.478634551325346,1.1279098246095174,1.3109510344386348
low,50,300,94,0.036620856333476816,0.0056698327407782734,6.4588953515496526,1.3251969207927108,1.03875001239711,1.2757611600259535
low,50,300,95,0.03809336526110169,0.0059289786349400195,6.424945611477493,1.2530446971152112,1.0173493175888975,1.2316759597233604
low,50,300,96,0.04062115992658175,0.00657368554901128,6.179358538482481,1.4652209892376595,1.097838384370392,1.3346417925421332
low,50,300,97,0.044362240576981495,0.006782796125856663,6.540406014544417,1.5078729144734622,1.0755527314014737,1.4019516388644784
low,50,300,98,0.04145758647059589,0.006613453178416324,6.268674677534111,1.5227391292209065,1.1300137315345011,1.3475403764811815
low,50,300,99,0.029705147739996635,0.003835762710543865,7.744261045747744,1.3457432285220352,1.0343324730608845,1.3010741358043199
low,50,300,100,0.0560679489871711,0.0075075448525877535,7.468213655472895,1.6608049496118384,1.0958682039762713,1.5155152267268444
low,75,300,1,0.022482245394942868,0.00280739473397551,8.0082238250501,1.3272701568906216,1.0559219763704655,1.2569774913226683
low,75,300,2,0.023464408655190852,0.0030264636667922153,7.753077928095881,1.203943932472896,1.0181875423378226,1.1824382860829008
low,75,300,3,0.02783743369969947,0.003603293407135563,7.7255528635479145,1.25909392582347,1.023413910863385,1.2302880706021062
low,75,300,4,0.023935614786705632,0.0027700934133297345,8.640724775390991,1.258080736754623,1.0465134192308296,1.2021639795878507
low,75,300,5,0.026368505299628243,0.003336257885449863,7.903617227740983,1.292752803355868,1.0419566664337117,1.2406972813759638
low,75,300,6,0.022438404241439253,0.002987800297043294,7.5100080362279025,1.1990909919177635,1.0234305387780767,1.1716388621248457
low,75,300,7,0.02388052083064852,0.0030889540059762517,7.730940889520036,1.198489418249065,1.0022262378725242,1.1958272223975681
low,75,300,8,0.023078304970522656,0.002805336168701197,8.226573780356368,1.1876859328918328,1.0234910249339648,1.1604263290618124
low,75,300,9,0.021789846632203885,0.002546285934042594,8.557501866104008,1.2007391329811619,1.0326286100200701,1.1627986299525677
low,75,300,10,0.022407047240188983,0.0026848879695075024,8.34561720811732,1.3260069731609851,1.0589461187387903,1.2521949414577067
low,75,300,11,0.027450347295461447,0.0031024515339211807,8.847953624844228,1.294101989682089,1.0549464594399995,1.226699211227308
low,75,300,12,0.024531550287276493,0.0031658911155435956,7.748703095578299,1.2469743073421315,1.0317729330290135,1.208574355290891
low,75,300,13,0.022905506504176384,0.002363965412449649,9.68944231736481,1.2057239896950478,1.016001808855149,1.1867340975048868
low,75,300,14,0.02307616447529015,0.002815032268270408,8.197477782188423,1.1863558769195863,1.0076879158882137,1.1773048562102564
low,75,300,15,0.0233424385746703,0.0030537203146305363,7.643934666457644,1.2640382032654984,1.0458334569977494,1.2086419637923465
low,75,300,16,0.023155316201088155,0.003254186244710775,7.115547316544616,1.2238724121636366,1.0012422249804505,1.2223539735227738
low,75,300,17,0.025909369432486083,0.0029333196872207974,8.832780670092651,1.2181184930129534,1.0257658955415703,1.187520952205013
low,75,300,18,0.023623192772849775,0.003220217234350053,7.335900361274144,1.2687351504922624,1.0316810316774014,1.229774621744704
low,75,300,19,0.0223730863681816,0.0024372447946994173,9.179663206929055,1.2046544924618021,1.0233734672296235,1.1771406344185615
low,75,300,20,0.0223838577874938,0.0028874882258737807,7.752016990725646,1.194390290615735,1.0233144525493005,1.167178170542053
low,75,300,21,0.023871467489974322,0.0029408975401068104,8.117068739874336,1.2089561890062532,1.0149578385453095,1.191139319381968
low,75,300,22,0.02213430685657484,0.002740075401339541,8.077991885097045,1.2724907153678198,1.0675608702553248,1.1919608060039544
low,75,300,23,0.022240182497047418,0.0030329275076092805,7.332909356141633,1.2203946800087584,1.0318587711473608,1.1827148386321877
low,75,300,24,0.02375095396789344,0.0027311814166486913,8.696219820152832,1.2337187780219,1.025134842107201,1.2034697557308143
low,75,300,25,0.023987311621500477,0.0028102323401313686,8.535704069357893,1.2039682457308842,1.0176334471533164,1.1831060084540388
low,75,300,26,0.02404398589721568,0.0027138274092168226,8.859806565279875,1.2822687564539188,1.0555723698019548,1.2147615768822146
low,75,300,27,0.028207779421047994,0.0031770202430184396,8.87869049088847,1.3441598616998436,1.0481418969071294,1.282421650795763
low,75,300,28,0.02483431645914095,0.0032522142346533204,7.636125626203785,1.2094787198670642,1.0041494392423382,1.2044807999690297
low,75,300,29,0.026492650437881505,0.0032537982615036065,8.142069147716317,1.274447953168715,1.0253032915424802,1.2429960614399453
low,75,300,30,0.028347960750025523,0.0036847796754749924,7.693258009075206,1.2789976146527182,1.0331828086664188,1.237919953685239
low,75,300,31,0.02734391527572148,0.0032202698783859074,8.491187480667627,1.2256595938066202,1.0208916026223045,1.2005776035950733
low,75,300,32,0.023569394564586076,0.002679675056365541,8.7956166582949,1.2143339225535061,1.0195697391014427,1.1910258572637817
low,75,300,33,0.025152490288210327,0.0027294095942064574,9.215359373543606,1.2176726688188537,1.0144851981369216,1.2002862841715987
low,75,300,34,0.024707323837996484,0.003410082349598132,7.245374540854759,1.2007521623109225,1.0316172881888752,1.163951182341063
low,75,300,35,0.023375749488272396,0.003121300670412724,7.489105330304966,1.196484634591672,1.0125911807042178,1.1816068097290393
low,75,300,36,0.024722821164987956,0.0032373913676464554,7.636648880966514,1.2290346868142648,1.030256157454061,1.192940879723951
low,75,300,37,0.02279124877167149,0.0026252579632051183,8.681527336020787,1.226491122071939,1.0119544489791699,1.2120023023854358
low,75,300,38,0.02350166317773301,0.0026766874675043227,8.780129717439662,1.2555870951072754,1.0409177893161459,1.206230797469761
low,75,300,39,0.02341815530697486,0.0032054509110347974,7.305728883994955,1.1929290062199502,1.0190688898846152,1.1706068334153743
low,75,300,40,0.023496116260891646,0.0032441860352483273,7.242530485491448,1.2256420128021623,1.0473265551126962,1.170257745131153
low,75,300,41,0.02528335493445015,0.003010402101577195,8.398663727082777,1.2863380540044564,1.0571120925515411,1.2168416793905317
low,75,300,42,0.025767121817172084,0.0031408442761324895,8.203883908851632,1.2938919148832668,1.0529702072364615,1.228802017370566
low,75,300,43,0.02305069635398787,0.0030248341375706937,7.620482745708615,1.257833450537171,1.039976491624829,1.209482580295607
low,75,300,44,0.024621037401746926,0.0031348365119508075,7.854010028237569,1.219230885928848,0.9983705833062165,1.221220763427572
low,75,300,45,0.024070789454586163,0.003197687181971974,7.527562292613628,1.2444515573456068,1.0368331515241145,1.200242831275504
low,75,300,46,0.023271757549832937,0.0024339190434820345,9.561434515315552,1.2099951910426456,1.0311146594636735,1.1734826771564042
low,75,300,47,0.023810787521530784,0.0027961707029099236,8.515498534031321,1.3407552915557808,1.0619293855594532,1.2625653925655655
low,75,300,48,0.02573848609141203,0.003054927036865448,8.425237585320982,1.2706068839843905,1.0223413199528442,1.2428401935695974
low,75,300,49,0.0298497608552425,0.003960760834300256,7.536370435887737,1.2332372022554172,1.0258461476114709,1.2021658463375091
low,75,300,50,0.023297277889519526,0.0029469085000957047,7.905667206417476,1.2222810925625491,1.0471510238866075,1.1672443273998134
low,75,300,51,0.021705334581993762,0.002984446215796835,7.272818141974298,1.2369521556613332,1.0241201641627333,1.207819354550645
low,75,300,52,0.025363996478602033,0.0025084014845306157,10.111617552063548,1.2737695786366727,1.0315016724091515,1.234869135657033
low,75,300,53,0.027675176955747692,0.0034072716500244578,8.122386413055454,1.3160239099803308,1.0467994133848317,1.2571882379308565
low,75,300,54,0.022599054312733974,0.003137957022577459,7.201836784294622,1.2341302895188455,1.0302529275889627,1.1978905921742968
low,75,300,55,0.0260392607330753,0.0032539600247450374,8.00232963375621,1.2596306893130926,1.0459066246751343,1.2043433511135304
low,75,300,56,0.024601429263858922,0.0026558620135659614,9.263067560813214,1.2548211690549178,1.0225553104889142,1.2271425869911627
low,75,300,57,0.027623259479876167,0.003664047180534441,7.539002124925426,1.2190860689061465,1.0263699229796728,1.1877648025450669
low,75,300,58,0.02599763468292724,0.0031128029869227753,8.351840701819594,1.218777959940749,1.0116689169776616,1.2047201801769505
low,75,300,59,0.02549665343329812,0.003051638552575956,8.355069905567888,1.2407114887108543,1.0336054294517203,1.2003724567981364
low,75,300,60,0.028197108149838453,0.0033250525384628336,8.48019928216651,1.3338798662405045,1.0497562172433623,1.2706567909102218
low,75,300,61,0.026082032043031902,0.0028523465775307172,9.144061331288562,1.242822985564928,1.0006250983497353,1.242046584294791
low,75,300,62,0.02517753973535895,0.002918981045800287,8.62545502704904,1.2831434188651458,1.0518602056355113,1.2198801817869878
low,75,300,63,0.02125580618902058,0.0026674092179174926,7.968708380491941,1.2386862985221445,1.0268094540513606,1.206344851651693
low,75,300,64,0.028661841309151743,0.003257665489166276,8.798276374437412,1.314284380605082,1.045574967703128,1.2569967923890168
low,75,300,65,0.025848707032071504,0.002901640273548549,8.908308610033158,1.2980935964668503,1.0614788015079466,1.2229105231520088
low,75,300,66,0.021427732457110448,0.002615449318798919,8.192753842751046,1.2167053490538382,1.044484582483477,1.1648858867412584
low,75,300,67,0.024147617298562324,0.0030788848172205725,7.842975210862647,1.2679413911356128,1.0262435354552844,1.2355170554843995
low,75,300,68,0.02719527402307656,0.003252483654123026,8.361386840054475,1.27107289908052,1.0483488882295418,1.2124521839548243
low,75,300,69,0.02188712730456127,0.0029329995986924627,7.462369689487376,1.2266974498916439,1.0540187866800443,1.1638288286639595
low,75,300,70,0.024355343497258763,0.0029254629100442728,8.325295601471215,1.2227817915239296,1.0182210178998439,1.2009001680656795
low,75,300,71,0.025477190222643883,0.0029106411396174967,8.753119673829657,1.2052668861492386,1.0012330821585036,1.2037825233969195
low,75,300,72,0.023009589954578746,0.0029586886105177003,7.7769555987686765,1.2158687972649476,1.0065039495113803,1.2080119485424832
low,75,300,73,0.02614228299434835,0.0036999058017128626,7.065661775022986,1.2184491594526343,1.0316373523396913,1.181082825945828
low,75,300,74,0.025276944792139554,0.0033542161987367286,7.535872255837118,1.2539937058082273,1.0534479414806401,1.1903708350748843
low,75,300,75,0.023132483252903426,0.0027574814990375777,8.388989467736112,1.27186693735299,1.0523477250260578,1.2085995029081253
low,75,300,76,0.027660941942193217,0.0033891450676145993,8.161628195414476,1.2834496670133235,1.023492058358413,1.2539908409957363
low,75,300,77,0.02569639431649339,0.0032804815518390302,7.833116544151285,1.2960337508764095,1.01647457466162,1.275028203541494
low,75,300,78,0.027046850011760788,0.0032273138656832507,8.380607259602478,1.2968570119001606,1.050526542770645,1.2344828608326706
low,75,300,79,0.02327409703193999,0.002749481469192173,8.464904125641613,1.2499427271619699,1.0154481666729331,1.2309271592437325
low,75,300,80,0.02562122254579817,0.0027836388136595934,9.204219462694756,1.262531665354665,1.0466821361643557,1.2062226169076564
low,75,300,81,0.025313203481222398,0.003017061933152934,8.390017852490429,1.2488548435204643,1.0382123292464773,1.2028896289710496
low,75,300,82,0.024172356907050413,0.0026073276777543973,9.270931733394264,1.2031156878803417,1.0062685679727916,1.195620857266877
low,75,300,83,0.022737654627980785,0.002686405939706683,8.46396826775309,1.2534727207016734,1.0365157021477214,1.2093137789465267
low,75,300,84,0.02195003818217104,0.00285305179209982,7.693529519145537,1.2316057189381304,1.0137226134075437,1.2149336540872764
low,75,300,85,0.02467061426661573,0.002966122747215618,8.317462347023476,1.233693600128541,1.0252090481418654,1.203358088152404
low,75,300,86,0.02196303342970428,0.0030787495797731,7.133751174177318,1.1892194041768624,0.9960846510921751,1.19389391541464
low,75,300,87,0.02378227090441072,0.0031834328701393884,7.470636848506688,1.258504110556131,1.0364146920137323,1.2142862507196648
low,75,300,88,0.023774889429642888,0.0029827455108523172,7.970807212060553,1.2227074311664725,1.0303110894287884,1.1867361651366386
low,75,300,89,0.02662708770921067,0.0027010964310241327,9.85788119349552,1.2762506601894705,1.0371973465158548,1.230480066765155
low,75,300,90,0.0231954019720049,0.0031976752410458344,7.253832932833602,1.2383267413083778,1.0372490647622887,1.1938566959249763
low,75,300,91,0.024790148240994077,0.0034383132178726163,7.209973806962374,1.2489805010788897,1.047007868825706,1.1929045982048925
low,75,300,92,0.02361848573865567,0.002780092190930827,8.49557644732197,1.227459478731504,1.0221043835772163,1.2009140147071622
low,75,300,93,0.02175705344384688,0.002770797701447392,7.8522706412242105,1.1792243424738604,0.9971798236980283,1.1825593683802411
low,75,300,94,0.026727141306186232,0.003034947724373056,8.80645854014088,1.2996227142614516,1.0301029193022573,1.2616435599869518
low,75,300,95,0.02531077978382191,0.0030391135066400827,8.328343027833947,1.1939205800972295,1.0130579347413684,1.178531394062902
low,75,300,96,0.02145490536803258,0.0028675974957542015,7.481839902496415,1.1990087844863644,1.0283911445068512,1.1659073406950915
low,75,300,97,0.027172937111894023,0.0028419559605217066,9.561350523850413,1.4219731558901703,1.073143500264025,1.325054063636711
low,75,300,98,0.02407555101240945,0.003384788313059111,7.112867566790432,1.2397438536551022,1.0051447947725756,1.233398272669369
low,75,300,99,0.023788915970222545,0.003087259245510232,7.705512909166442,1.194139637619622,1.0132747050950965,1.1784954579593017
low,75,300,100,0.025804018466978662,0.0031175067646085175,8.277133111600165,1.2517757971259202,1.0262276062036422,1.219783788273496
low,100,300,1,0.015277951162269569,0.001849150303283474,8.262146746611688,1.1226707370876934,1.0017335368995803,1.1207279138945674
low,100,300,2,0.018087220238430363,0.0024452754978933353,7.396802631855979,1.1695786027744846,1.028044265638902,1.1376733880691634
low,100,300,3,0.019474503581740285,0.0023108167247899852,8.427541385182849,1.2012916790992934,1.0399985482490268,1.1550897653865235
low,100,300,4,0.01676315857519997,0.002310263999781941,7.255949353312952,1.153050839731967,1.0114799414811813,1.1399641183625189
low,100,300,5,0.01637949852407898,0.002025796087027882,8.085462613421239,1.1687744058189282,1.0265095957713473,1.1385908233431363
low,100,300,6,0.01829443618031314,0.0022327097514714365,8.193826433667182,1.171233635268945,1.0197577755844613,1.1485410195550283
low,100,300,7,0.016488607441200277,0.002097963405497083,7.859339871227894,1.160912193256274,1.0256030159222274,1.1319313372068978
low,100,300,8,0.017972380883275362,0.0021198549395620102,8.478118265483152,1.1784295058324432,1.0240961411830019,1.1507020273225135
low,100,300,9,0.016747684207292855,0.002163718021971572,7.740234188201856,1.152407592569677,1.0263271402775254,1.1228462615322232
low,100,300,10,0.015970963518348154,0.00214561033304375,7.443552667688657,1.1562698966553882,1.044787550799551,1.106703363540772
low,100,300,11,0.02037314823438619,0.0023793552218927846,8.562466018915531,1.1777398048520056,0.9970858623773784,1.1811819315579193
low,100,300,12,0.017522209758654674,0.002064976942983142,8.485426347347705,1.1731152396396436,1.0073162116898253,1.1645948174225071
low,100,300,13,0.017150885660699035,0.0023648892615717805,7.252299690895468,1.2133010640598945,1.0597674008914457,1.1448748688054573
low,100,300,14,0.01553227525910438,0.0021765749769228787,7.136108530046161,1.154531461854684,1.0149970347439017,1.1374727435986933
low,100,300,15,0.015212775794671732,0.002033216856085737,7.482121618821676,1.1666684481372476,1.0467483026948377,1.114564451772864
low,100,300,16,0.01650337038665115,0.0023663216669114035,6.974271764240683,1.1628791668524388,1.0310276257254827,1.1278836161486738
low,100,300,17,0.01648101138818913,0.001907625538767932,8.63954222317323,1.133145091057412,1.0070569922627357,1.1252045313854298
low,100,300,18,0.01622615608587442,0.002216381971305511,7.321010681347836,1.1560359617491154,1.0263117866076965,1.1263984072230142
low,100,300,19,0.018492140364796864,0.002212904539141773,8.356501619346238,1.204112717768151,1.0648504243173476,1.1307810846204822
low,100,300,20,0.014133938881914143,0.001992230587541427,7.094529604304771,1.1540085320561488,1.0272132683840396,1.1234361622602258
low,100,300,21,0.01738195251824092,0.0022102741670449754,7.86416127800096,1.177697287935476,1.0221012204061084,1.152231564176731
low,100,300,22,0.01669458612070943,0.0020279332961264606,8.232315211056314,1.1812722073477535,1.0346152759701799,1.1417502087817624
low,100,300,23,0.015790736896948748,0.0021357750359822856,7.393445766017333,1.164461853838059,1.0251001740173102,1.1359493280296675
low,100,300,24,0.01745154434968641,0.002150937289317672,8.113460320929418,1.1375040965350445,0.9889796884350417,1.1501794322338685
low,100,300,25,0.018066536577777684,0.0023151959817882045,7.803458851817592,1.1739917158762576,1.0053690447477952,1.1677221633283554
low,100,300,26,0.01706782832553681,0.0021766756253833734,7.841236483056903,1.1612019459904268,1.0248901735087603,1.1330013459051878
low,100,300,27,0.01574070908306061,0.0021104437198271723,7.458483225674287,1.183467889899105,1.0322373758826462,1.1465074967733506
low,100,300,28,0.016407303811090575,0.0021783017205812823,7.532153905067048,1.1562603602038175,1.003314633249844,1.1524404427936688
low,100,300,29,0.018755526646193933,0.0022454205454092266,8.352790164203183,1.1553481593025128,0.9971225145833075,1.1586822505811405
low,100,300,30,0.01582961692270455,0.0022186471223012414,7.134806055271033,1.1299284757572996,1.0125048533307608,1.115973392167217
low,100,300,31,0.016365875473675958,0.002092633244089796,7.820708917770442,1.1715592268099861,1.0237306086738043,1.1444018737777968
low,100,300,32,0.016793950701601765,0.0022311420621644973,7.527064720078584,1.1779245768367783,1.031594828539843,1.1418480824531232
low,100,300,33,0.017996193440659457,0.0023409397118462657,7.687593725541149,1.1949043785498987,1.0349198778069773,1.154586363808117
low,100,300,34,0.01747695960481263,0.001933819406055294,9.037534503008763,1.1738474009161521,1.0169810331487739,1.1542470927719164
low,100,300,35,0.017889864766993634,0.0024311862404481424,7.358492109471622,1.1929477443242844,1.03299161760639,1.1548474585771942
low,100,300,36,0.014785778484002763,0.001999808208641982,7.393598256126473,1.116004490785999,0.9951174456390472,1.1214801787233466
low,100,300,37,0.01800592555203896,0.002411668829700331,7.466168376972528,1.170874217943073,1.004269682211546,1.165896211627777
low,100,300,38,0.01780581876682429,0.0023671725173881864,7.521977648874655,1.1365618296545201,0.9894284566591293,1.148705418774993
low,100,300,39,0.017340520253857218,0.002125386124780492,8.15876233107908,1.1721047688944988,1.028350899822742,1.139790677575656
low,100,300,40,0.015901065254805925,0.0021093962918169616,7.53820669757094,1.176573416568611,1.0342861146987528,1.1375705424715103
low,100,300,41,0.019200954323178244,0.002352871896159248,8.160645870487578,1.1965475559412946,1.0222208189463946,1.1705372594295027
low,100,300,42,0.014988310420958972,0.001979946802960398,7.570057134135417,1.1285390792254077,1.0053626355025973,1.1225194167487957
low,100,300,43,0.017972291450090414,0.002169257701553159,8.284996032155377,1.1775473459368364,1.016337471710226,1.1586184497904393
low,100,300,44,0.016540394516152912,0.002041458784764909,8.102242690173965,1.165096016463551,1.0163265629151323,1.1463795781561616
low,100,300,45,0.016299845755364827,0.0020130599924636818,8.097049177067134,1.1606368997597436,1.0430737631976348,1.1127083632146098
low,100,300,46,0.01786883227262373,0.0022713974834953276,7.866889173939902,1.1863940081889803,1.0366023002173723,1.1445025811154357
low,100,300,47,0.017945350863874145,0.0021757753985818394,8.24779564819551,1.1882844217190056,1.0327234744188805,1.1506317529846606
low,100,300,48,0.015112335194041624,0.0019283050773566805,7.837108023776821,1.1703372540493067,1.0429377633826415,1.1221544517224693
low,100,300,49,0.017221494812354115,0.0025016027458167503,6.884184485787113,1.1775417817576321,1.0114213282647968,1.1642445624296187
low,100,300,50,0.018462687311662354,0.002326027937125936,7.93743145427352,1.1841949969111674,1.0180098494970165,1.1632451272414117
low,100,300,51,0.017297081937317802,0.0020444980428643497,8.460307407819537,1.1740058601455454,1.0007223088680115,1.1731584773737556
low,100,300,52,0.016826223252260127,0.0024641147470635632,6.828506372242447,1.1517998462984453,1.0206145870699666,1.1285355519022047
low,100,300,53,0.01818787198604605,0.002307100947943728,7.883431369683468,1.1481995419692717,1.000153015562603,1.1480238764499349
low,100,300,54,0.017169515433443278,0.0019890078748717155,8.63220083256365,1.2067989541550554,1.0449087740639835,1.1549323578377368
low,100,300,55,0.01662941298635784,0.00207433604278057,8.016740124742148,1.1658374187947302,1.0369287713859023,1.124317745795148
low,100,300,56,0.01640271440389561,0.0020988733853083046,7.815009003740455,1.2095292519577119,1.050893173322334,1.1509535723158804
low,100,300,57,0.01701984323907887,0.0023033238598016725,7.3892532162387115,1.1641214565105888,1.0183756077475883,1.1431160051892413
low,100,300,58,0.017950776790290904,0.002374697702552341,7.559183963077612,1.1709275061723885,1.0199749414894308,1.1479963463244767
low,100,300,59,0.018110108318890976,0.0024577836042234806,7.368471450362994,1.2142597904873176,1.0476059457674551,1.1590806594723697
low,100,300,60,0.0151612403779939,0.0021565441617108477,7.030340786513761,1.1590142997424993,1.0323363338521283,1.1227099751664038
low,100,300,61,0.016141180724909915,0.002164959904713055,7.4556488042901075,1.145599412555696,1.021896784617887,1.121051978829804
low,100,300,62,0.01644928855269341,0.0020354659563412807,8.08133808450462,1.1445001216102926,1.0057931202422377,1.1379080832593569
low,100,300,63,0.016959933260467824,0.0021706974085057566,7.813126414585134,1.1858416574887338,1.0150979639588618,1.1682041532858318
low,100,300,64,0.01796377894222258,0.00231661259963642,7.754330156471522,1.1928691434962524,1.0424134257520683,1.1443340176049968
low,100,300,65,0.019116875491057835,0.002146898931480041,8.904413342773866,1.2256798276225984,1.0337719659448852,1.1856384850814814
low,100,300,66,0.015047177354284357,0.001964750725096277,7.6585681644408155,1.1392205942321323,1.0161641814867048,1.1210989473820943
low,100,300,67,0.016949788136757023,0.002172408972746478,7.802300740513043,1.1606232675243615,1.036848256075994,1.1193762064246513
low,100,300,68,0.015274070104942895,0.0020667976203096634,7.390210804797819,1.1385802263937037,1.0091938683736021,1.1282076339094471
low,100,300,69,0.015603892596620265,0.001998158442510714,7.809136785476208,1.120808082593813,1.004538072621851,1.115744751882322
low,100,300,70,0.016322071524968264,0.0019855737823193027,8.220329896732839,1.2318279257736124,1.0554917984852086,1.167065369471817
low,100,300,71,0.019569145455200308,0.00255131700671522,7.670213228576903,1.1825118943176594,1.0421976754531934,1.1346330184467655
low,100,300,72,0.016868577128557313,0.002117337227276409,7.966882606723844,1.162796234565764,1.019579209337222,1.1404667964165731
low,100,300,73,0.015612059271600977,0.0019137912191547904,8.15766062428477,1.120829890051889,1.0018036004740907,1.1188120001979136
low,100,300,74,0.017689889522958916,0.002246409730250764,7.874738648405078,1.1998501468546414,1.0184423609934319,1.178122781228637
low,100,300,75,0.016936199575536815,0.002350486627358923,7.205401374508917,1.170510007932844,1.0292924694365377,1.1371986511993162
low,100,300,76,0.01585834489851168,0.002002101596767175,7.920849233684446,1.1411956382147255,1.018491159606259,1.1204767242711298
low,100,300,77,0.01854054975290652,0.002351038256000711,7.886111468235042,1.1685054888641955,1.0048101359380917,1.1629117253811116
low,100,300,78,0.015048823513011874,0.001999236424157259,7.5272855832223176,1.0921434113862754,0.97014165492382,1.1257566416649076
low,100,300,79,0.016796793229447417,0.0021715902868952486,7.73478926057549,1.1291116884171533,0.9918509582772529,1.1383884635029327
low,100,300,80,0.016760255061767874,0.0018968364626691843,8.835898819755517,1.169987524483943,1.0219713917370523,1.1448339297397616
low,100,300,81,0.016834184427068404,0.002142007459984627,7.859069000249524,1.1571381861705592,1.0026348154411162,1.154097352645258
low,100,300,82,0.016119159133668744,0.002119422931916396,7.605447167212489,1.1961264179905422,1.0497563366008755,1.139432434257663
low,100,300,83,0.019218953432890297,0.002519691606237826,7.627502264686386,1.183155066762262,1.0235678345780956,1.1559127072901294
low,100,300,84,0.016480660786869356,0.0019665732244243373,8.380395188027457,1.1598780389882835,1.0241924694781273,1.1324805381348821
low,100,300,85,0.015982626529453352,0.00197473439458561,8.093557580844811,1.1837884535252508,1.03726769137335,1.1412564599962678
low,100,300,86,0.014937927870512551,0.0018997959168001474,7.862911873014608,1.165446312081802,1.0271532043042846,1.1346372743598523
low,100,300,87,0.018649326446714503,0.0023592212048272176,7.904865558412241,1.19234580169081,1.0256104503534949,1.1625718139668397
low,100,300,88,0.015366072094506232,0.0020040830574709514,7.667382864808715,1.1295903990501606,0.9943126735407709,1.1360514947754436
low,100,300,89,0.017313130859095114,0.002114107064515582,8.189334944142091,1.2069251105170649,1.0260057693579077,1.1763336489544105
low,100,300,90,0.017095404133827014,0.0024418230894713813,7.001082186313472,1.1831733499077264,1.024813306989365,1.1545257480931643
low,100,300,91,0.016190359565886988,0.0020394670080132733,7.938524870602672,1.1962934302976602,1.019554947700538,1.1733486586433923
low,100,300,92,0.0160598785659539,0.0019696742483769113,8.153570865430094,1.1607241791895475,1.0297334643236333,1.1272083693540578
low,100,300,93,0.01482633279024068,0.0020460049919371623,7.246479284590148,1.1385216929218602,1.0132808390204102,1.12359935082018
low,100,300,94,0.017449971740360684,0.0022835827477629563,7.641488690285048,1.2031125942001604,1.0256575563843406,1.1730158732914582
low,100,300,95,0.016343439897687,0.0021237163819117838,7.695679157955416,1.1706226410811036,1.0156535528788995,1.152580658791514
low,100,300,96,0.017782045971566234,0.002051674735683984,8.667088238837275,1.2052004369369607,1.0351220590295518,1.164307558151027
low,100,300,97,0.016712936847531317,0.0021634888260487605,7.724993374731043,1.1741038812179567,0.9970172468543707,1.1776164202999513
low,100,300,98,0.01562534960316662,0.0023383670760236696,6.682162849186668,1.1365068742689097,1.0291705112261302,1.1042940522216298
low,100,300,99,0.016899439137537654,0.002261720412839177,7.471939962872552,1.14342371513089,1.0135851912806892,1.1280982841571972
low,100,300,100,0.016126889402194373,0.0021534905054262886,7.4887209214799935,1.1730952967200108,1.0273069788252027,1.1419130998813296
low,150,300,1,0.009648362418477142,0.00157583021067522,6.122716999024255,1.0831814018014774,1.0058275139408333,1.076905718712716
low,150,300,2,0.010450679813223444,0.0016800858263666739,6.220324967459498,1.0818388412654143,1.0045221302562368,1.0769686487538659
low,150,300,3,0.011114132723023407,0.001679139837752879,6.618944100508612,1.1168666585046487,1.0271466656677124,1.0873487651139018
low,150,300,4,0.010599303196387008,0.0017115239845211627,6.192903688318689,1.0998905334134326,1.0012921251325293,1.0984711712057587
low,150,300,5,0.01033639573590232,0.0016486415647240182,6.269644025159967,1.0878166359848342,0.9996436247635823,1.088204445101228
low,150,300,6,0.0110694222938424,0.0017446786113388593,6.344677020685071,1.0978257855931184,1.010189542852804,1.0867522766993085
low,150,300,7,0.009744199926760181,0.001603001028251241,6.0787234412384645,1.0970073344982827,1.0222343289510671,1.0731466391115445
low,150,300,8,0.010714284549319757,0.0016880202188089648,6.347248942835266,1.1072553884796787,1.02004662752889,1.0854948769960213
low,150,300,9,0.010975251435066788,0.0017613102753482766,6.231299271161393,1.1272450056314802,1.0249730550929559,1.099780135712201
low,150,300,10,0.011590926273993815,0.0015757064700918021,7.356018709067379,1.1324586063620852,1.0275583370917278,1.1020869234220354
low,150,300,11,0.01165864163150426,0.0018101298318203814,6.440776471696282,1.1022262939270029,1.0151612901358134,1.0857647002867312
low,150,300,12,0.010702881865612728,0.0016817682532356227,6.3640646355530945,1.1210998275940391,1.024815479950822,1.0939528622731554
low,150,300,13,0.010575511075284663,0.0015837982955883476,6.677309291683563,1.1083443938042457,1.0099000074845481,1.0974793401228922
low,150,300,14,0.010684685987772006,0.00166835498271722,6.404324078782111,1.0888248555466307,1.0108996710735227,1.077084983508161
low,150,300,15,0.010481667658044482,0.0017627493059272402,5.946204388111174,1.1166527862018658,1.0210475724724202,1.0936344361486918
low,150,300,16,0.009833266020571127,0.0015861450169228598,6.19947477415891,1.0858672234205735,1.0019489438154212,1.0837550457267728
low,150,300,17,0.011394202478810372,0.001698754970448394,6.7073843356012794,1.1136466106893128,1.0173014820553428,1.094706564704217
low,150,300,18,0.011901077404655078,0.0017838604549108173,6.671529363125023,1.1002816690224944,1.0055947536113534,1.0941601127801188
low,150,300,19,0.01030473929582549,0.0016155912898485696,6.378308276712335,1.0945813065435424,1.0054038176862476,1.0886981800631317
low,150,300,20,0.01065912076698423,0.001664934146240269,6.402127550242457,1.1129972056798703,1.0170475408863862,1.094341376323334
low,150,300,21,0.010193696884158516,0.0016566887193548295,6.1530550459281725,1.132273615268083,1.039926557502197,1.088801518818497
low,150,300,22,0.010543176487162428,0.001639126517727595,6.432192007837792,1.101852976455711,1.0201161081953347,1.0801250638076632
low,150,300,23,0.009654293744409397,0.0016543687781364763,5.8356358461287225,1.1151316047899484,1.0390941513974594,1.0731766734421782
low,150,300,24,0.011862126473290706,0.0016907429539467333,7.015925422371697,1.1096534655034938,1.0100742127264664,1.098586075678772
low,150,300,25,0.010450693211484206,0.0017125358599737967,6.102466789597101,1.078606070130232,0.9943966022899086,1.0846839858929576
low,150,300,26,0.010673381256435953,0.001675816191818395,6.369064404882303,1.0755930140135468,0.9914034021875341,1.0849196317465202
low,150,300,27,0.01053759423476574,0.0015969137919078986,6.598724544908616,1.1345590764961315,1.042679975192736,1.0881182179473734
low,150,300,28,0.009591901962042812,0.0015575676561648316,6.158257025997037,1.1021174572840429,1.0181392383751133,1.0824820572115004
low,150,300,29,0.010679389724090086,0.0015381699466413524,6.942919244657526,1.1003019065172441,1.0113784907129924,1.0879229849366912
low,150,300,30,0.011177799344627173,0.0017456005745729304,6.403411815650825,1.0907382094172569,1.01374763215866,1.0759464928116815
low,150,300,31,0.010630354610785032,0.001628540542947662,6.5275345196773955,1.1401949141193308,1.0499426079543743,1.0859592757558405
low,150,300,32,0.01026786051809797,0.0016822431322416947,6.103672127592757,1.0850878735210245,1.0056290800623995,1.079014017229588
low,150,300,33,0.01014067218330525,0.0015826227465331997,6.407510700524688,1.065335851860103,0.9823705158880461,1.0844542203071492
low,150,300,34,0.010580812346420262,0.0017065471009820668,6.200129102988908,1.1086007518992738,1.0208985046046724,1.0859069211082475
low,150,300,35,0.01017865463320795,0.001612361204895484,6.312887337095008,1.1027970473340392,0.9989729429774782,1.103930847263099
low,150,300,36,0.011897995066323894,0.0017830343372427216,6.672891720483025,1.1180717780093972,1.0311524995888435,1.0842933304775109
low,150,300,37,0.009785755618521536,0.0015344873192682472,6.377215044819061,1.0935845544067033,1.017932789925819,1.0743190171586843
low,150,300,38,0.010853983998618892,0.001747926568333817,6.20963385719646,1.136470285487939,1.032017613590964,1.101212101926755
low,150,300,39,0.009639926565549736,0.0015942278047549878,6.046768558920767,1.1130354019135298,1.032442788587861,1.0780601251870823
low,150,300,40,0.010890381161396111,0.0016553409321688572,6.57893546263448,1.1243775399175222,1.0274343703827582,1.094354610210917
low,150,300,41,0.009917446230404513,0.0016068087916699695,6.172138391212828,1.0564467653839604,0.9768826671502999,1.0814469341192836
low,150,300,42,0.010439824530433054,0.0017268491410235424,6.045591524135765,1.0937838364115537,1.0101116080963142,1.082834636929805
low,150,300,43,0.010460718206916098,0.0016427563320046757,6.367784438335267,1.1136737007394826,1.0249927698552015,1.0865185916353428
low,150,300,44,0.010244357061861093,0.001598964945546412,6.406867824335138,1.0971453190927587,1.0103427847902609,1.0859139448603252
low,150,300,45,0.01076316739347283,0.0015985245508659189,6.733188669290337,1.1047634659758656,1.0161873363033656,1.087165157946878
low,150,300,46,0.011323959895057951,0.001733822738782009,6.531209703140072,1.1184505276742958,1.02518216753596,1.090977353188368
low,150,300,47,0.010376014410676855,0.0016557399659161683,6.266693215281247,1.0891005198764738,1.0099240249652313,1.0783984665717488
low,150,300,48,0.010315616425387869,0.0016127517752570712,6.3962827904768975,1.1087281549229535,1.0113679530334552,1.0962658561579692
low,150,300,49,0.011032884245791998,0.0016616693260633423,6.639638869623948,1.1588827204920862,1.063632329524275,1.0895519892766077
low,150,300,50,0.010078508763581276,0.001655827656603983,6.086689471204858,1.1142225765244587,1.0338818188301273,1.0777078735993633
low,150,300,51,0.010444691993924712,0.0016779344215737645,6.224731944010333,1.1333523302460264,1.0383238698504014,1.0915210207093828
low,150,300,52,0.00994972479082091,0.001667014996766646,5.9685874512943595,1.099255284494534,1.028126162719897,1.069183262087666
low,150,300,53,0.010936242030490621,0.0015624818763668824,6.999276084993584,1.1114794395702696,1.0153254672105132,1.0947026106061617
low,150,300,54,0.010652696670347694,0.0016558885187742253,6.4332209261486835,1.1038265036671886,1.0208102842177633,1.081323847078049
low,150,300,55,0.010226338941084856,0.0015858378992884075,6.448539882716631,1.0998355024189983,1.016393362244624,1.082096305696152
low,150,300,56,0.011234462494817497,0.001683088732398329,6.674908029839206,1.1227285376075016,1.01851434796377,1.1023198051672796
low,150,300,57,0.009944430996630992,0.0015985206387787226,6.2210213339682525,1.0946290731543626,1.0135264086410776,1.0800202775397105
low,150,300,58,0.010400193721228846,0.0016084520544707207,6.46596439870329,1.0957429824098643,1.013157260677424,1.0815132309047673
low,150,300,59,0.012320108315070546,0.001827254368824036,6.742415574575632,1.1307761231240179,1.03847749181766,1.0888787980804537
low,150,300,60,0.01128973363985468,0.001666084185788673,6.776208391000642,1.1040206402004802,1.008745389275087,1.0944492554200032
low,150,300,61,0.01075991819087975,0.001692024177058209,6.359198844065682,1.1111658529978878,1.0356683300153275,1.0728973946528257
low,150,300,62,0.01034727994000703,0.0016151441385630824,6.406412711383466,1.1127332464452326,1.029038595966827,1.081332858462681
low,150,300,63,0.011170356313213073,0.001673763976106021,6.673794198391512,1.1036976216860384,1.016740887681238,1.0855249700866387
low,150,300,64,0.011188439381342605,0.0017615530684804235,6.351463138714372,1.0950358101724949,1.000782097336758,1.0941800548656506
low,150,300,65,0.010916599414393213,0.0015899823408737673,6.865862050011227,1.0967366865817394,1.0067968659627,1.0893326386480542
low,150,300,66,0.009822777705512174,0.0015850681203026368,6.197069753466944,1.076824742084384,1.0092638686086464,1.0669407432259275
low,150,300,67,0.011215320885717025,0.00166606427087775,6.731625593176151,1.0864701786680875,0.9969201931158457,1.0898266342387508
low,150,300,68,0.010325446249011674,0.0015753101571852283,6.5545481325793205,1.112184315313525,1.0390016262089155,1.0704355866810686
low,150,300,69,0.011185602935472123,0.001766916134042818,6.330579431565177,1.1290789290779815,1.0212899983182113,1.1055419429714082
low,150,300,70,0.010595627796467829,0.0016627346617919207,6.372410487340761,1.1123612446368756,1.026405446946373,1.083744487079864
low,150,300,71,0.010719884455302465,0.0016332927441292456,6.563357667407956,1.0979611122911348,0.9952499480940282,1.1032013760903032
low,150,300,72,0.009944501365856841,0.0016270381229751064,6.112027263179863,1.0867252039611421,1.0193088788617317,1.0661392503268436
low,150,300,73,0.01043126368317054,0.0016866373789168115,6.1846510776784065,1.1006558822703325,1.017030002061082,1.0822255784389612
low,150,300,74,0.010032825732684582,0.0015585923326742013,6.437107075633088,1.0762186509589777,0.9978188993213989,1.0785711231676383
low,150,300,75,0.010740095010274633,0.0018081389199426589,5.939861639953656,1.1072995721247336,1.0105363400512792,1.0957543318714735
low,150,300,76,0.010374790688084104,0.0016230481681137445,6.3921643805195005,1.091945769643708,1.0047826833868323,1.086748197095788
low,150,300,77,0.010829628419305317,0.0016544607264088885,6.545715015436909,1.0917474272629,1.0036169112285753,1.08781290455383
low,150,300,78,0.010765840232696526,0.0015492224685011422,6.949189320183545,1.1040758792724044,1.0080963713519797,1.0952086632270133
low,150,300,79,0.010763464608331661,0.0016293624323350808,6.605936404772919,1.131460920257489,1.0335091322320742,1.0947759288917631
low,150,300,80,0.009353951855186374,0.001552435044154697,6.025341859169131,1.1061909950766446,1.0091883611671668,1.096119453654113
low,150,300,81,0.009374442924780334,0.0016034445231852322,5.846440453180172,1.0850805419375127,1.0058683542260052,1.0787500544964055
low,150,300,82,0.01109238993787895,0.0016142382451253268,6.871594060774935,1.1063949639107546,1.0121466079565968,1.0931172966576788
low,150,300,83,0.010638147738868661,0.001678939831929793,6.336229289790004,1.0936184852663617,1.0123035988754672,1.0803265803670208
low,150,300,84,0.011245470738145007,0.0016440665505924935,6.8400337772776485,1.1090431054067422,1.0234336775105026,1.0836492190724896
low,150,300,85,0.011336912673071945,0.0016664109118432044,6.803191573279049,1.0889356271799868,1.0070017494104782,1.081364186127258
low,150,300,86,0.010451109441971257,0.0017303334542422366,6.039939536710918,1.120163786990209,1.0262257774139718,1.091537370862926
low,150,300,87,0.011823913107741769,0.0018423443775260728,6.417862616770429,1.1308413488693114,1.0277470486122362,1.1003109669799422
low,150,300,88,0.010533895999958095,0.0016466742783284095,6.397073263724859,1.1102266142990984,1.0179675067641096,1.0906306998228852
low,150,300,89,0.010127233876046419,0.0016287526595039114,6.217785012938055,1.0710667996849752,0.9883847995110432,1.0836536541383832
low,150,300,90,0.012019005544982897,0.001909695581015244,6.293676156800489,1.1336297964028876,1.0269255717148953,1.1039064832223464
low,150,300,91,0.010738560020883322,0.001643701954854531,6.5331552287614665,1.132033595143331,1.0400044826903336,1.0884891497918663
low,150,300,92,0.009658016222372489,0.0016159319424096054,5.97674689688409,1.115039325350202,1.0316450208525254,1.0808362399973217
low,150,300,93,0.011014410205807347,0.0017663413829997604,6.235719953014791,1.0963288432096607,1.013920833229328,1.0812765723709061
low,150,300,94,0.010700022446503747,0.001729584338359538,6.186470476861751,1.1359556534696271,1.0327191859289844,1.0999656721277782
low,150,300,95,0.010250145864850232,0.0016194871957394676,6.329254032891537,1.102978955999217,1.0219411195762715,1.079297950606534
low,150,300,96,0.01113231528404006,0.0015728977118705351,7.077583748787575,1.095011923908696,1.0021978825149847,1.0926104944073494
low,150,300,97,0.010488074117284621,0.0015946308403002108,6.577117319084397,1.1372831113229438,1.0330427756924894,1.100906117426336
low,150,300,98,0.010095973104535288,0.0017232719114556332,5.85860712834767,1.0982153671027686,1.0231926212527933,1.073322211567669
low,150,300,99,0.01182908657355799,0.0017119323030332634,6.909786416553264,1.1127606935560874,1.0208546436701118,1.0900285368302394
low,150,300,100,0.010972542835569421,0.001639473965348382,6.6927216091765125,1.1109736812077624,1.019702376317678,1.0895077887527151
low,200,300,1,0.007939766902515723,0.0015479227138819637,5.129304474513426,1.0476857388261265,0.99448862379999,1.0534919291714646
low,200,300,2,0.008245602550255332,0.0015642176754089548,5.271390727700076,1.0958401789808214,1.0264613088235204,1.0675903412636367
low,200,300,3,0.0076361237930115495,0.0014457019045822192,5.2819490441345485,1.0609027191039087,0.9960228175541328,1.0651389711222652
low,200,300,4,0.006913043154962163,0.0014076832277672784,4.9109366500920215,1.0543563063727952,0.9959054265673383,1.0586911952141118
low,200,300,5,0.007925852222640641,0.0015462373269674679,5.12589631902438,1.091292210662852,1.0246651432543403,1.0650232594005333
low,200,300,6,0.0071923097385669585,0.0014063049780044276,5.114331422457863,1.0746947480598896,1.0123094959358498,1.0616266590153502
low,200,300,7,0.007561074118374201,0.0014824589178938368,5.100359967557409,1.0976969909636007,1.0337310448430765,1.061878712494539
low,200,300,8,0.008256765945541299,0.001521201023566276,5.427794103230544,1.080893007219146,1.0104836464820248,1.0696788720750205
low,200,300,9,0.008369343700415664,0.0015826406843483674,5.288214680176528,1.09141162771465,1.03343800524819,1.0560978231611842
low,200,300,10,0.007654161503603526,0.0014560298559252339,5.2568712601979515,1.0785763170395828,1.0128603124616347,1.0648816068409603
low,200,300,11,0.008041843449492443,0.0014892524053310978,5.399919732011137,1.0724279919690198,1.0109054741888321,1.0608588234518705
low,200,300,12,0.008299776396259135,0.0015742845116001173,5.272094297506087,1.0844093222534175,1.0197442191813424,1.0634130616832411
low,200,300,13,0.007935470728379329,0.0016483667878800805,4.814141359026604,1.0961039201394889,1.025162303078609,1.069200376221247
low,200,300,14,0.00819395496089465,0.0015852565992461164,5.1688508754931926,1.0847436990147898,1.0204235153902348,1.0630328316179165
low,200,300,15,0.007454856022921766,0.0014265669851885837,5.225731494084926,1.0827312610024273,1.0200459848332142,1.0614533825937884
low,200,300,16,0.0077059481127691,0.001506071687665994,5.116587859580076,1.0769669748973614,1.0107962003978552,1.0654640119080987
low,200,300,17,0.007740187199513402,0.0015195645233177688,5.093687751154998,1.0865487732919472,1.0208902076949238,1.0643150116458404
low,200,300,18,0.008124427253399572,0.0015704845036551827,5.173197974568096,1.0825844771677824,1.0175003014327904,1.0639647729276778
low,200,300,19,0.007574750299725078,0.0014670451813752722,5.163269949616805,1.0678129530173333,1.002118000051305,1.0655561051319953
low,200,300,20,0.007782537190605066,0.0014577040566672672,5.338900687700764,1.0714583343838702,1.0114513196064208,1.0593276350668064
low,200,300,21,0.008151792297103392,0.0015492529237839845,5.261756922938693,1.0682529571423813,1.0076496382747775,1.0601432448002108
low,200,300,22,0.007942478103192147,0.0015338066972969285,5.178278408347938,1.082517530166753,1.0181515693760608,1.0632184467683299
low,200,300,23,0.00787287643600201,0.0013897191288434853,5.6650846006226905,1.0704249760958777,1.0072710264865217,1.0626980702796986
low,200,300,24,0.007954732447576726,0.0015191489254496547,5.236308510847411,1.084165073441718,1.0312821822118325,1.0512787791179186
low,200,300,25,0.007475040844043884,0.001413508793914544,5.288287470318914,1.0826626181641967,1.0177976252779413,1.0637307371085112
low,200,300,26,0.007648569407422652,0.001432158751545858,5.340587696138337,1.088907802850669,1.0180341686387762,1.0696181291308313
low,200,300,27,0.008088377035038934,0.0015049130727908893,5.374647334306751,1.0657974342924548,1.0036155902840382,1.0619578298806798
low,200,300,28,0.007798495003495253,0.0015194534534785176,5.1324342878960785,1.0899255692163279,1.0249474846588729,1.06339650131351
low,200,300,29,0.007632506676149476,0.0014505228680931482,5.261900273370484,1.0580012982020002,1.0041498313820152,1.0536289158619576
low,200,300,30,0.0077481690391013,0.0014548179939351718,5.325868302015631,1.078848159235118,1.0187368039744893,1.0590057756096676
low,200,300,31,0.0074619713649357634,0.001533872725699144,4.864791739180689,1.0714106367480645,1.0221964664824155,1.0481455100652077
low,200,300,32,0.0072957071373625625,0.0014637250152014362,4.984342729401626,1.0965590507848435,1.03568416110484,1.0587774651444548
low,200,300,33,0.007840111725195864,0.0014958344014926474,5.241296574923305,1.081482616884408,1.0244963551023871,1.0556236842602782
low,200,300,34,0.006871237220969762,0.0014697797603333417,4.675011458459181,1.056568592277768,1.0007859051545704,1.0557388816487996
low,200,300,35,0.007627997080889475,0.001433615680797472,5.320810300181899,1.0900929020290249,1.025801647938013,1.062674157543269
low,200,300,36,0.007608040732639113,0.0015068714806495654,5.048898217490668,1.0853534704164711,1.0169897759252684,1.0672216143264612
low,200,300,37,0.007819142110293833,0.0015129288813302613,5.168215245794472,1.080216853845698,1.0181982387477877,1.060910157509389
low,200,300,38,0.008050647976675807,0.0014989336408064503,5.3709168688377895,1.0643651448338833,0.9957165067386361,1.0689439590793754
low,200,300,39,0.007279948881546675,0.0015155724134216883,4.803431902742824,1.0804186872163835,1.0232987248149243,1.0558194406152417
low,200,300,40,0.007638647709311539,0.0014638208071268183,5.218294255773456,1.0540284918849372,0.9947225711964647,1.059620563970051
low,200,300,41,0.00811489771191805,0.0015354604836984157,5.284992872217687,1.0678018337416753,1.0089938084433046,1.058283831680891
low,200,300,42,0.007907845977314231,0.0014293838957094897,5.532345789714588,1.0880749079328318,1.0178343192796993,1.0690098450431897
low,200,300,43,0.007518158949399338,0.001482302626505482,5.0719460486441585,1.0730958055605282,1.010101583418803,1.0623642445233223
low,200,300,44,0.0077626841262247595,0.0014583236035330997,5.323018915292876,1.104997432976111,1.0426752652768358,1.0597714070475512
low,200,300,45,0.00795394289592134,0.0014722420522704175,5.40260542324217,1.0615774534860059,0.99802598443844,1.0636771687696331
low,200,300,46,0.007961397617898457,0.0015327128408910093,5.1943178170741175,1.0948028285705187,1.0247603222237278,1.068350134980635
low,200,300,47,0.007570611391862098,0.0015146757342548878,4.998173021888608,1.0610618241432657,0.9958970633126318,1.065433229227404
low,200,300,48,0.007331200472205675,0.0014556632588788162,5.036329953022464,1.0994928767625962,1.0382121658926926,1.0590252290264892
low,200,300,49,0.007586108528266997,0.00141330069463477,5.367653576528826,1.0616136597338288,1.0013851582821336,1.0601451908424693
low,200,300,50,0.007318490483420447,0.0015157533716842787,4.828285801725295,1.078480889550874,1.0224454659780733,1.0548052932282281
low,200,300,51,0.007660741809309025,0.0015333888418787244,4.995955102896798,1.0738003535466272,1.0097990871791274,1.0633801982791322
low,200,300,52,0.007840092713400847,0.0014628787558386715,5.359359196453779,1.084699173717589,1.0214972042880124,1.0618718966280762
low,200,300,53,0.007738072339258134,0.0015119426869335223,5.1179667100690605,1.114319517300756,1.041199825462068,1.070226377349073
low,200,300,54,0.008178800805816582,0.0014635568252494887,5.588304235759594,1.0994712823612962,1.0229820163950285,1.0747708803677847
low,200,300,55,0.006939958231943761,0.0014216885633256424,4.8814898079433595,1.0882274816964765,1.0273699432343202,1.0592362457778037
low,200,300,56,0.008399988986827077,0.0015974633596318425,5.258329673841765,1.0805062525038924,1.0124853459842413,1.0671821145752265
low,200,300,57,0.007326983677272892,0.0014628970785515196,5.008543515944177,1.084178931062142,1.01950749353477,1.0634339991981296
low,200,300,58,0.008029109761086095,0.0015193390884339793,5.284606854525081,1.1017412004185947,1.0299401181849552,1.0697138415776766
low,200,300,59,0.007571028454020721,0.0015213757150849823,4.976435721269425,1.0623101136490285,1.006266968548344,1.0556941118533714
low,200,300,60,0.0074105718687909,0.0014521469089356829,5.103183309615902,1.080812249936841,1.0216376209420057,1.0579213488049444
low,200,300,61,0.007499844463374562,0.0014790654720354937,5.070664284423635,1.0530558629368498,1.0021889029254594,1.0507558603601639
low,200,300,62,0.008249635043705966,0.0015833179781844287,5.210346346957874,1.0642655686080384,1.0005445875481327,1.0636862982948676
low,200,300,63,0.0072832867975366885,0.0014106690984466205,5.163001589498763,1.0659988190750247,1.006045917128973,1.0595926099647057
low,200,300,64,0.008078508182315055,0.001514655155506285,5.333562661406419,1.057545419951414,1.0008173663766085,1.056681723839571
low,200,300,65,0.008152743960605481,0.0014587969404858386,5.588676349903974,1.0913698266117235,1.027586498522769,1.0620710063635983
low,200,300,66,0.008898679575092093,0.0015236446667414383,5.840390328096226,1.0860253179527648,1.011649404064109,1.0735194560386876
low,200,300,67,0.008123384569687185,0.0015135657472129193,5.367051008286617,1.0975592936100806,1.0325093804686412,1.0630017647993806
low,200,300,68,0.00800539396651405,0.0014861552659286717,5.386647108848094,1.087652197779049,1.023323637571184,1.0628623808207402
low,200,300,69,0.007878995848801277,0.0015056494806849675,5.232954914059329,1.058972655378494,0.9979688783815782,1.0611279352677274
low,200,300,70,0.007746775246393628,0.0014885976782739872,5.204075862442516,1.0537583862260975,0.9979562001577328,1.0559164681371236
low,200,300,71,0.008097677901269255,0.0015095216682274946,5.364399910057391,1.081251114249785,1.020962250624303,1.0590510213170137
low,200,300,72,0.00746007133631248,0.0014641997725643072,5.094981898028424,1.0681331164920034,1.012713047284941,1.0547243558830828
low,200,300,73,0.008400910339526639,0.0016437557164549637,5.110802204627229,1.074869236249562,1.0103056040133924,1.063905052075029
low,200,300,74,0.007515128165595021,0.0014425317559759595,5.209679533543845,1.0734276117552493,1.0126362225058456,1.0600328014130984
low,200,300,75,0.007919498557125695,0.0015105152684541452,5.242911953634521,1.070596674895995,1.0086253888954937,1.0614413306295647
low,200,300,76,0.006786574134672908,0.0014520390539330065,4.673823418378955,1.0655039588241098,1.0065873671112673,1.0585310263548438
low,200,300,77,0.008334684849710379,0.0015759752798500755,5.288588568789777,1.0875648777760996,1.0192435085205875,1.0670314489956174
low,200,300,78,0.008167922213278628,0.0015872517421475346,5.145952589869277,1.0686078900597586,1.0073098450719202,1.060853217396542
low,200,300,79,0.007729202962398172,0.0014835524590140437,5.209928988648594,1.0668743179756826,1.0103001196703318,1.0559974181966951
low,200,300,80,0.008712248608091026,0.0015632906051467636,5.573019232257914,1.1056406103553567,1.039171125338001,1.063963945298938
low,200,300,81,0.008404338547361752,0.001574563732883627,5.337566445767299,1.0667771260060097,0.9987198176490587,1.0681445458017993
low,200,300,82,0.007904024395683083,0.0013825781904720446,5.716873338631548,1.0725508699784747,1.0045107949958936,1.0677345383658712
low,200,300,83,0.008044468461717398,0.0014871529629718085,5.409308028168112,1.078975781890342,1.0116678226212266,1.0665316794347781
low,200,300,84,0.007839359928226167,0.001510760976114843,5.1890140479973885,1.0729916216008024,1.0092713390622485,1.0631349371297503
low,200,300,85,0.007726538809192756,0.0014706092055087124,5.253971469952819,1.0806918682303952,1.0190202209970864,1.0605205333147998
low,200,300,86,0.00758754468088168,0.0014712875728429644,5.157077936993847,1.0687075829551176,1.010052996619002,1.058070800772289
low,200,300,87,0.007592398020161874,0.001481697556105725,5.124121308613487,1.0811692344858737,1.0135842122137235,1.0666792373615812
low,200,300,88,0.007682896929792546,0.0014887486750953874,5.160640649638386,1.0784292411554273,1.0073533414019389,1.0705570695328928
low,200,300,89,0.007713589560011628,0.0014949039156151804,5.159923309744857,1.0876736555245816,1.0229678422738588,1.0632530276874532
low,200,300,90,0.008460252900196183,0.0016120622259723305,5.248093258368672,1.0581302241093575,1.0062670934424596,1.0515401238944158
low,200,300,91,0.007811282294206545,0.00153514788496851,5.088293037231898,1.0922203686080814,1.0217121008089465,1.0690099175132697
low,200,300,92,0.008142975373719375,0.0015171943351568818,5.3671274569301435,1.0830152631749563,1.0178298101858716,1.0640435683222726
low,200,300,93,0.008271799582571335,0.0014442324363907358,5.727471128707849,1.080861759305829,1.0153845224919749,1.0644851633676262
low,200,300,94,0.00783386404331853,0.001502985226694884,5.212202957274214,1.0883682575425648,1.027958127210578,1.0587671119405546
low,200,300,95,0.007347578921637093,0.00147275943417496,4.988987849025871,1.0664537032503842,0.9996079553217193,1.066871964726562
low,200,300,96,0.007157571442432984,0.00144851925585064,4.94130223918198,1.1002593592678296,1.0350482270424988,1.063002989157
low,200,300,97,0.007691551947115541,0.0014634279741642959,5.2558459199250125,1.0941340966801407,1.0321428635142658,1.0600607099629655
low,200,300,98,0.008122634587304185,0.001600693341527153,5.074447663757211,1.084342173355852,1.0178645392665688,1.065310885215811
low,200,300,99,0.007714141028519923,0.0014068565447659864,5.483246360276966,1.0814385011866183,1.0246920871526066,1.055378991157917
low,200,300,100,0.007245229282894603,0.0014794519016731182,4.897238818444144,1.0628187182762479,1.0032640138537565,1.0593609494610783
low,300,300,1,0.004835320443672297,0.0012727092736121537,3.7992340779830105,1.0513475754611408,1.0143728051113985,1.0364508691118566
low,300,300,2,0.004423267681521893,0.0012734354911454276,3.4734917569662365,1.0391949270936742,1.010168366413562,1.0287343789859174
low,300,300,3,0.0048157424710885,0.001305484218282167,3.688855371553505,1.0428982601130234,1.0124549905539066,1.0300687633950636
low,300,300,4,0.0050954013419445355,0.0012969401571823833,3.9287867784234165,1.0422673591826976,0.998204847221825,1.0441417531516763
low,300,300,5,0.005203555103609324,0.0012649264673991346,4.113721419956181,1.0380369395012967,1.0006010807559118,1.0374133702884907
low,300,300,6,0.00536679900419207,0.0012972801377052047,4.136962286099247,1.0543155876691073,1.0105660521465003,1.0432921088430394
low,300,300,7,0.0049835016991355615,0.001289931419215319,3.8633850024112806,1.0469440261092395,1.0110909748935812,1.0354597678210231
low,300,300,8,0.005061108950698088,0.001267730633604528,3.992258936196784,1.0356241376583364,0.9987985312686766,1.0368699044269556
low,300,300,9,0.004945776334570522,0.0013106477749130472,3.7735358265104,1.0374840622088488,1.003720257431708,1.033638660301163
low,300,300,10,0.00525744442082339,0.0013233754572092979,3.9727534557049755,1.0506602998016012,1.0105939746462989,1.0396463131192972
low,300,300,11,0.0051365952659336925,0.0012989581340123939,3.9543963207398356,1.0432744839253074,1.0043040651928115,1.0388034063418974
low,300,300,12,0.004913404097639329,0.0013182223592661992,3.7272953709982746,1.03551922520406,1.0020689873510378,1.0333811726290898
low,300,300,13,0.004742106740402895,0.0012681870371547273,3.7392802492621016,1.0390944030906155,1.0088642452574454,1.029964544759395
low,300,300,14,0.005012976228597689,0.001316524022927336,3.8077362367085152,1.0628145223285543,1.0225528286779353,1.0393737052223244
low,300,300,15,0.005588664402346824,0.0013839997589067822,4.038053017264465,1.039973495932423,1.0008990448645927,1.0390393529380542
low,300,300,16,0.005177827520855368,0.0013356840303656624,3.876536219002232,1.056027449017481,1.0133805221447185,1.0420838233425924
low,300,300,17,0.005059468123900179,0.0012430619221827695,4.070165800763927,1.049419934605339,1.0139403627122991,1.0349917738732992
low,300,300,18,0.004857995671385786,0.0012898974874064272,3.7661874054454256,1.037862148938662,1.00564773767832,1.032033494486562
low,300,300,19,0.005211179555402764,0.0012814756637107294,4.066545860350491,1.0609987233401357,1.0210383006234947,1.0391370457819646
low,300,300,20,0.005107202497737006,0.0012931332083675536,3.949479036412899,1.0438909765507152,1.010065654471581,1.033488241016204
low,300,300,21,0.005166983232606072,0.0013660043889783286,3.78255243855446,1.0635675307318513,1.0233187647955901,1.0393316015702114
low,300,300,22,0.004875388508623074,0.0012413698671336897,3.927426174666456,1.047167347834283,1.0124826196070669,1.0342571097572784
low,300,300,23,0.00522376126966362,0.001356188665654724,3.851795404249126,1.0666018987869994,1.0233542734269105,1.0422606583888738
low,300,300,24,0.005291788217296491,0.0013450485610196328,3.9342729851217992,1.053509659870048,1.01218923821843,1.040822822542894
low,300,300,25,0.004726440222116563,0.0012610613884194428,3.7479858359952396,1.0460672951517316,1.0181444871252685,1.0274251919836084
low,300,300,26,0.00513268839459705,0.001313595696177595,3.9073578038756933,1.0538576911781659,1.0172437648753192,1.0359932668718144
low,300,300,27,0.0048347787898072,0.001313925469836573,3.6796446227719093,1.0449374788085657,1.010666407871987,1.0339093796624135
low,300,300,28,0.005267402101641066,0.001316020595569146,4.002522543625577,1.0443621533226195,1.0064113670684174,1.0377090198859231
low,300,300,29,0.00522120987505098,0.001285262400578418,4.062368799321627,1.040743652719617,1.0076446999557096,1.0328478408762158
low,300,300,30,0.005202434757818115,0.0013468972384877607,3.86253279697803,1.0390709362586343,1.0042691786842923,1.0346538142492199
low,300,300,31,0.004777798490258808,0.0012728657031891857,3.753576263613637,1.0474347887044106,1.0149890344248056,1.031966605725935
low,300,300,32,0.004976287317673239,0.0012697691390782982,3.919048876306313,1.054041313837567,1.0134858362617567,1.0400158306359755
low,300,300,33,0.005241036794779264,0.0013095558592944709,4.002148329589313,1.0493434603705187,1.0095378394078067,1.0394295482634528
low,300,300,34,0.005274530624555263,0.0013238518992954385,3.9842301297920093,1.043820243322552,1.0096057407054544,1.0338889739208401
low,300,300,35,0.004899313448049828,0.0012708143758922335,3.8552549774313345,1.0506000602536327,1.0164657362395835,1.0335813818381416
low,300,300,36,0.004950631939408661,0.0012553106125600072,3.9437505664933643,1.042939087959657,1.004722472302099,1.038036987039807
low,300,300,37,0.00502794290328986,0.001332698698047056,3.772752919064028,1.048834244120452,1.0105195753192875,1.0379158105760182
low,300,300,38,0.004835666536265162,0.0012903916639022252,3.747440929401081,1.0439811391914833,1.003788816788564,1.0400406158453799
low,300,300,39,0.0048897041425484174,0.0012872674993746104,3.7985144073970396,1.070909509812043,1.0341016955077542,1.035593998602058
low,300,300,40,0.005019437228740393,0.001367474568270992,3.670589088239404,1.0401698112402646,1.008647789807932,1.0312517627568838
low,300,300,41,0.005131997826504507,0.0013467118034255169,3.810761748319632,1.0421369701653875,1.004583949933464,1.0373816645531824
low,300,300,42,0.004927999898976471,0.0012990154910425384,3.793642133567979,1.0433044556714357,1.0055080077791347,1.037589405156287
low,300,300,43,0.005182975757767016,0.0013313944585251496,3.892892692003879,1.0674015702245852,1.0264090028975272,1.0399378485684916
low,300,300,44,0.004683800944867048,0.0012628330080337727,3.7089630339641753,1.0679527956752284,1.0373573859524376,1.0294936057111117
low,300,300,45,0.00462293413012164,0.0012533386447183986,3.688495642899709,1.0499259696346332,1.012153899313678,1.0373185049690248
low,300,300,46,0.00542241338238739,0.001324411482290927,4.094205958564979,1.047250303349388,1.0067163900020382,1.0402634880587052
low,300,300,47,0.004929911389149802,0.0012996706631098743,3.793200484616176,1.0520163830438936,1.0143603840729658,1.0371228998708797
low,300,300,48,0.004932779932555942,0.0013099626550763905,3.7655882123359365,1.0529427622806737,1.0170276851427782,1.035313765458463
low,300,300,49,0.004892380872002656,0.0012801568560975205,3.821704229993173,1.0508817489451774,1.0142591995602281,1.0361076827312272
low,300,300,50,0.005091682277451233,0.0012989557847515709,3.9198272467950344,1.0628643572055418,1.0271364991304952,1.0347839436192672
low,300,300,51,0.005468418754498958,0.0013915318783478492,3.929783312611963,1.0748860549015453,1.0328274173563508,1.040721844558357
low,300,300,52,0.005207511663211772,0.0013094751461036897,3.9767930523206885,1.0393564736692384,0.9957153971736238,1.0438288657778032
low,300,300,53,0.00534092399721577,0.0013409250762754068,3.9830144813540804,1.0834904976668052,1.0432412510481868,1.0385809577393323
low,300,300,54,0.0050465617820657956,0.001354064780634484,3.7269721908733873,1.0476384774498546,1.0155754299648834,1.0315713107455542
low,300,300,55,0.004929297337891037,0.0013662539627238004,3.6078924360913533,1.048527675970437,1.0158906125306895,1.0321265528366732
low,300,300,56,0.004971186534731306,0.001302448641088096,3.8168004310544337,1.040015990354785,1.0051915928341233,1.0346445371896464
low,300,300,57,0.004806676208718909,0.0012855890464477202,3.7388901391159894,1.055853167665556,1.0176282948498119,1.0375627063528001
low,300,300,58,0.004865297708328076,0.001303065845433165,3.7337312810242174,1.0363870224925757,1.0020715594828105,1.0342445234424937
low,300,300,59,0.005118466872980285,0.0013418978021918632,3.814349248221253,1.0557649612692361,1.0141762258813323,1.0410074051496945
low,300,300,60,0.005328087713033683,0.0013242785003006032,4.023389122321505,1.0611615237480285,1.0136512907388444,1.0468703916655147
low,300,300,61,0.004862351372663887,0.0012453518942494926,3.9043995477231497,1.0456506455677481,1.0082132209284131,1.0371324476432284
low,300,300,62,0.00480590447603701,0.001382653100990417,3.4758570118524035,1.0625792332163455,1.0289803672095532,1.0326525821847385
low,300,300,63,0.0051147852714426515,0.0013272526993725606,3.8536634914064156,1.0372435229354262,0.9985698328182787,1.038729079175162
low,300,300,64,0.004999894823177049,0.0012362870061907155,4.044283243405489,1.0414392790848772,1.0059298125068694,1.0353001433464974
low,300,300,65,0.0046513318828142036,0.0012398456691051199,3.7515410173359585,1.0401842884962562,1.009255310924377,1.0306453453720759
low,300,300,66,0.00497639672687466,0.0012959223574733002,3.8400423437228866,1.045522244273989,1.010320946096868,1.0348416988810465
low,300,300,67,0.004967488796719368,0.0012625163059940471,3.934593773668687,1.048552046622684,1.008520595961115,1.0396932405960628
low,300,300,68,0.005144746290772844,0.0013024661852403467,3.950003730671498,1.0407073142754963,1.0047463644698444,1.0357910723315995
low,300,300,69,0.004861358884798456,0.0012622809379898008,3.8512495423881115,1.0602720884946306,1.023683360737357,1.0357422315929008
low,300,300,70,0.0049921668642787685,0.0013330741872000674,3.7448529963393145,1.0203670511599152,0.9855704459553573,1.0353060558454836
low,300,300,71,0.005103344096723498,0.0013484664407626716,3.7845540255619015,1.0611673242392787,1.0210048147274575,1.0393362586860495
low,300,300,72,0.005513205485720389,0.0013533998484624027,4.073596943271377,1.0525513197349623,1.0088417545547566,1.043326483051345
low,300,300,73,0.0048943691250384605,0.0013575710394357632,3.6052397869894675,1.0543874784801974,1.013135021625067,1.0407176299057963
low,300,300,74,0.005258157806336283,0.0013371927569932373,3.9322362305936984,1.0525856671856377,1.0158549149864102,1.0361574784522443
low,300,300,75,0.0053369941147713325,0.0012826771407635053,4.160824220812512,1.0571026181506769,1.0114040920142806,1.0451832521711322
low,300,300,76,0.00502547228883067,0.0012612900828775015,3.9843905514309443,1.0639686789908838,1.0287254994048611,1.034259070671828
low,300,300,77,0.005048084628619363,0.0013338402132282408,3.7846247088335137,1.05471998180739,1.013932827465136,1.0402266829097773
low,300,300,78,0.0048142722011313595,0.0012803271506096033,3.760189103885781,1.0524310902562497,1.0132066996013736,1.0387131181330604
low,300,300,79,0.005177463445045044,0.0013040417270037553,3.970320379962914,1.054468377716212,1.0145710171186897,1.0393243646076429
low,300,300,80,0.005098555125608556,0.0012933013241067345,3.942279367207838,1.0500464253349024,1.01059304188186,1.0390398328684065
low,300,300,81,0.004701669100202103,0.0012341499631636854,3.8096416485315894,1.050699171792038,1.0180636449902034,1.0320564701061972
low,300,300,82,0.004883401673559666,0.0012002300222249582,4.0687214809932275,1.0409919879341647,1.00383683881004,1.0370131356886332
low,300,300,83,0.005120964774222787,0.0013027395755007855,3.9309197866766574,1.0465760698826168,1.005876457009347,1.040461840606427
low,300,300,84,0.0051092050465469,0.001257388699529566,4.063345764486699,1.0393254163712682,1.0029857045816977,1.0362315351291336
low,300,300,85,0.0047776034406263644,0.0012914064684466325,3.6995350088133767,1.059784563156759,1.0227402542237707,1.036220642318517
low,300,300,86,0.004905038626903954,0.001273914799684966,3.8503663103034445,1.0399395987000912,1.002384543352535,1.0374657167217993
low,300,300,87,0.005085174206702159,0.001336527294223185,3.804766448602727,1.0468274948236018,1.0109823840428949,1.035455722420566
low,300,300,88,0.004733349148638304,0.0012159634858971478,3.8926737550396098,1.0555840057835986,1.0203140877887042,1.0345677065689975
low,300,300,89,0.00482486503349079,0.0013039896607000992,3.7000792099075137,1.0540983804376856,1.0159621806871044,1.0375370269440436
low,300,300,90,0.005011993161096546,0.0012971648814586495,3.86380577576276,1.0413510578216834,1.0056738594794228,1.0354759129970112
low,300,300,91,0.0049908219221586865,0.0013001215669048273,3.8387348146529354,1.0489210371540052,1.0142152663473922,1.0342193338615409
low,300,300,92,0.005446362263849608,0.0013148073276106965,4.142327282086939,1.053936883567269,1.0137847621472118,1.0396061599259139
low,300,300,93,0.004761026587921425,0.0012774137791558605,3.727082536300495,1.0500711036280344,1.0114861226564087,1.0381468218963719
low,300,300,94,0.0048617369665845366,0.001292225236966679,3.762298419427866,1.0598088931221537,1.0203691886020037,1.0386523867642317
low,300,300,95,0.0050899914102949875,0.001342959969562287,3.7901289134879996,1.027784202890429,0.9980029058886162,1.0298408920716475
low,300,300,96,0.004937804410762982,0.001238178572790296,3.9879582148117767,1.0494878349549692,1.0125548568733866,1.0364750391851616
low,300,300,97,0.004931520819697859,0.0012744529792891202,3.869519629079311,1.0469068244360997,1.0104515932095925,1.0360781570057314
low,300,300,98,0.005214130132924692,0.0013584829083477215,3.8382007612200795,1.0599089251375093,1.0222889513505706,1.0367997460377891
low,300,300,99,0.00544295726816776,0.0014204045291227802,3.8319768464334913,1.05404701553002,1.0161047055025836,1.0373409451033586
low,300,300,100,0.004949169361497191,0.0013278031475169663,3.7273366694093877,1.0488637250975472,1.0110050412958178,1.0374465826136787
low,400,300,1,0.0037195548382061797,0.0012252431228850834,3.035768794561959,1.0333893558326188,1.0098887343757745,1.023270505608096
low,400,300,2,0.0035033955449636344,0.0011465541944806017,3.0555865233659545,1.0409853370258995,1.0162103164259442,1.0243798160671012
low,400,300,3,0.003951205223948067,0.0012112600339617835,3.262061913348601,1.0422458237358652,1.016257835416348,1.0255722390655617
low,400,300,4,0.0036419351584232977,0.0011717485701428086,3.108119993676998,1.0296998238801252,1.0012484192603912,1.028415929625887
low,400,300,5,0.0037498362836845107,0.0011519233143131487,3.255282914314835,1.0434559941511192,1.0119245730598054,1.0311598531459423
low,400,300,6,0.0037257307434554977,0.0011931318687685999,3.122647915943044,1.0346508084909742,1.0053507461722349,1.0291441195327067
low,400,300,7,0.0035343206242243984,0.0010983511800871594,3.217842060263397,1.0361278095926845,1.0098217396075857,1.026050211590138
low,400,300,8,0.0038850868814523003,0.0011935165283822938,3.2551596807110768,1.0339872570305852,1.0048067990520164,1.029040864379201
low,400,300,9,0.003661968054637591,0.0011434124805827677,3.2026658068059404,1.0282329014962457,1.007029487823198,1.021055404960267
low,400,300,10,0.0037788017458077324,0.0011291214076831718,3.346674432080251,1.027225620983968,1.0022994067535078,1.024869030214432
low,400,300,11,0.0038280241934313002,0.0012128335746407692,3.1562650255333904,1.0457268196985012,1.0165463768355953,1.0287054713172474
low,400,300,12,0.003501583906575555,0.0011397410893320132,3.072262586082411,1.0285422199272136,1.0059248014795332,1.02248420400254
low,400,300,13,0.00365979294708422,0.0012155338301919109,3.0108523976715684,1.033299238841945,1.0095645282366237,1.0235098499813362
low,400,300,14,0.0034934616753818817,0.0011475096994815529,3.044385312786667,1.0241529075079685,1.0024779903090006,1.0216213397286527
low,400,300,15,0.003788862530316072,0.0011712251408743492,3.2349566262619587,1.0375394812511276,1.0109783699117705,1.026272680138226
low,400,300,16,0.0036888089068337665,0.0011694689025551787,3.1542599369457953,1.018951206834135,0.9982315178648896,1.0207563962852653
low,400,300,17,0.00395049880814312,0.0011532735576971795,3.4254655209743583,1.0432001609984276,1.0171166180020765,1.0256445942723726
low,400,300,18,0.0038743612867691893,0.0011635854856582612,3.3296748150630235,1.0481483248057921,1.0207309116360606,1.0268605690855253
low,400,300,19,0.003761473516905254,0.001206090631079196,3.118732058750453,1.039482405202906,1.0145404689758235,1.0245844665538688
low,400,300,20,0.003712431553179665,0.0011549379028236227,3.2143992712538174,1.0374953777348666,1.0140134563275573,1.0231574061081532
low,400,300,21,0.0037410504725840306,0.0011527884495335314,3.2452185603506205,1.0343081011794655,1.0074924706866535,1.0266162093246571
low,400,300,22,0.0038915830875450286,0.00122315149445478,3.1816035096124393,1.0308086614949121,1.00493598573392,1.025745595867081
low,400,300,23,0.0037330722922062206,0.0011660871094425081,3.2013665719973154,1.044952858037287,1.0177011748780493,1.0267776866451033
low,400,300,24,0.003666254933023522,0.0011343210270788335,3.232114053695245,1.0339754645136778,1.0092696261718817,1.0244789278317077
low,400,300,25,0.003718713846012132,0.00117820789950428,3.156245894783719,1.0408845386139898,1.0170058241949895,1.0234794274043626
low,400,300,26,0.0036399270561524293,0.0011186400924543278,3.2538857499433327,1.0386910425638227,1.0130245698270193,1.0253364760355084
low,400,300,27,0.003764337245394673,0.0011674551523589637,3.2243955905187796,1.0324583235966283,1.0061417111909383,1.0261559699920797
low,400,300,28,0.003760049557097487,0.0011579732241940304,3.247095423743107,1.0305427752515497,1.0082858871893097,1.0220739855084982
low,400,300,29,0.0037634601320743065,0.0011577032658611226,3.2507985794399317,1.0317129781495922,1.0051930873913204,1.0263828821456544
low,400,300,30,0.003794419228549417,0.001170165604093728,3.2426343889061116,1.0378815993901802,1.0151695918621326,1.0223726239537838
low,400,300,31,0.0039980034374920105,0.0012356797006998592,3.235469058225718,1.0348140474503211,1.0069078419904178,1.0277147563025624
low,400,300,32,0.003597377283367889,0.001149741583805504,3.1288572441304683,1.0474271521097933,1.0233623390387399,1.0235154374487319
low,400,300,33,0.0036700574880084353,0.0012038681333455805,3.0485543942501834,1.0377414185718723,1.0118544052711558,1.0255837333571516
low,400,300,34,0.003910050607520584,0.0011746888986250204,3.32858394430842,1.0460247191586152,1.0168682590415623,1.028672799900878
low,400,300,35,0.0037072732402702825,0.0011561461474939303,3.206578379650524,1.0521610055989044,1.0253780292073542,1.0261200997375126
low,400,300,36,0.003897103132903941,0.0011929617205976423,3.266746170993312,1.0264898914135012,0.9997693775273725,1.0267266776586155
low,400,300,37,0.004148196369970474,0.0012446272607378316,3.3328824627474156,1.0483630361369816,1.0219365119459611,1.0258592621773532
low,400,300,38,0.0037738793392137447,0.0011392054721637904,3.312729293729333,1.0362434767248478,1.006903849847554,1.0291384593292954
low,400,300,39,0.0038402934442301226,0.0011735244317770685,3.272444390795311,1.0354729681714392,1.0081277137371163,1.0271247918906568
low,400,300,40,0.0036184422775194748,0.0011455694081298107,3.1586408050357515,1.0257019035651467,1.0003180303976853,1.0253758028907765
low,400,300,41,0.004053779300486392,0.001219760812018892,3.323421494232761,1.0492806904659544,1.0195984368652082,1.0291117095981486
low,400,300,42,0.003775753934562728,0.0011874661791104366,3.1796728201482325,1.0365156272534792,1.0117650322274927,1.024462789518922
low,400,300,43,0.004008127733001865,0.001166876977474067,3.4349188563804214,1.0431402836094381,1.0165050914741967,1.0262027139447119
low,400,300,44,0.003827225180624415,0.0011902566628470383,3.2154620932512747,1.0251466856403795,1.0006303897176392,1.0245008508382984
low,400,300,45,0.003539817529449674,0.0011459459498577255,3.088991701475239,1.0319332069798748,1.0054205077572393,1.0263697617246503
low,400,300,46,0.003690482107774815,0.0011856653366355792,3.112583284459386,1.0497841566793253,1.022088753327966,1.0270968673328829
low,400,300,47,0.0038046315267096903,0.0011616002954893988,3.2753362249333318,1.0381511180671898,1.0099551191411091,1.027918071201084
low,400,300,48,0.0033674600542353402,0.0011131767012184887,3.0250903118519297,1.0333777471204866,1.0101327237975857,1.023011850596733
low,400,300,49,0.0038933045747161703,0.0012131024640264804,3.209378177168705,1.037312643067671,1.0081868350800598,1.0288892960849843
low,400,300,50,0.003701016557790395,0.001179834770858304,3.136893952615065,1.0377388669199687,1.0145226032572743,1.022883929434549
low,400,300,51,0.004005038192545163,0.001242111945552342,3.224377808204882,1.0355485192659193,1.0080179247016356,1.0273116121148664
low,400,300,52,0.00384072103928906,0.0012362163474253576,3.1068356661744936,1.037916732863862,1.0142232950240617,1.0233611650965266
low,400,300,53,0.003916011563810835,0.0011713498085995286,3.3431614834964094,1.0455389038245373,1.0185882008574256,1.0264588799913696
low,400,300,54,0.003704552000971995,0.0011537876393826728,3.2107745606930695,1.0278249652151943,1.0020537018684343,1.0257184453275376
low,400,300,55,0.0035601739505900197,0.0011781276675258852,3.0218914712923484,1.032603420967513,1.0074776563472165,1.0249392772752839
low,400,300,56,0.0036589036663430066,0.0011272412061568038,3.2458924020508513,1.0339854453892767,1.0096800274448552,1.0240723964857759
low,400,300,57,0.0038564331581575515,0.0012278991921883399,3.1406757026077083,1.055547410886937,1.0250081922993906,1.0297941214684714
low,400,300,58,0.0039018709527735523,0.0012288513069769473,3.175218133081051,1.0427737453792765,1.0113050477829828,1.0311169193363372
low,400,300,59,0.0036512559139095326,0.0011789609012002157,3.0970118773170934,1.0344285888109883,1.0112362343316852,1.0229346553178356
low,400,300,60,0.003628212228493039,0.0011633579214280192,3.1187411558081943,1.0452843783433192,1.0185223578856142,1.0262753392210862
low,400,300,61,0.0038315492994213116,0.0011519596147700425,3.3261142580820215,1.0379773079256363,1.0127085906033682,1.0249516174314401
low,400,300,62,0.003571915338968691,0.0011561805065919315,3.089409757908487,1.0321769685947524,1.0124926411537534,1.0194414523532422
low,400,300,63,0.003668265071648091,0.001132344309386056,3.2395315110798606,1.024477823315703,1.00225314880792,1.0221747115828141
low,400,300,64,0.003732614868150917,0.0011478424347604753,3.2518530027423287,1.0213255299897206,0.9959919138144264,1.0254355641084194
low,400,300,65,0.003477277403746633,0.0011428330192675923,3.0426819536375636,1.0339943844983426,1.0132914188397146,1.0204314033196238
low,400,300,66,0.003546290779310477,0.001144400135929014,3.0988206554446354,1.0350936331092753,1.0102758743715645,1.0245653285080656
low,400,300,67,0.0037192009270717997,0.0011711318852945232,3.1757319340139674,1.055435022578325,1.028034583543047,1.0266532269185384
low,400,300,68,0.0038183017214859223,0.0012126894881673606,3.148622758539956,1.0366749801408843,1.012724063532987,1.0236499925995064
low,400,300,69,0.0037687105643403117,0.0011777671675256738,3.1998774191148938,1.0510288120014004,1.026505996486603,1.02388959791636
low,400,300,70,0.0036703618159868194,0.0011974260617622747,3.065209563407262,1.038334609134418,1.0125738015169239,1.0254409185571485
low,400,300,71,0.0035838448687606547,0.0011236490101971838,3.1894700535817164,1.033002985017894,1.007953292305851,1.0248520371958287
low,400,300,72,0.003766260531639446,0.0011770542938247775,3.1997339047132445,1.0403067429669393,1.0139261202905223,1.026018288856054
low,400,300,73,0.0037483370449240016,0.0011405355166986873,3.2864711269787286,1.0315153468872829,1.004707985138222,1.0266817444925282
low,400,300,74,0.0037148658710940267,0.0011649990170580044,3.1887287600252683,1.0437167870922863,1.020755067742908,1.022494837473745
low,400,300,75,0.0038410689170086925,0.0011952411044675326,3.2136352261076633,1.044057947692021,1.0199398869824057,1.0236465511521184
low,400,300,76,0.0038187516512558036,0.0011837155324230589,3.2260720981153646,1.0421580027966597,1.0130170284082327,1.028766519783203
low,400,300,77,0.00396263581003953,0.001220810760909787,3.245905046812045,1.0374630245582008,1.0103708004162464,1.0268141400471917
low,400,300,78,0.003789638606773017,0.001184625142780274,3.199019225506954,1.0253354957820393,1.000154431098894,1.0251771765441047
low,400,300,79,0.0035343027399641126,0.0011919049529127222,2.965255519181414,1.0481058512827424,1.0227757769407086,1.0247660092398747
low,400,300,80,0.003813283601279116,0.0011152154531533405,3.41932457131653,1.036326606068651,1.0084405999383796,1.0276526015830534
low,400,300,81,0.0037062524360337865,0.0011877250364228718,3.1204633415795326,1.040295828206883,1.0155316420144866,1.0243854402638526
low,400,300,82,0.0037429969742499634,0.0011337118892073572,3.3015416084830043,1.030136554277358,1.0071910082598625,1.0227817224630895
low,400,300,83,0.003660643012782795,0.0011643699452259992,3.143883117038271,1.0464538460635944,1.0208444805114243,1.025086451502721
low,400,300,84,0.0038796369456891413,0.00118460921550194,3.2750352562851455,1.0355640297047013,1.0061625529411913,1.0292213983491676
low,400,300,85,0.003792041949335189,0.0011894284508638469,3.1881211068905744,1.028096635909061,1.0045868482346907,1.023402444214438
low,400,300,86,0.003933424442033491,0.0012233178620487963,3.215373995639894,1.0327129458778403,1.005632452115188,1.0269288184820338
low,400,300,87,0.0036278315141387656,0.0011763725221759598,3.0839138502047745,1.0442026433886205,1.01864638200504,1.0250884525140875
low,400,300,88,0.0034917507907864993,0.001125780295562128,3.101627204305426,1.0350440645157064,1.010062879113592,1.0247323071847145
low,400,300,89,0.003701886739065132,0.0011567321181123154,3.2002973558876224,1.0437897104564928,1.0207434266739528,1.0225779399409265
low,400,300,90,0.0035503692979406308,0.0012096343680564534,2.9350764096138313,1.033199129387516,1.0103325242835002,1.0226327516480103
low,400,300,91,0.0037093826279386128,0.0012068544049541833,3.073595798061022,1.033431032478629,1.0080132148697958,1.0252157583193158
low,400,300,92,0.003769370062850482,0.0011831760644419886,3.1858065558723063,1.0426760260607615,1.0143669292382915,1.027908142513802
low,400,300,93,0.0038735180568864407,0.001237577274387979,3.1299201569469814,1.0495281542312236,1.020428708794496,1.028516882351443
low,400,300,94,0.0036203538377384305,0.0012271741484934492,2.950154908480584,1.028140376408772,1.004062500882079,1.0239804549074787
low,400,300,95,0.00376164340997585,0.0011858793613774147,3.17202873453051,1.0282613110292291,1.0033072044745357,1.0248718502602228
low,400,300,96,0.003730000197461583,0.001213453100904316,3.073872566382525,1.0271276628461392,1.0034695217170386,1.0235763424967996
low,400,300,97,0.003790866099360161,0.0011512507392613548,3.292824030490864,1.049082268681371,1.0199286359402489,1.0285839927557736
low,400,300,98,0.0041826955509739385,0.0012196283841194855,3.4294836078234177,1.0428209497231915,1.0145655071113064,1.0278497962071809
low,400,300,99,0.003816684202264214,0.0012061010288254743,3.1644813419825852,1.0281414923746024,1.003464033698065,1.0245922702237704
low,400,300,100,0.003537954188290277,0.0011330156587117707,3.1225995519893353,1.0368823700441154,1.0147630402607541,1.0217975319417205
low,550,300,1,0.002635398556129634,0.0010346073187188817,2.5472452286467067,1.0262101303208364,1.0078175284800102,1.018249932473953
low,550,300,2,0.002628928213507353,0.0010389640166532743,2.5303361534845967,1.037464176767688,1.0198223078644193,1.0172989635225886
low,550,300,3,0.0026380469398274422,0.0010243641125834528,2.575301992154207,1.0247701339136375,1.0083790785696223,1.01625485463985
low,550,300,4,0.002569605200522159,0.0010568038526920756,2.4314873512018447,1.023280206361911,1.0060935625322796,1.017082550241524
low,550,300,5,0.00267738298440398,0.0010132685841543186,2.6423230980150674,1.0285582897441816,1.0108036382908276,1.0175648867700708
low,550,300,6,0.002752056615017772,0.0010146272907539699,2.712381817536879,1.0256440976487544,1.007379333520451,1.0181309696561613
low,550,300,7,0.0024974826302539537,0.000969728740584412,2.575444581284487,1.0272605196615516,1.0122955039402544,1.0147832482343817
low,550,300,8,0.0026833528604787546,0.001067735645926919,2.5131247333690836,1.018064218358771,0.9998682972595612,1.0181983178675442
low,550,300,9,0.0028489006874568503,0.0010723379108251534,2.656719172844173,1.0194101996745686,1.002015389755233,1.0173598231096876
low,550,300,10,0.0025069413222249797,0.0009682776205481042,2.589072874374498,1.024810203600558,1.0095831162130149,1.015082549562299
low,550,300,11,0.0026813190329980103,0.0010308723200572723,2.601019525724625,1.0155192395701484,0.9984415467469777,1.017104349151747
low,550,300,12,0.002679023953716881,0.0010702059884397318,2.503278791798453,1.0352048450956919,1.0178560328411526,1.0170444657149729
low,550,300,13,0.0026058467016402513,0.001032929745377214,2.5227724473058193,1.0319041081638596,1.0124891921758576,1.0191754303532652
low,550,300,14,0.002594034332207746,0.0009981730170598127,2.5987822630676316,1.0206811596660235,1.0062320306224075,1.0143596393315748
low,550,300,15,0.0026161908905156677,0.001063189856973921,2.460699632671383,1.0301836061488927,1.013865938959489,1.0160945018097265
low,550,300,16,0.002680967252209694,0.0010056765429622974,2.6658345279812328,1.0414966630275455,1.0237967932761443,1.017288459846374
low,550,300,17,0.002739799657961017,0.0010325141006724602,2.6535227520637528,1.0143767139196345,0.9976198236139484,1.0167968698185879
low,550,300,18,0.0026352831653073472,0.0010323460874400812,2.552712890927969,1.0222869385430584,1.0082322697300978,1.0139399116998338
low,550,300,19,0.0026475078491972324,0.001024853088668467,2.5833047472560073,1.0225339209675413,1.0050818787759968,1.0173638014574473
low,550,300,20,0.0025756268622797837,0.001037082329361277,2.483531721021679,1.0291406020028695,1.0118463358457084,1.017091791060059
low,550,300,21,0.0027333507929103826,0.0010337577398737649,2.6440922156908444,1.0349025473188118,1.0183062351567682,1.0162979579119327
low,550,300,22,0.002581633017980361,0.0010445747660371562,2.4714679139477993,1.0258519670233148,1.007995346133634,1.0177149834651256
low,550,300,23,0.0027277572483592654,0.0010477635494438356,2.603409185027661,1.0282507190379506,1.0122362271838878,1.0158209036823511
low,550,300,24,0.0025461533589673908,0.001006256568463701,2.5303222247331236,1.02402784911446,1.007951034399293,1.015949995750288
low,550,300,25,0.0026662338645936363,0.001082402375996832,2.4632557390112746,1.030017249805685,1.0133910022363029,1.0164065474557127
low,550,300,26,0.0026155292373308014,0.001021716565519462,2.559936214796529,1.0245214295750928,1.0082913516216234,1.0160966152564601
low,550,300,27,0.0025629155406381612,0.0010501400432496536,2.4405464367468843,1.0241853482428458,1.0100535021057038,1.0139911857220243
low,550,300,28,0.0026352643853349914,0.0010129735843959675,2.601513431277075,1.0239484865300241,1.0065789538477061,1.0172560062138414
low,550,300,29,0.00292023878058104,0.0010295463305700708,2.8364326051884157,1.0308054484504936,1.0114533630741258,1.0191329487674554
low,550,300,30,0.0026976269608239055,0.0010275304591969461,2.625349873260402,1.0346505228443639,1.019518975680711,1.0148418494648908
low,550,300,31,0.002676068413371834,0.0010069777604037856,2.657524841758932,1.0213899162070486,1.0050548823355843,1.016252877488147
low,550,300,32,0.002905636854239058,0.0010614498491650682,2.7374226455678703,1.037238818556035,1.0176528516569499,1.0192462162978222
low,550,300,33,0.0026984760932847883,0.0010805413715527076,2.497337135187294,1.0255707256777773,1.010565349375279,1.014848496746672
low,550,300,34,0.002701778538405814,0.0010260728654183896,2.6331254138604883,1.0281476939493426,1.010895817589796,1.0170659291089748
low,550,300,35,0.0026515357079115393,0.0010286427991070106,2.577703076532885,1.0132677023605445,0.9976017870070872,1.0157035758731514
low,550,300,36,0.0026272904883036076,0.0010256196745181522,2.561661553087833,1.0155148072135038,1.0014804423228472,1.0140136185366788
low,550,300,37,0.0026441000916809067,0.0010102204355540948,2.6173496383793178,1.0242622851446959,1.0047973094836073,1.0193720419803791
low,550,300,38,0.002830425611418814,0.0010802414300404787,2.6201787236699046,1.039194238855659,1.020720840204207,1.0180983849097822
low,550,300,39,0.0026227855964594702,0.0010233399524707256,2.5629660897408377,1.0297465131630141,1.0143142204521447,1.0152145088767368
low,550,300,40,0.002585634948230189,0.0010227264286666031,2.5281784803402942,1.0282847671886324,1.013341369932647,1.0147466566542906
low,550,300,41,0.0026529994010030555,0.0010187920454254437,2.604063717336125,1.0242761732802408,1.0083439053511385,1.0158004306314066
low,550,300,42,0.0027950779115156433,0.001126992614586972,2.480120876870167,1.0456258749343155,1.025765114294328,1.019361899096803
low,550,300,43,0.0026185904407511067,0.0010404747204863062,2.5167266337112033,1.0294827207055866,1.0120536588428863,1.017221480017796
low,550,300,44,0.00277254012400367,0.0010150761393080746,2.731361734001125,1.0215388761821196,1.0024908996469155,1.0190006478282376
low,550,300,45,0.002629257509514313,0.001017220064239395,2.584747983200946,1.0243804992266852,1.0081007776462856,1.0161489029087047
low,550,300,46,0.0026065029619025313,0.0010263680516154803,2.539540233934556,1.0227790564891148,1.007992345781315,1.0146694672530856
low,550,300,47,0.002554278882796269,0.001039760240318792,2.456603728195188,1.0179022723369808,1.0016190390920088,1.0162569126678473
low,550,300,48,0.0025823751581270445,0.001040895732943032,2.4809162689385116,1.019391217114935,1.0038444460853242,1.0154872312042353
low,550,300,49,0.002835184713014924,0.0010712034546739204,2.646728500215646,1.0265340840100625,1.0062974645576808,1.0201099775813076
low,550,300,50,0.0027273072720805838,0.0010427379430103913,2.615525109028669,1.0278169304345153,1.01041718832355,1.0172203544358092
low,550,300,51,0.0024875660853394214,0.000992621794260032,2.50605628420019,1.0248936702721991,1.0112953089669146,1.0134464791685585
low,550,300,52,0.0026025914192626346,0.0010533799749131024,2.4707052357600903,1.0247685515789848,1.009518735699891,1.0151060256138003
low,550,300,53,0.002637285221721769,0.0010304665239734795,2.559311884827074,1.026389577190853,1.0083922873906273,1.0178475083806884
low,550,300,54,0.0026603996949674984,0.0010629000654513018,2.50296314906887,1.0109439081041542,0.9948587670842389,1.016168265840445
low,550,300,55,0.0027181401059540172,0.0010490007637745018,2.5911707596604967,1.0322602034882529,1.012981581222867,1.0190315624911095
low,550,300,56,0.0026625972581819967,0.0010238157783817182,2.6006605039732813,1.0218857349837422,1.0081511491962356,1.0136235382942893
low,550,300,57,0.0026234667094304693,0.0010285973406842649,2.5505283804109706,1.027696769525815,1.0116774615189834,1.0158344023823358
low,550,300,58,0.002657141684822446,0.001002901544158399,2.6494541765335793,1.025349296684949,1.0101475309110877,1.0150490550228344
low,550,300,59,0.0026664578666771204,0.0010210766247548846,2.611417989631502,1.0258624482710823,1.0086526046144542,1.017062211090216
low,550,300,60,0.0025644665386085346,0.0010875304147691207,2.3580642010393453,1.0276250227564834,1.011429732323721,1.0160122744222224
low,550,300,61,0.0026168353934672623,0.001024908541744035,2.5532379591786074,1.0328124712423232,1.0147368936724555,1.017813068276694
low,550,300,62,0.0026778887902734003,0.001049995672900453,2.550380786690426,1.0284033434018394,1.013363615286495,1.0148413934430558
low,550,300,63,0.0026051525796339874,0.001028134407612481,2.533863822030463,1.0237547874537023,1.0078342003826612,1.015796831527444
low,550,300,64,0.0025482489797487326,0.000975630681822973,2.611899181960238,1.0397401157921162,1.024209892961718,1.0151631251925222
low,550,300,65,0.002613457467641233,0.000984731393912373,2.6539800434897005,1.0332157114039022,1.0165957559578276,1.0163486374487325
low,550,300,66,0.002803041132151673,0.001051965446608956,2.6645752873227586,1.0152980892988015,0.9985431582389571,1.0167793759554606
low,550,300,67,0.002745315179044282,0.0010971374019576239,2.5022528392030132,1.030264640956752,1.0154123476038133,1.0146268591158925
low,550,300,68,0.0027034630176341525,0.0010501518993239671,2.5743542618686885,1.0220007110814404,1.0057697678622386,1.0161378316766279
low,550,300,69,0.002796905307668695,0.0010480891075107922,2.6685758754914786,1.0181875173210324,1.0009157617289801,1.0172559532504684
low,550,300,70,0.002811739157895151,0.0010437079999188132,2.693990233009489,1.0250092816598477,1.0057606689644807,1.019138362922051
low,550,300,71,0.002644664163223246,0.0010343794214056862,2.556764093033906,1.0287338256744352,1.011574419535884,1.0169630684674924
low,550,300,72,0.0026078027361780597,0.0010680224329741269,2.441711574274802,1.0305093813512007,1.0135221214662662,1.016760620735499
low,550,300,73,0.00253362657945802,0.0009938634229848865,2.549270373436963,1.0454372481993308,1.0291623190154453,1.015813763177275
low,550,300,74,0.002745576254943792,0.0010302364367820048,2.664996263886509,1.027793551736499,1.0092578344766117,1.0183656907350138
low,550,300,75,0.0026751033870558876,0.0010520972829038205,2.5426388134683906,1.0123970378553562,0.9948275325097969,1.017660855546724
low,550,300,76,0.002751979532005275,0.0010219231834459135,2.6929416775981445,1.0331094155800962,1.0162854906831749,1.016554329517793
low,550,300,77,0.002629051979597564,0.0010576488759085777,2.4857512161955126,1.0252454378235556,1.0092885943098926,1.015809990921946
low,550,300,78,0.002699538762461001,0.0010825144188138151,2.4937670256799627,1.0221260513865984,1.0061355315665443,1.0158930077691988
low,550,300,79,0.0025575506785678304,0.0010219202844603194,2.5026909803620194,1.0277963038125988,1.014960637909288,1.012646466694266
low,550,300,80,0.0025086182348465864,0.001010708731735263,2.4820387477405053,1.0185395858608495,1.0037066132475,1.0147781955579203
low,550,300,81,0.002570767152803686,0.0010396826136287998,2.4726460932446956,1.0266544314305321,1.0083018591828738,1.0182014662380283
low,550,300,82,0.0026159312928742766,0.00101793677731686,2.56983670417087,1.0304221203372295,1.0177832772911515,1.0124180101285576
low,550,300,83,0.0026195575258909963,0.0010356646163194657,2.5293492551675203,1.0295427233609844,1.0123802383804839,1.0169526076565418
low,550,300,84,0.0026524459403929968,0.0010529158636150846,2.5191432972489185,1.019151191249761,1.0034458077138244,1.015651451643132
low,550,300,85,0.0029303834400671402,0.0010985568143852314,2.6674846504930434,1.0325936111133391,1.013165186004487,1.0191759698983243
low,550,300,86,0.002858707834804881,0.0011086534552500929,2.578540499979776,1.017273782457179,0.9978445456280197,1.0194712061255302
low,550,300,87,0.002666597609665739,0.0010021017165955622,2.661004931440458,1.0323610481266525,1.0147666463915619,1.0173383721249167
low,550,300,88,0.002779529780369424,0.0010655501794375748,2.608539545116995,1.0356558871756012,1.0181266373821027,1.0172171605671483
low,550,300,89,0.002699902650037758,0.0010289740044578332,2.623878385985405,1.0303379612204129,1.014610607361317,1.0155008766367994
low,550,300,90,0.0026544737411932995,0.0010765453125874806,2.4657334068115184,1.027862917758354,1.0121247145652663,1.015549667908117
low,550,300,91,0.0025571989197516794,0.0010320115447646952,2.4778782104949575,1.0317318543017715,1.0151276879594753,1.016356726881987
low,550,300,92,0.0026888216764949543,0.0010201348361190516,2.635751256886951,1.0168895455639018,0.9993498937986308,1.0175510618194004
low,550,300,93,0.002805315384488561,0.0010775555104666388,2.603406838199649,1.0179992138848517,1.001870350985083,1.0160987525820182
low,550,300,94,0.0028640227536833747,0.0010846058334052114,2.6406116078977133,1.0301128417221928,1.015218507695637,1.0146710623512598
low,550,300,95,0.0025782503474608602,0.0010395371403884154,2.4801906995814655,1.0186681036927037,1.0039279736014994,1.0146824577846212
low,550,300,96,0.0026324635442277985,0.0009972798988256376,2.6396436419982963,1.0238570283606452,1.00843608906818,1.015291935165385
low,550,300,97,0.002776910839291362,0.001040393191997391,2.6690974726200687,1.024181969496919,1.0069423000319375,1.0171208116536912
low,550,300,98,0.002693323393913207,0.0010199380840475757,2.6406734252189907,1.0282279422763698,1.0115493248737004,1.0164881899404676
low,550,300,99,0.002740179381649121,0.001056282077644896,2.5941738855956644,1.0267033589915828,1.0098407712610293,1.0166982639347157
low,550,300,100,0.0026421046808755896,0.0009645778306249033,2.73913062999167,1.0253244837987892,1.0078926162479982,1.017295361896472
low,700,300,1,0.002073945766626239,0.0009002847571056813,2.3036553160066284,1.0139251626547137,1.0044341404078985,1.009449123506456
low,700,300,2,0.0021577595777669714,0.0009179955921436099,2.3505119155620244,1.0269215607504767,1.0148476213541238,1.0118972928962897
low,700,300,3,0.0020075982391798684,0.0009529377235752807,2.106746526570129,1.0252709271873826,1.0137342104521807,1.0113804157107964
low,700,300,4,0.0019291738546427884,0.0009090856467844263,2.122103523982112,1.0190498382289428,1.0087066447923894,1.0102539162302062
low,700,300,5,0.0021446868599724594,0.000933666472045115,2.2970588793605384,1.0217356755665852,1.0087972170599415,1.012825628667327
low,700,300,6,0.0021398474440785867,0.0009247638306012009,2.3139393791898675,1.0106628252049927,0.9981272067489728,1.0125591391270157
low,700,300,7,0.0020538150324251577,0.0009235499677455427,2.223826651673953,1.0254284071659052,1.014766825375488,1.010506435098006
low,700,300,8,0.002176130995639472,0.0009452996196321472,2.302054238090447,1.033459119436682,1.0213849277011722,1.0118213921197028
low,700,300,9,0.0020497468988918896,0.0009059843959862228,2.2624527618498407,1.0229667742244093,1.0118577683720447,1.0109788215296678
low,700,300,10,0.002071330369707081,0.0009041667392362393,2.290872114425221,1.0226145372392372,1.0125095289698485,1.0099801611543051
low,700,300,11,0.0021451760744182627,0.0009167301521632765,2.340030017945991,1.0157669884997766,1.00254635000095,1.0131870596295265
low,700,300,12,0.0020174370574291183,0.0009262062833217496,2.1781725019115337,1.025987980134982,1.014988641315258,1.0108369082884225
low,700,300,13,0.0021402779605790203,0.0009229101218091822,2.3190535134487744,1.0199603289824393,1.005067804058077,1.014817433076885
low,700,300,14,0.0021959823775828465,0.0009071153138294066,2.4208414785904786,1.019558740878464,1.0068497266894942,1.0126225531497703
low,700,300,15,0.002197756867048791,0.0009232692528662915,2.3804072974658803,1.0237366229223182,1.0098807677617336,1.0137202881794591
low,700,300,16,0.002067214681834243,0.0008953590734548689,2.3088107811959784,1.0218028512085282,1.010487030567413,1.0111983828577802
low,700,300,17,0.002022177983208078,0.0008976608259229205,2.252719428999251,1.0138955713520477,1.0036611993368656,1.0101970386241335
low,700,300,18,0.0022668460375455174,0.000950495088115364,2.384910838455995,1.0170116727052994,1.003957342764854,1.013002873114603
low,700,300,19,0.0020391908804474,0.000916781065085129,2.2242942814902578,1.0117037440668093,1.0004842371632485,1.0112140766309046
low,700,300,20,0.0022078907076960685,0.0009781483615417207,2.2572145438306253,1.0166661455812898,1.0053893886132113,1.0112163079258607
low,700,300,21,0.002111634166147897,0.000940155646565323,2.2460474218948154,1.0165286395923037,1.004941695640027,1.0115299663677475
low,700,300,22,0.0020101165463206313,0.0008968237481451098,2.241373012788892,1.0152245204804295,1.0037594218814259,1.0114221578887037
low,700,300,23,0.0019461961124503512,0.0009467728155160282,2.0556104701734577,1.026061079098933,1.0143820975403122,1.0115133947917065
low,700,300,24,0.0020904061330092897,0.0009372083059600899,2.230460528055017,1.010639785913182,0.998773315757568,1.011881044445619
low,700,300,25,0.0021221356464940187,0.000918511284718714,2.3104078107694717,1.0137936966229686,1.0027233899729942,1.011040239771681
low,700,300,26,0.00205380070894579,0.000928164410339853,2.2127552899747345,1.0212162887617027,1.0102729972739477,1.0108320142350469
low,700,300,27,0.002083027640210465,0.0009128357786629966,2.2819303196697804,1.0324533311068285,1.0215270565630339,1.0106960207011613
low,700,300,28,0.0020922672915182575,0.0009003054255873207,2.3239527743080655,1.0171336796800263,1.0033248910630916,1.0137630280479768
low,700,300,29,0.0020477866777864643,0.000933729000089779,2.193127425183932,1.0137780453804903,1.0028890590194797,1.0108576180616198
low,700,300,30,0.002035649616746849,0.0009261577998402751,2.1979511667427696,1.012724390030445,1.0035639893273034,1.0091278690751766
low,700,300,31,0.0020053218021394534,0.0009371018596728073,2.1399187094128904,1.0333543042329536,1.0209206051891748,1.0121789088990665
low,700,300,32,0.002009265066897477,0.0009288835945009687,2.1630967311646083,1.020022958435147,1.0105177366402662,1.0094062889252033
low,700,300,33,0.00200481399308296,0.0009072278635202832,2.209824095683915,1.0113428060562597,1.0018928931338018,1.0094320590426584
low,700,300,34,0.0020741138842071227,0.0009490278975986796,2.1855141344687996,1.0161428643706574,1.0025035959304536,1.013605206500576
low,700,300,35,0.002024531399485347,0.0009582034024124057,2.1128409629816773,1.0259113213432187,1.0153922642683597,1.010359599383435
low,700,300,36,0.0021615858958167564,0.0009590419926252195,2.253901197693931,1.0203317458760923,1.00912694868893,1.0111034565093318
low,700,300,37,0.0021088073096012495,0.0009230597327080587,2.2845837976427186,1.0118833608258406,1.0027816414287123,1.0090764719068457
low,700,300,38,0.0020627181688106216,0.0008734196592250856,2.361657591541624,1.0174694160152409,1.0050258137585104,1.0123813757680462
low,700,300,39,0.002135139408477432,0.0009300852608328836,2.2956383660627333,1.0213439960289796,1.0083187339353887,1.012917802332953
low,700,300,40,0.0021366195293904167,0.0009575713851542328,2.231290076662304,1.0198450154517475,1.0078789044423344,1.0118725681792438
low,700,300,41,0.0022853831321516774,0.0009725898313324909,2.349791308244095,1.0276129471766535,1.015738245787244,1.0116907101201118
low,700,300,42,0.002113144348438189,0.0009078632749242684,2.327601971359026,1.0222319834286702,1.0094457663216752,1.0126665716312693
low,700,300,43,0.002112182251545666,0.0009554544580666564,2.2106571733619056,1.0273190086556523,1.0161113305963358,1.0110299705572015
low,700,300,44,0.002151503922873061,0.0009284279877334427,2.3173621985755677,1.0274321400251412,1.014775481013709,1.0124723736907684
low,700,300,45,0.0020875508131512894,0.0009357112664052106,2.2309775334555755,1.0220053158130857,1.0111707294490857,1.0107148931910865
low,700,300,46,0.0021136393408765384,0.0009000915218022887,2.348249360958667,1.0153177189353262,1.0033903643319726,1.0118870531622999
low,700,300,47,0.0020775326760209185,0.0009377299033698524,2.2154915488511553,1.01491041521931,1.0026713053275642,1.0122065025963294
low,700,300,48,0.002099924151617646,0.0009656036096471947,2.1747269072294593,1.020755262998225,1.0086417931370308,1.012009684650801
low,700,300,49,0.0019681720177863456,0.0008938241180330602,2.201967901825567,1.0266016529891757,1.0154851916154002,1.0109469458201472
low,700,300,50,0.0021097291702845706,0.0009721974852362186,2.1700623611178766,1.0095642397258204,0.9974217759718896,1.0121738506682383
low,700,300,51,0.002141900411916805,0.0009289470185551281,2.3057293571470723,1.0159203282011298,1.0044093970669943,1.011460397690174
low,700,300,52,0.002091999980104537,0.0009653250471964546,2.1671456533529594,1.0082401192494272,0.9969883303908254,1.0112857778928979
low,700,300,53,0.0020229934235176817,0.0009427007851940174,2.145954957596995,1.0210806348435788,1.0107671968092526,1.0102035741433668
low,700,300,54,0.002110738460812412,0.0008947283802003451,2.359082943518324,1.0182037464436717,1.0067074685174908,1.01141968077689
low,700,300,55,0.0020475786397177098,0.000918536066764231,2.2291760920513535,1.0187637728857597,1.0066482672935237,1.0120354904348166
low,700,300,56,0.0019266188331009105,0.0008895940190756992,2.165728176885333,1.0332674351117874,1.022867583534509,1.0101673488774978
low,700,300,57,0.0020645427326513297,0.0009096583737614203,2.269580308610236,1.0185021565459407,1.007308594305527,1.0111123466072787
low,700,300,58,0.0020452429567666755,0.000912168718954149,2.2421761613483717,1.0178132472527475,1.0059548335985165,1.011788216784854
low,700,300,59,0.002209707588573797,0.0009126054058050324,2.421317663163038,1.0178178428444864,1.0043029363951954,1.0134570018263622
low,700,300,60,0.0020108166052473482,0.0009164296602520845,2.1941854268381364,1.0292843175247919,1.0178032012802773,1.0112802909541576
low,700,300,61,0.0021479578982411696,0.0009478018556170819,2.266252049952684,1.028447530012977,1.0154792630634,1.012770587663657
low,700,300,62,0.0020870933056489913,0.0009243831787849857,2.257822679543215,1.0196619274861614,1.0082729763879374,1.011295503663129
low,700,300,63,0.0019730745826381075,0.0008934172941311207,2.208458013516507,1.0222090475913805,1.0132763524099226,1.0088156554332022
low,700,300,64,0.0020271873134499697,0.0008912766789115653,2.2744758854518534,1.0153423840537825,1.0033818234857828,1.0119202483920313
low,700,300,65,0.0021619743209036813,0.0009853246191657392,2.194174669799883,1.0218482046904438,1.009003592288141,1.012729996702167
low,700,300,66,0.001935200224627807,0.000916836095572393,2.1107373869477026,1.0245847610067444,1.014279666616492,1.0101600127947246
low,700,300,67,0.0020717256523166356,0.0008912253380038798,2.3245811849972524,1.0195745893649577,1.0075692729088426,1.0119151276035403
low,700,300,68,0.0020008418110990783,0.0009183882327664343,2.1786448690353972,1.0223520874848444,1.0103710453608918,1.011858061628907
low,700,300,69,0.001999599234237549,0.0008917724161157781,2.242275269005341,1.0199698243965665,1.0107996336463652,1.009072214160902
low,700,300,70,0.0021630603167138757,0.0009415992911925079,2.2972195677573453,1.0180991229411602,1.004392563090725,1.01364661622768
low,700,300,71,0.002077080966826078,0.0009247593081282375,2.2460773831303213,1.029404491234182,1.016942919605497,1.012253953873359
low,700,300,72,0.002051127868716903,0.0009226998219998969,2.2229633297979894,1.0175353783825256,1.0068331385481777,1.0106296062620468
low,700,300,73,0.0020822143924384452,0.000914377409145111,2.2771936091303844,1.0295460479764393,1.0164824793322036,1.0128517401035955
low,700,300,74,0.001979207113468078,0.0008893410843258867,2.225475858869492,1.021724181969857,1.0102647053684897,1.011343043600823
low,700,300,75,0.0020156902298577146,0.0009124055543626651,2.209204251573981,1.0146192230273856,1.0047393924613754,1.0098332270438874
low,700,300,76,0.0020947162642019623,0.0008999196922013748,2.3276702158588036,1.0088705981393047,0.9976423542434829,1.01125477867701
low,700,300,77,0.0021288830005191284,0.0009444592570807225,2.254076059457982,1.021342988157974,1.0100340769232794,1.0111965640497431
low,700,300,78,0.002039225912087696,0.0009168824425956438,2.224086553904075,1.0211996514195556,1.0109153073274622,1.01017329940258
low,700,300,79,0.0022184564064431796,0.0009735871031055663,2.2786419410925904,1.0276816307342966,1.0162430639197482,1.0112557391244854
low,700,300,80,0.0020459295596084535,0.0009032344484444257,2.2651146257010097,1.025412471105917,1.011962030572024,1.0132914478286204
low,700,300,81,0.002077918529532855,0.0009187969851673099,2.261564375022925,1.0184226668101453,1.005866197447137,1.0124832402111497
low,700,300,82,0.0021012289925623614,0.0009221000331992039,2.2787429963235093,1.0298571063519524,1.0182744500496543,1.0113747883016542
low,700,300,83,0.0021661455127862193,0.0009434948732244767,2.295874174051658,1.0082113406672957,0.9961677400058732,1.0120899324257895
low,700,300,84,0.0020769476744859853,0.000901774281679485,2.303179095569049,1.0156747836867426,1.0027404969608964,1.0128989372275752
low,700,300,85,0.002050367208591063,0.0009339780031699088,2.1953056727590416,1.020650173808146,1.0108144850826142,1.0097304588237355
low,700,300,86,0.0020224924812597103,0.0008800641821190189,2.2981192989697092,1.0057867662309445,0.9955183067451965,1.010314686747771
low,700,300,87,0.002020407225672713,0.0008949007540002647,2.2576885946752876,1.031022098109676,1.018238936401812,1.0125541866951546
low,700,300,88,0.00212414674936147,0.0009732579554879502,2.1825115709396004,1.024251547774006,1.0130067597290817,1.011100407708959
low,700,300,89,0.0021340153870395917,0.0009290486360124914,2.2969899575966863,1.0239494302278749,1.0133308018262468,1.0104789357853239
low,700,300,90,0.0019576332436253294,0.0009023689263610517,2.1694377836344625,1.0192945438382135,1.011167684130596,1.0080371038702693
low,700,300,91,0.002167060349590123,0.0009021957746750792,2.401984591837152,1.0179994709939413,1.0057165109150523,1.012213143510703
low,700,300,92,0.0021173121071875645,0.0009004952324276404,2.351275199402793,1.0258692796514488,1.0131352944614633,1.0125688891302067
low,700,300,93,0.002016505809558016,0.0009195579198432947,2.1929078811062346,1.020529371469644,1.0086718143006428,1.0117556146616653
low,700,300,94,0.0020355246671851157,0.0009275744381071564,2.194459639636992,1.0179090933113946,1.009242234726193,1.0085874909778751
low,700,300,95,0.0020371755686846332,0.0009238339423973082,2.2051317614486567,1.0229380081573076,1.012203124827464,1.0106054635344792
low,700,300,96,0.002038567363345451,0.0009191681029497925,2.2178395407796296,1.019231861433604,1.0089149735510776,1.0102257258074128
low,700,300,97,0.0022694166541883916,0.0009535667217386399,2.3799243434697055,1.0345115476833446,1.0209634253737319,1.0132699389350341
low,700,300,98,0.0022688027781050126,0.0009276475731864207,2.445759406572686,1.024629447466833,1.011076387860444,1.0134045852213687
low,700,300,99,0.0021516758925740963,0.00098216219047495,2.1907541477783803,1.0139289284103288,1.002617777465779,1.011281618178704
low,700,300,100,0.002183977867029144,0.0009387024711644205,2.326592220770456,1.0308072131103767,1.0182131531387426,1.0123687853892003
low,850,300,1,0.0017185627653795287,0.0008380286656801106,2.0507207399460636,1.0178902396153922,1.0093299325396103,1.008481178254808
low,850,300,2,0.0016842637659752605,0.0008499888230315037,1.9815128391551045,1.0154559412776105,1.0065000744075008,1.0088980290194036
low,850,300,3,0.0016432136930730722,0.000809086019433626,2.0309505461772157,1.0226828443801819,1.0140235343922501,1.0085395552413108
low,850,300,4,0.0017330924981297515,0.0008419371015679069,2.058458398973368,1.0130830780755988,1.0041816472667122,1.0088643631688703
low,850,300,5,0.0017207203543535966,0.0008880155796705885,1.9377141502313528,1.0124512126902179,1.004055295700344,1.0083620065805416
low,850,300,6,0.0018009930595531388,0.0008758745003344182,2.0562227338111803,1.0169702077123692,1.009185747180905,1.007713605303295
low,850,300,7,0.0017789725331113857,0.0008640908163279848,2.058779586006082,1.0185101317593188,1.0098966234625903,1.0085290990152989
low,850,300,8,0.0017177107946639626,0.0008592292852954975,1.9991297131745513,1.0117344971322955,1.0038044223778362,1.0079000197425654
low,850,300,9,0.0017268307679179297,0.0008211955561754795,2.1028252709503543,1.013419547435488,1.005440380962822,1.0079359916547463
low,850,300,10,0.0016636742134700485,0.0008459928000803521,1.9665347191040319,1.0201484030169043,1.012454953270232,1.0075988069610629
low,850,300,11,0.0017304803881121702,0.00083297011777878,2.0774819542467076,1.0175424617801585,1.0080508837216005,1.0094157727668631
low,850,300,12,0.0017292965054707939,0.000841439882933007,2.055163465086757,1.0119535736636098,1.0046635070167542,1.0072562271804844
low,850,300,13,0.0017612565885042326,0.0008464279210592652,2.080811070480877,1.0138008994859495,1.0042557469908118,1.0095047028844388
low,850,300,14,0.0017894336274817944,0.0008704060608559963,2.0558607159995934,1.0187867630096152,1.0092681387338047,1.0094312144716588
low,850,300,15,0.0018046438285219365,0.000864940982736194,2.08643579682517,1.0271988103911223,1.0167298930442885,1.010296655403224
low,850,300,16,0.0016821238662926277,0.0008226920206680311,2.0446580543308692,1.021085617156334,1.0117844611653748,1.0091928235191971
low,850,300,17,0.0017357699265995953,0.0008968544242953739,1.9353976292900903,1.019908176766172,1.01105953269839,1.0087518526670394
low,850,300,18,0.001760200392892249,0.0008420395980345591,2.0904009704541315,1.0173676591288425,1.0072729273905825,1.010021843597456
low,850,300,19,0.0017369181349996942,0.0008549410032694735,2.031623384955635,1.0094620647440011,1.0009629911878446,1.0084908968972677
low,850,300,20,0.001717949367996995,0.0008512383600049703,2.0181766338478497,1.0216993881068166,1.0123016895892751,1.0092834958334944
low,850,300,21,0.0017777758378721253,0.0009074216073675931,1.9591508769880492,1.012048123496227,1.0042238832557155,1.007791330569778
low,850,300,22,0.001750158684371496,0.0008541484245618809,2.04901002453901,1.0203363119533577,1.0118083142118717,1.0084284716993344
low,850,300,23,0.0016587994428701514,0.0008356093130361909,1.9851375720585196,1.0200863806303766,1.012505760325601,1.0074869898047176
low,850,300,24,0.0017277186632931544,0.0008672276515427893,1.9922319822477528,1.0253314741318995,1.015955192907806,1.00922903026585
low,850,300,25,0.001696272469831901,0.00082628211404458,2.052897480170293,1.0130299572194892,1.0042784030292804,1.0087142710266503
low,850,300,26,0.0018252851065979482,0.0008728747827740478,2.091119072998173,1.0290758589077835,1.019787801650294,1.009107833259487
low,850,300,27,0.0016981940959439092,0.000845207857587727,2.009202920558092,1.0207355515197907,1.0131624918348308,1.0074746743449268
low,850,300,28,0.0017637384144947332,0.0008607744543748653,2.04901342683972,1.0242906283974782,1.015881901523708,1.0082772681166563
low,850,300,29,0.0017726646479691594,0.0008395725982942125,2.111389356406749,1.0135613583990455,1.0054704336537272,1.0080469046871094
low,850,300,30,0.0016476044116870163,0.0008228100066736225,2.002411733357247,1.019850016575454,1.01153928691859,1.0082159237553499
low,850,300,31,0.0017219187096332747,0.0008355763002224714,2.060755803120332,1.0128967757341274,1.0049622918851153,1.0078953050408772
low,850,300,32,0.0018150844155408526,0.000882079189553313,2.057734086732072,1.0108302478627047,1.001806048678232,1.0090079304236375
low,850,300,33,0.001723959329254568,0.000874719491155558,1.9708710583059172,1.0142578750497402,1.0051435207023844,1.0090677143707665
low,850,300,34,0.0017411638135081129,0.0008376162571786018,2.0787130127738807,1.01923891359546,1.011059392158138,1.0080900503973982
low,850,300,35,0.00169263208916804,0.0008056079610328212,2.1010617707873926,1.009568974418663,1.0017775004470757,1.007777649196663
low,850,300,36,0.0016889182463088466,0.0008561129618361631,1.9727749976901527,1.013513494927805,1.0064700895638383,1.0069981268564265
low,850,300,37,0.0016391774653654616,0.000800222847140826,2.0484012312597635,1.0147811301894378,1.0063124208641048,1.00841558660089
low,850,300,38,0.0016461167998570237,0.0008354758761035526,1.9702744830097245,1.0192024910835316,1.009451107004178,1.0096600855768967
low,850,300,39,0.0017372639751460145,0.0008432462399300343,2.0602095721057214,1.0171172216508861,1.007857316388865,1.009187714482442
low,850,300,40,0.0018100161684737857,0.0008677200300061173,2.0859448968361667,1.0157752799075763,1.0075666486652617,1.0081469858626113
low,850,300,41,0.0017451200582370519,0.0008446509679262866,2.0660842460425024,1.0245112724737053,1.0149832319278183,1.0093873871470664
low,850,300,42,0.0017001338323140186,0.0008641233812115677,1.9674665323027132,1.0071137625827402,0.999264711338375,1.0078548268094571
low,850,300,43,0.0017406211729994931,0.0008450969458963469,2.0596704099472447,1.0256388403901027,1.0174058714526226,1.0080921185620104
low,850,300,44,0.0016560181945174546,0.0008355658897385379,1.9819121566052076,1.0125625026145328,1.0041581373572785,1.0083695634627556
low,850,300,45,0.0017068460018269467,0.0008797280168570545,1.9401973895578335,1.0205188247370145,1.0135582313799085,1.0068674824411712
low,850,300,46,0.0017274940322121702,0.0008665121730698612,1.9936177308300707,1.0179750963089271,1.0093876301746376,1.00850759993245
low,850,300,47,0.0017897025825358375,0.0008387137245852116,2.1338658592011717,1.0213635078791343,1.011968535928057,1.0092838577658556
low,850,300,48,0.0017277263291472877,0.0008594105196063308,2.010362090911693,1.017299394274225,1.0083266597524858,1.0088986385859735
low,850,300,49,0.0017582555378247082,0.000883912698078788,1.9891732991802604,1.0251008284350964,1.0168385681840117,1.008125439484303
low,850,300,50,0.0018061078594692889,0.0008642021278729552,2.089913691736248,1.0198107711911446,1.0105080547467968,1.009205979507683
low,850,300,51,0.0017510319520275734,0.0008508331274522822,2.0580204220195664,1.0187315700344701,1.010397237981142,1.0082485697110386
low,850,300,52,0.0016962275465422754,0.0008524580368505705,1.9898076775826226,1.0124972697155226,1.0047708074057078,1.0076897758701453
low,850,300,53,0.0017960989974337622,0.0008735842476439005,2.056011200153768,1.0161047348428645,1.007954078461704,1.0080863370220194
low,850,300,54,0.001751905832345724,0.0008876758518928757,1.9735873501683847,1.017640907185552,1.0082125660579229,1.0093515409795908
low,850,300,55,0.0016172593419552079,0.0008272656928476341,1.9549454980880911,1.0219781697308465,1.014217937098703,1.007651444870264
low,850,300,56,0.001718957993024033,0.0008430121695983048,2.0390666410463756,1.0076858158750344,0.998512203895785,1.009187280779802
low,850,300,57,0.0017655522104074119,0.0008451547456654763,2.0890283341155627,1.0243244983938817,1.0143862361737985,1.009797315722234
low,850,300,58,0.001646741233886764,0.0008791426185484233,1.873121833867802,1.0173981623938477,1.0097163305402295,1.0076079108768186
low,850,300,59,0.0015974630813220666,0.0008036445914522504,1.9877730757016885,1.01631612302454,1.007096483468193,1.009154673566724
low,850,300,60,0.0017102527299440696,0.0008225892485599298,2.0791090242647017,1.0107753053522623,1.0023149910024813,1.0084407740338386
low,850,300,61,0.0017365757402800655,0.0008493023578192589,2.0447084884340194,1.0168755734833523,1.008916305809601,1.0078889275829124
low,850,300,62,0.0017906825713063718,0.0008890334950575819,2.0141902203475373,1.0157374599946034,1.0068186712561944,1.0088583863142717
low,850,300,63,0.0018039396691070643,0.0008642605838979138,2.087263613216156,1.0173076148458409,1.0072742498445721,1.0099609068759743
low,850,300,64,0.0016815701689378846,0.0008363622352125964,2.010576396375003,1.021286279372228,1.0121260058307322,1.0090505268007388
low,850,300,65,0.0017202619476653289,0.000840132430357901,2.0476080740419556,1.0226128137801205,1.0140449038018866,1.0084492411984034
low,850,300,66,0.0016872685452595784,0.0008558051732968006,1.9715568424992673,1.0186530067228317,1.012245282783253,1.006330208743438
low,850,300,67,0.0016455504315497453,0.0008155048590654532,2.0178303210056923,1.0188109865514687,1.0092620610219811,1.0094612944430095
low,850,300,68,0.0016359467849227836,0.0008231382002318938,1.9874509340738966,1.0214760426729312,1.0128903614997697,1.0084764170926148
low,850,300,69,0.0016556705071702502,0.0007969849280384685,2.0774175883666586,1.0094799274001278,1.000656883187354,1.0088172523079741
low,850,300,70,0.00177935599816023,0.0008592385445628998,2.07085216255679,1.0258072293877105,1.0168478541950332,1.0088109299298957
low,850,300,71,0.0016642722608450804,0.0008518649701955524,1.9536808286212701,1.0110765744890284,1.0027919019041969,1.0082616069885486
low,850,300,72,0.0017203567468581985,0.0008624587504782545,1.9947119162559583,1.0273584403591334,1.0193952816762921,1.007811649539663
low,850,300,73,0.0016245073645231565,0.0008385597712750397,1.9372588814427318,1.0124584616593906,1.005048427581176,1.0073728129658868
low,850,300,74,0.0016502280220124532,0.0008318272345584171,1.9838590917121046,1.0164912838831117,1.00916759340406,1.0072571597888393
low,850,300,75,0.0016641510266325278,0.0007918511184524153,2.1015958528731074,1.023497913731515,1.014954823265249,1.0084172125403392
low,850,300,76,0.0017938991961439826,0.0008613365727787272,2.082692472185116,1.0248735208798614,1.0153323483850074,1.009397092991305
low,850,300,77,0.0016960804876885978,0.0008169661625575838,2.076071893086575,1.009638206306624,1.0003838874688809,1.0092507675839901
low,850,300,78,0.001673044150161879,0.0008433558158006542,1.9837939323078553,1.022560226218693,1.014332205283097,1.0081117615045059
low,850,300,79,0.001729566874792706,0.0008434625099494792,2.0505557204863814,1.0209855796970664,1.0121448528412218,1.0087346458671675
low,850,300,80,0.0017699649977362887,0.0008809503004120723,2.0091542018980775,1.0151736372797109,1.0079423484266339,1.0071743079992272
low,850,300,81,0.0016914503212094537,0.000822818226672923,2.0556792088197375,1.0151589060280872,1.0054827442742664,1.0096233991174108
low,850,300,82,0.001677625897665265,0.0008574545440345683,1.9565187558183044,1.0269636198996772,1.0169825929534178,1.0098143537710647
low,850,300,83,0.0016616061943930732,0.0008811602167318731,1.8857026938367565,1.0201775239648547,1.0126798957968257,1.007403749397167
low,850,300,84,0.0017010981243518492,0.0008619040864499836,1.9736513042400619,1.014016516602902,1.0053558138403647,1.008614564757381
low,850,300,85,0.0016903596350053014,0.0008235075019198928,2.0526341667373567,1.01493309764205,1.0059224492223007,1.0089575975033818
low,850,300,86,0.0017034972671145382,0.0008650769516559579,1.9691858208147255,1.0139034373468871,1.0054071551339534,1.008450588569565
low,850,300,87,0.00167847647279759,0.0008191211976282675,2.0491185891142254,1.011827662358752,1.002936660774971,1.008864968179457
low,850,300,88,0.0017163386903054397,0.0008266027279607154,2.0763767554212684,1.0130661651608945,1.002919620802986,1.0101170065351646
low,850,300,89,0.0016677768639514212,0.0008308547721429222,2.0073025032400404,1.019338778402866,1.0120361833639875,1.0072157450088444
low,850,300,90,0.0017720797973082615,0.0008585171126795631,2.0641170352182376,1.0152362564304638,1.00646991816564,1.0087099853722414
low,850,300,91,0.001719540414648043,0.0008695976935234233,1.977397625884717,1.0257061275873711,1.0184819859230516,1.007093048050106
low,850,300,92,0.0016998738393640268,0.0008728899491820057,1.9474091103431725,1.0174227355297918,1.0085692268253497,1.008778285584134
low,850,300,93,0.001746521835388102,0.0008373366607428874,2.0858060052435574,1.0254549497314458,1.0156775960315287,1.009626434350939
low,850,300,94,0.0017819987780413032,0.0008606572442129077,2.07050924165634,1.0147494493981806,1.0052896861199458,1.009409987398504
low,850,300,95,0.0016845530074293003,0.000847472252388219,1.9877382447415195,1.0172090064903423,1.0088513275781748,1.008284351404117
low,850,300,96,0.0017055549567774188,0.000832617073837903,2.0484265941313886,1.027239807648661,1.0187272453300205,1.0083560760327785
low,850,300,97,0.0017486637661405387,0.0008620601475811626,2.02847071755617,1.013778251411851,1.0039877752203619,1.0097515890463309
low,850,300,98,0.0017062128851249483,0.0008269625525053765,2.0632287156846263,1.0256748523912818,1.0174925073937873,1.008041675921971
low,850,300,99,0.0017841707826141693,0.0008840249632911545,2.0182357475198933,1.0146639535990678,1.0067696678336133,1.0078412034228659
low,850,300,100,0.0018188059197357077,0.0008419469176941969,2.160238230596285,1.0263420627154791,1.017269789597796,1.0089182567008799
low,1000,300,1,0.001533753244585744,0.0007959935313907206,1.9268413424240345,1.008161882472123,1.0003693023321183,1.0077897033843783
low,1000,300,2,0.001460393296712352,0.0007805601035654506,1.8709555997565752,1.0123289845668637,1.0050658215446955,1.0072265545862513
low,1000,300,3,0.001452051733662738,0.0007865318519324483,1.8461448574462158,1.0215935157358937,1.0140576038070879,1.0074314436384222
low,1000,300,4,0.0015731383652063465,0.0008093830901525766,1.9436264290001346,1.0183889792792238,1.0106942216558596,1.0076133388897361
low,1000,300,5,0.0015111089906128304,0.0008162630961320548,1.8512523692096006,1.0148844732793898,1.0077641635723624,1.0070654523790437
low,1000,300,6,0.00149612944992856,0.0007835694576319942,1.9093769357090253,1.0163838082488303,1.0094934777438853,1.006825532464404
low,1000,300,7,0.0014526411042289269,0.0007710806203783989,1.8839030133010737,1.0149926316160218,1.0084143981434361,1.0065233434634577
low,1000,300,8,0.0014341607022656025,0.0007836916513646742,1.830006354882357,1.0240534779965598,1.0178844249647436,1.006060661584472
low,1000,300,9,0.0014526763509260787,0.000785515976413293,1.8493275688154365,1.0145488328526262,1.0082807235851587,1.0062166310639955
low,1000,300,10,0.001383663528664428,0.0007729158073243548,1.7901866096571788,1.0115218043797014,1.0058131129705474,1.005675697935866
low,1000,300,11,0.001409973896184704,0.0007407212233970547,1.903514914448326,1.015958491836095,1.0093777917629598,1.0065195609878057
low,1000,300,12,0.001448693961642192,0.0007822872377848097,1.8518696096135168,1.0105765336564667,1.0038233883367171,1.0067274237661858
low,1000,300,13,0.0014897015450495363,0.0008399234416593024,1.773615869211331,1.0161707669082258,1.0102456191374425,1.0058650566342888
low,1000,300,14,0.0014751419002347094,0.0007770651108203879,1.8983504466920742,1.0178384683042891,1.0109484662847028,1.0068153840174539
low,1000,300,15,0.0014369478929346525,0.0007982274753196718,1.8001734309623805,1.0217663318731998,1.015146451073137,1.0065211091395383
low,1000,300,16,0.0014265144246507007,0.000749896638546869,1.9022813962934475,1.0177673477974438,1.0112968482295506,1.0063982198493162
low,1000,300,17,0.0014954453875192341,0.0007858943892158468,1.902857951449897,1.0049272510328753,0.9982181298314247,1.0067210973242728
low,1000,300,18,0.0014358282235403799,0.0007741604500535564,1.8546907471714027,1.0138269773309676,1.006816265566696,1.0069632484138757
low,1000,300,19,0.0013874337678537383,0.0007679082440451341,1.8067702471132623,1.0043990648599177,0.9980184645597037,1.0063932687888986
low,1000,300,20,0.0014058122525714355,0.0007459745065059693,1.8845312276904014,1.0211921741090557,1.0139030410144945,1.0071891816078073
low,1000,300,21,0.0014156133686215671,0.0007525047496670743,1.881201905034975,1.0134946201635755,1.006089383895028,1.007360415870684
low,1000,300,22,0.0013680134979902772,0.000735484212550612,1.8600174886774175,1.0174867195079063,1.0114258883782805,1.0059923630582006
low,1000,300,23,0.0015289124375681223,0.0008181779160845384,1.8686796691908598,1.021987462186245,1.0143404418118496,1.0075389090873041
low,1000,300,24,0.0014466751463364578,0.0007807653413369442,1.8528936541410028,1.013986129331374,1.0073348403939435,1.0066028580276538
low,1000,300,25,0.0014346650242474531,0.0007848087041088897,1.8280442313346184,1.0113462875071877,1.0040228376472469,1.0072941068522925
low,1000,300,26,0.0015202040550328709,0.0008172386306817598,1.8601715557237923,1.0182334581983543,1.0112134688926722,1.0069421437922197
low,1000,300,27,0.0015224508151085029,0.0007584964347424054,2.0071957432806466,1.0277328815331779,1.0203801580306402,1.0072058667984378
low,1000,300,28,0.0014974715283549087,0.0007921736175100786,1.8903324918364335,1.0123222407875259,1.0054115913617028,1.0068734531063677
low,1000,300,29,0.0014561531465661032,0.0007669810183051995,1.8985517396294496,1.0168193806997323,1.0098222895143572,1.0069290322248088
low,1000,300,30,0.0014189437895172846,0.0007934838906871645,1.7882452387136252,1.0160124634900287,1.0093064257230684,1.0066442039761672
low,1000,300,31,0.0013841313848338803,0.00075283635805219,1.8385554443930379,1.0210039762720935,1.014244281757502,1.0066647597981802
low,1000,300,32,0.0014715262134708004,0.0007716293997642508,1.9070375155746826,1.0187230321219163,1.0116521902485573,1.0069894000542041
low,1000,300,33,0.001428990436514131,0.0007550484406083623,1.8925811373939876,1.0170189700072239,1.0097455530770727,1.0072032175907943
low,1000,300,34,0.0014213911739078436,0.0007642152003314156,1.8599357527715124,1.0157543262739757,1.0093107264319936,1.0063841586869495
low,1000,300,35,0.0014716832467644013,0.0007836384976968574,1.8780129499631948,1.0143058733516377,1.00799301487811,1.006262799821377
low,1000,300,36,0.001476709235695349,0.0008007304274739967,1.8442027241974694,1.0150099013378855,1.0090875622913473,1.0058690041061356
low,1000,300,37,0.0013718116227149496,0.0007644839142348383,1.7944283681730275,1.014035869940689,1.0068063312009636,1.0071806647571453
low,1000,300,38,0.0013763718527544555,0.0007701455857263841,1.7871580104640765,1.010224595039211,1.00346627213947,1.0067349776344068
low,1000,300,39,0.0014771099580197088,0.0007776273742729725,1.89950869386601,1.017453616975863,1.009735196708051,1.0076440043815207
low,1000,300,40,0.0015123686551017077,0.0008094072038008571,1.8684892449682275,1.015882907861888,1.008608099292673,1.0072127207528048
low,1000,300,41,0.0014633953589587637,0.0007714252685384165,1.8970021058960003,1.016660011627466,1.0093757176359122,1.0072166328793946
low,1000,300,42,0.0014335348881139142,0.0007962825630383071,1.8002841637572697,1.0074643402030272,1.0019174516273692,1.005536273039908
low,1000,300,43,0.0014287194172313586,0.0007595083306704629,1.8811109233919048,1.0143409275676356,1.007218525633469,1.0070713571612349
low,1000,300,44,0.0014478703816379335,0.0007683176607632397,1.8844684374424405,1.015996324457617,1.0086265940443484,1.0073066984915773
low,1000,300,45,0.0014875887460443114,0.0007825152944666147,1.9010347229804565,1.0130460457871167,1.0060173851466905,1.0069866194602604
low,1000,300,46,0.001423424892089266,0.0007470950185201346,1.905279592024082,1.010481100983187,1.0042089880250424,1.0062458243582144
low,1000,300,47,0.0014783465752441485,0.0007711743520333958,1.9170069276112653,1.0167154988084444,1.0106305544560452,1.0060209384384526
low,1000,300,48,0.0014722346467058933,0.0007678464036739488,1.9173556581910478,1.0083447029240749,1.001623787212946,1.0067100200663464
low,1000,300,49,0.001413956510328023,0.0007650229537043879,1.8482537072663954,1.0142034824287727,1.0070350044832843,1.007118399969787
low,1000,300,50,0.0015594897183304687,0.000812216173620253,1.9200426794992624,1.0093986707218612,1.00266049917519,1.0067202922147769
low,1000,300,51,0.0014346491209853826,0.0007422071261451017,1.932949806662067,1.0112323373019207,1.0040800852294451,1.0071231888548424
low,1000,300,52,0.001509525773111162,0.000808354195494245,1.86740636904619,1.0081053617014848,1.00223554961388,1.005856719101479
low,1000,300,53,0.0014417364918166468,0.0007556588193134853,1.9079198905221033,1.0154396437149926,1.0085193366279164,1.0068618486882115
low,1000,300,54,0.0015321502879636622,0.0007876377773872133,1.9452473357057334,1.0141088377478866,1.0079770364078786,1.0060832748351687
low,1000,300,55,0.0014316504616214039,0.0007593766000028375,1.885297047098968,1.0180774080004005,1.0112109125592559,1.006790369205734
low,1000,300,56,0.0014098996258238002,0.0007851918993946163,1.79561152746333,1.0142194008150485,1.0071031492665998,1.007066060267641
low,1000,300,57,0.0014360932637015806,0.0007672952259284441,1.8716306516359151,1.0109265802434981,1.005215818947214,1.0056811295531194
low,1000,300,58,0.0014514567726623768,0.0007758894483624525,1.8707004918364822,1.0203790723725066,1.0131134995234397,1.0071715290068533
low,1000,300,59,0.0015345955412350723,0.0007942031657728187,1.9322455605446962,1.0162349993375983,1.0092809123120898,1.0068901402381403
low,1000,300,60,0.0013791046605905613,0.0007404259584993666,1.862582807584995,1.0160816985163152,1.0095899680917022,1.0064300662940258
low,1000,300,61,0.0014932491949362476,0.0007576913249565511,1.9707882956451641,1.0197840749306026,1.0130544731130189,1.0066428824867673
low,1000,300,62,0.001403676414547907,0.000784017616603404,1.7903633602380622,1.0197371614169282,1.0127384086628295,1.0069107211637598
low,1000,300,63,0.0013993225048491728,0.0007705035804158314,1.8161142146724036,1.0077714729612781,1.0011607614615652,1.0066030469372993
low,1000,300,64,0.0014601048304313238,0.0007789162146259894,1.8745338754212726,1.0167006064560828,1.0103906779726808,1.0062450383014843
low,1000,300,65,0.0014451832934868141,0.0008013096292376995,1.8035266777732888,1.0190334869703666,1.0122913933362625,1.0066602301259164
low,1000,300,66,0.0014516961390849581,0.0007873323884571102,1.8438161065998608,1.024374862912442,1.0183814768436008,1.0058852072677298
low,1000,300,67,0.0013763256015056353,0.0007501143299034404,1.8348211021149337,1.0115891192057906,1.0056196384759524,1.0059361218709741
low,1000,300,68,0.0014510725632123122,0.0007404046451446371,1.959837195414741,1.0115409610795436,1.0051086216986425,1.0063996460104288
low,1000,300,69,0.0014031483203253412,0.0007636893382920538,1.8373286753791795,1.0162154355780717,1.0098201222126706,1.006333121339856
low,1000,300,70,0.0014046031819119425,0.0007466985999182605,1.8810845260265672,1.0166528182603962,1.0105762930725617,1.0060129306708347
low,1000,300,71,0.001473451785340483,0.0007815473378156773,1.88530075408943,1.0172618469620984,1.009023443735724,1.0081647292513574
low,1000,300,72,0.0015142651599742726,0.0008058215135023102,1.87915702745746,1.0160318990888335,1.00814662003652,1.0078215597767197
low,1000,300,73,0.0013719704541793455,0.0007713904423319805,1.7785681269679197,1.0213348852330892,1.01464470164767,1.0065936219590514
low,1000,300,74,0.0014192104356353184,0.0007858391026754605,1.8059809327424505,1.0186237992723732,1.0116527339730585,1.006890769001273
low,1000,300,75,0.0014896590628077654,0.0007646628184006927,1.9481254050293912,1.0136973164108598,1.0070253688153146,1.0066254017050178
low,1000,300,76,0.0013834428136511115,0.0007434047640200247,1.8609550013777507,1.0107033523099223,1.005062449619847,1.0056124897435068
low,1000,300,77,0.0014396966995090126,0.0007619194617444676,1.889565461699491,1.0154443029325781,1.0089239496581288,1.0064626806377812
low,1000,300,78,0.0014709414915100713,0.000805544884193808,1.8260205239614853,1.0164962035007603,1.0100122035520374,1.006419724361666
low,1000,300,79,0.0015323772566489555,0.0007852529099587551,1.9514442254399829,1.0165701015043604,1.0081476541099783,1.0083543788055707
low,1000,300,80,0.001452874989874465,0.0007924739561413092,1.833340993246972,1.0113886663286442,1.0046395601189604,1.0067179379327693
low,1000,300,81,0.0013757261275300727,0.0007628945878534476,1.803297794261388,1.0150582858074524,1.0085725663287766,1.0064305927954038
low,1000,300,82,0.0015325928317247884,0.0008174391635471626,1.874870816164859,1.0207673968902333,1.013380049243342,1.0072898096350005
low,1000,300,83,0.001472888019790999,0.0007772313514580904,1.895044528283442,1.0165229958250497,1.0088810797496301,1.0075746450486671
low,1000,300,84,0.0015102267852267458,0.0007931156435527103,1.9041697103108222,1.0124649142255042,1.0048039976802354,1.0076242894763112
low,1000,300,85,0.0013662793995821492,0.0007720569449972323,1.7696614329232505,1.0151598191511064,1.0088191065497534,1.0062852820294401
low,1000,300,86,0.001468017160690416,0.000751901820564428,1.952405381314842,1.0088411413099487,1.0026969736315716,1.0061276415905835
low,1000,300,87,0.0014130431385338134,0.0007900148318540242,1.788628620069895,1.0190061948879447,1.0134980412452914,1.0054347945615025
low,1000,300,88,0.001562550183267332,0.0007863272631200625,1.9871499521297278,1.0160989413958357,1.0091278399361487,1.0069080459222373
low,1000,300,89,0.0014782285209079327,0.0008087799138595693,1.827726549060418,1.0189918124964765,1.012002205901436,1.0069067108295624
low,1000,300,90,0.0013913112039474844,0.0007635285110787846,1.8222125091068435,1.0169617145005752,1.0104245181099134,1.0064697523402244
low,1000,300,91,0.0014003556458999616,0.0007510588125363663,1.8645086410355598,1.0086203828240607,1.0024371433802002,1.0061682066398805
low,1000,300,92,0.0014674449933828762,0.0007783562837070759,1.885312708460294,1.014676554396315,1.0076368438790466,1.006986356801095
low,1000,300,93,0.0014612141771847042,0.0007621629073571675,1.9171940317215472,1.0220152580915707,1.014154133804849,1.0077514097953029
low,1000,300,94,0.001489460289890586,0.0007678307901150132,1.9398288126313354,1.0184118836095528,1.010932858690439,1.007398142077212
low,1000,300,95,0.0014916541781146513,0.0007750016699524957,1.9247109212114129,1.0136652568668405,1.006897504645074,1.006721391393409
low,1000,300,96,0.001413331057100126,0.0007810751363136045,1.8094687583713693,1.0114044255953647,1.0041525724831522,1.0072218637993224
low,1000,300,97,0.0014349373707674014,0.0007595476651478207,1.8891998970046713,1.018570972287314,1.0114200983620274,1.0070701323187736
low,1000,300,98,0.0013952804361804286,0.0007630304042669008,1.8286039827219949,1.0128820145858575,1.0068492633338049,1.0059917124357596
low,1000,300,99,0.001465802872543506,0.0007852139055129197,1.8667561313576202,1.0139002949794196,1.008233472681313,1.0056205456887244
low,1000,300,100,0.0013892781362823796,0.0007405797218843265,1.8759332658305965,1.0273021739643067,1.0199671716040581,1.0071914102379522
moderate,50,300,1,0.03660490965063697,0.008269861035967338,4.426302871527664,1.3661521719076049,1.0676340138923908,1.279607200717476
moderate,50,300,2,0.036464222866257064,0.008799025491357663,4.1441206076822885,1.3538772375901047,1.0659006407890266,1.2701720833828425
moderate,50,300,3,0.04187989867149453,0.01023445416469956,4.092050049522494,1.4908497411751818,1.1525179912679953,1.2935587578419971
moderate,50,300,4,0.0412864324604945,0.010107346637026563,4.084794352382119,1.5217697661782872,1.1497077695531068,1.3236144057457326
moderate,50,300,5,0.03968247405957097,0.009721002681434202,4.082137960455367,1.4345098615896,1.1156861336602812,1.2857647131306897
moderate,50,300,6,0.03773774755108448,0.009037049666465291,4.1758924586994155,1.4431641889409492,1.0930235596191549,1.3203413377876272
moderate,50,300,7,0.0397689000075968,0.009697086711077338,4.101118324761119,1.399963425995695,1.094395017217608,1.2792121710814846
moderate,50,300,8,0.03309957839527317,0.00874123569107531,3.786601753464607,1.2849675063047608,1.0784030902143988,1.1915465728582941
moderate,50,300,9,0.03777558642152903,0.00970286095433693,3.8932420653358233,1.290804234878208,1.0525710588327621,1.2263345301452921
moderate,50,300,10,0.04597001087947812,0.011608606508592379,3.959993892932141,1.549724965132258,1.188044595584434,1.3044333275805213
moderate,50,300,11,0.038893479842711666,0.009835050439156272,3.9545785843522583,1.3909264232542293,1.0957560191111977,1.269376028052717
moderate,50,300,12,0.05179783802968494,0.01220465000030185,4.244106797688083,1.497938847945592,1.1396715978475813,1.3143600759856129
moderate,50,300,13,0.04432083534598223,0.009615686082705056,4.609222364870924,1.4892976502438775,1.1322043795627286,1.3153964753422547
moderate,50,300,14,0.04447282980893779,0.009913324540489505,4.486167039855813,1.4876894137359895,1.09851330730984,1.3542752771736617
moderate,50,300,15,0.05412810475615783,0.010652505533080881,5.081255727872228,1.5929786997210997,1.1374248186456575,1.400513399749686
moderate,50,300,16,0.03892117897518537,0.008655437987380938,4.496731307177049,1.5300349995624871,1.1082706502372943,1.3805607856121498
moderate,50,300,17,0.03691270193268915,0.009323931595953489,3.9589202851626415,1.3439006551368007,1.0697082765678319,1.2563244433788223
moderate,50,300,18,0.04697815715284329,0.010856664059783432,4.327126352455306,1.5304412679521289,1.1416371234405536,1.3405671877065768
moderate,50,300,19,0.04632249497995389,0.010446465930852517,4.4342742595029545,1.4153495760148298,1.0897071675394512,1.2988347862395695
moderate,50,300,20,0.03411426382436882,0.0085971264146948,3.9681007558593504,1.3148126203724382,1.072263291086422,1.2262031455355187
moderate,50,300,21,0.03931493026418238,0.008860954197040196,4.436873206873663,1.36574900484073,1.1123999341185844,1.2277499871688575
moderate,50,300,22,0.04789947700258936,0.010583717110869976,4.525770719381223,1.5153767352980665,1.12793079717983,1.3435015154182943
moderate,50,300,23,0.046623843509393,0.011595204637512315,4.020959091878164,1.368666832916151,1.0585165249645774,1.2930046916007785
moderate,50,300,24,0.03969565396609725,0.00922375318595166,4.303633582320498,1.3645783684305313,1.0787121292540405,1.265006975840881
moderate,50,300,25,0.03389280461088079,0.008127967981526941,4.169898883449292,1.258734962926542,1.016848422653541,1.2378786600679188
moderate,50,300,26,0.0419807652222178,0.009550384683438154,4.395714582577909,1.4172460264152462,1.0929340439530282,1.296735182014475
moderate,50,300,27,0.04787613856935032,0.010064013486138643,4.75716160707565,1.4141157850157728,1.0895288759048225,1.2979149211088052
moderate,50,300,28,0.056587078073032517,0.01308213646386762,4.325522687316704,1.6962425407329424,1.1692849696133187,1.4506665054404044
moderate,50,300,29,0.03557746259303595,0.008177059542088548,4.350887065199101,1.3419349490930181,1.051862734161756,1.275770027314852
moderate,50,300,30,0.041525333885378414,0.010943305839426183,3.7945877136844977,1.4634874815255456,1.1254701216709284,1.3003343699189278
moderate,50,300,31,0.04757458072534093,0.010974877266430266,4.334862210337523,1.5258701849328333,1.1401490063523763,1.3383076917415173
moderate,50,300,32,0.04150486142181146,0.009147969179178182,4.537057417757948,1.3320610273831797,1.080920026943708,1.2323400382816208
moderate,50,300,33,0.03712377161222135,0.010372452505558606,3.5790736657821944,1.3488414778197109,1.0937108163109153,1.2332706760360577
moderate,50,300,34,0.03891250804998352,0.010426127985723807,3.7322108555798748,1.3794945822387292,1.0985714056912166,1.255716811025822
moderate,50,300,35,0.04009943074803274,0.009722929447292753,4.124212868704709,1.4642229067604537,1.1152545687210105,1.3129046478057875
moderate,50,300,36,0.052694290771672606,0.010389108613542777,5.072070447216491,1.5598851770246398,1.131053910722863,1.3791430826031168
moderate,50,300,37,0.044987373977626435,0.009792686932335875,4.593976534578695,1.3874351910505691,1.083462521663837,1.2805566997554576
moderate,50,300,38,0.04445638639992582,0.010683395570997142,4.1612599762396005,1.3338986149144205,1.0683113696043074,1.2486047166272172
moderate,50,300,39,0.03883998619125442,0.008997566363236629,4.316721280317714,1.368009015390534,1.093424975016769,1.2511228905938918
moderate,50,300,40,0.0443625945344754,0.01031281574212594,4.301695641982861,1.4871670672567274,1.114234004429252,1.3346990500604083
moderate,50,300,41,0.049466106567481995,0.0098222852421169,5.036109759404733,1.5701745554402757,1.1697332904730051,1.3423355291575434
moderate,50,300,42,0.03653326856963472,0.008740933261628614,4.179561549795866,1.4262450792629209,1.1074335029610993,1.287883268340149
moderate,50,300,43,0.03896299221915193,0.010401596075758327,3.7458666857827714,1.3911325776078047,1.1029432962939352,1.2612911128634006
moderate,50,300,44,0.042848109717652294,0.010773794737800371,3.9770675755792584,1.442313832084736,1.0891944841533607,1.3242022917567908
moderate,50,300,45,0.03778943140851438,0.009354321731896462,4.03978316029687,1.4301228787500928,1.111746607885707,1.28637485251236
moderate,50,300,46,0.03856444171826432,0.009928030456896783,3.8844000213027607,1.3242625140758324,1.0487113642418089,1.2627521348862658
moderate,50,300,47,0.03569795591279691,0.008967449339733554,3.9808371991157063,1.3274281369362895,1.0827807557905031,1.2259435992350798
moderate,50,300,48,0.034145244910558106,0.009263370542693185,3.6860497756393205,1.291718692728911,1.0846330425504902,1.190926923719255
moderate,50,300,49,0.03571106859153176,0.009072731362997317,3.936087950005615,1.3798089123212005,1.1092843472459935,1.2438730572074104
moderate,50,300,50,0.03984585244039967,0.009663295829523563,4.12342260273783,1.3132143958620306,1.0439197087800938,1.2579649419557657
moderate,50,300,51,0.03385075362933898,0.008711984938606586,3.885538584821423,1.3917477160920964,1.1169086636273957,1.2460711975965009
moderate,50,300,52,0.045917058603919904,0.011186237862899228,4.104781175466549,1.547554553934991,1.1016764164442647,1.4047269514308278
moderate,50,300,53,0.042671947619745805,0.009938702039322003,4.293513121825795,1.3919594116852205,1.0826477360162572,1.2856992772248486
moderate,50,300,54,0.04109578921635827,0.00982277447418466,4.1837252116866335,1.327759136160081,1.0642986030877588,1.2475438117723414
moderate,50,300,55,0.04404015357275209,0.010262690330466367,4.2912873870910975,1.4724824121238376,1.0789733581741718,1.3647069234550497
moderate,50,300,56,0.034660417323401596,0.00811167062263029,4.272907386883346,1.3747217525797262,1.1104062643038577,1.2380349397988804
moderate,50,300,57,0.03468438449774267,0.008894302832530475,3.899618120813949,1.2953416731642924,1.0608314858043375,1.2210626197450634
moderate,50,300,58,0.039911085391076656,0.009557385307577387,4.175941861361802,1.3974419209435753,1.0864439937352683,1.2862530687284441
moderate,50,300,59,0.04395245171139178,0.010834696310774215,4.056639009594083,1.4428302416811805,1.1262259345630299,1.2811197091114683
moderate,50,300,60,0.0436984259363742,0.011540997362274335,3.786364779808141,1.3750570106528486,1.1098113802185814,1.2390006402547666
moderate,50,300,61,0.04207449160713838,0.010080620381670603,4.173799827205239,1.4004746763518094,1.0855231115733874,1.2901380554872963
moderate,50,300,62,0.03907854440064369,0.00894038920226676,4.371011542845993,1.4012079973687765,1.0989391440380047,1.2750551338266993
moderate,50,300,63,0.03811857301369132,0.009670538809226721,3.9417217350208196,1.3557254709507947,1.0773563709715421,1.2583816344151972
moderate,50,300,64,0.034295249163564745,0.00875086994497383,3.919067404637026,1.3280741035368353,1.0811892073099747,1.2283456906133168
moderate,50,300,65,0.036272129817626945,0.008934999398086979,4.059555932974429,1.335103796188233,1.094646468844477,1.2196666542007721
moderate,50,300,66,0.04298581406723449,0.010553310143092829,4.073206745977122,1.5937023660384342,1.2026600087366002,1.3251478842408886
moderate,50,300,67,0.04315421546862306,0.009916553060153046,4.351735447473827,1.3947466454036297,1.0717673631115714,1.3013520409451356
moderate,50,300,68,0.04488464241081745,0.009913387973514277,4.527679389804607,1.3222271578093254,1.0552489741639022,1.2530001830676558
moderate,50,300,69,0.04014847121707403,0.009510473547353047,4.2215007504277375,1.4230600811126386,1.1163967970501594,1.2746902220364404
moderate,50,300,70,0.04258468842403457,0.010775771228488874,3.9518924001884526,1.3603127968653383,1.072433367234968,1.2684357261025958
moderate,50,300,71,0.03974723792599989,0.010402125319912546,3.82106893577918,1.4054799606311166,1.0925711168996461,1.2863967744446712
moderate,50,300,72,0.04642260385634117,0.011260990548162814,4.122426322781599,1.6102971083342286,1.1394281098732153,1.4132502914233063
moderate,50,300,73,0.04662241864137513,0.011624475918567342,4.010711447808746,1.4532166978697634,1.1333385021928573,1.2822441795262272
moderate,50,300,74,0.034497983575426105,0.008586223153967534,4.01782983703204,1.3810012496121151,1.073135894043464,1.2868838488000307
moderate,50,300,75,0.043751630878238135,0.009214581611278359,4.748086535441556,1.4339563516648048,1.0833701787884416,1.3236069994731
moderate,50,300,76,0.037847674601194106,0.0095464759656192,3.9645702495349284,1.3296512663016082,1.109758229820991,1.198144992820722
moderate,50,300,77,0.03967116543645428,0.008872278107799846,4.471361802959979,1.5544134669164353,1.165364464645373,1.3338432001952731
moderate,50,300,78,0.04294200807584392,0.010140812128908301,4.234572885284957,1.3820590835316833,1.0775647398525152,1.2825763802561354
moderate,50,300,79,0.03605103498155974,0.008628078181417382,4.178338932904458,1.3198087222350499,1.090198521922746,1.2106132008942263
moderate,50,300,80,0.03266586952629344,0.009187732379021466,3.555378865940858,1.2800144323860145,1.0726871718807443,1.193278400208481
moderate,50,300,81,0.0406738113335171,0.009384513011803276,4.334141929619579,1.3969434390961246,1.0478639969804249,1.3331343028500109
moderate,50,300,82,0.04323124587967165,0.010193807892040049,4.2409319792488205,1.462597151943122,1.092389412963551,1.338897223450044
moderate,50,300,83,0.03761065462112862,0.009084378669728482,4.1401460670565315,1.3707187368528397,1.095114168127686,1.2516674304345403
moderate,50,300,84,0.04258712419681796,0.010184118822532066,4.1817190999966725,1.340571963805354,1.0570087748212995,1.2682694748981571
moderate,50,300,85,0.03751845874085023,0.009721169244076872,3.8594594743539012,1.3405392630492214,1.0746775185247788,1.2473874626961527
moderate,50,300,86,0.04607852181553319,0.010950041624811703,4.20806818771573,1.5025787084991182,1.1020673871552185,1.3634181775197478
moderate,50,300,87,0.036488600964642695,0.00899871157264888,4.054869485488114,1.3518028680074043,1.1420512549425332,1.1836621711653612
moderate,50,300,88,0.0393982422030388,0.009139248302216995,4.310884320046496,1.432887420690131,1.1002459591539042,1.3023337270804702
moderate,50,300,89,0.041922380871480106,0.01063733411666085,3.9410608345768403,1.4297933279077317,1.100092531500729,1.2997027858713213
moderate,50,300,90,0.04272587290362828,0.009986097805383556,4.278535393534254,1.358172955593986,1.070463513909947,1.2687708996574383
moderate,50,300,91,0.037215374696360104,0.009106449130331965,4.086705384692953,1.3307450597880488,1.0804964547175355,1.2316052070119319
moderate,50,300,92,0.03866950557352847,0.009211706126750764,4.19786574185561,1.3725172185593353,1.0841897196219235,1.2659382336128007
moderate,50,300,93,0.03750477122985365,0.009809701041977875,3.823232845665985,1.4179561541543246,1.1237073057854856,1.2618554198712406
moderate,50,300,94,0.03586161084737193,0.00890398374737423,4.0275916786064965,1.2669447905723925,1.0305839996543615,1.2293464588983547
moderate,50,300,95,0.04339218899260054,0.010544698619097593,4.115071521723018,1.4174939884131015,1.0958792094675183,1.2934764855169159
moderate,50,300,96,0.040303090942437614,0.010254193089502648,3.9304010165067416,1.5419310533307058,1.1587685968988057,1.3306634797123014
moderate,50,300,97,0.046100350900636765,0.010730828276368202,4.296066409166246,1.4982266771039912,1.1158093692552422,1.3427263817510307
moderate,50,300,98,0.03692215752078371,0.009559004549375728,3.8625525628811417,1.4088233708900677,1.1020527624080276,1.278362905067934
moderate,50,300,99,0.03893802852285442,0.01012262082520486,3.8466350953204254,1.3920306653777552,1.1079119634635346,1.256445197167123
moderate,50,300,100,0.04552405925969557,0.009721740480637397,4.682706697464817,1.5503743059388682,1.1241883251917626,1.3791055032299924
moderate,75,300,1,0.024371684036979816,0.006755730751561093,3.6075570405685697,1.294912640455811,1.0809011726194293,1.1979935569111757
moderate,75,300,2,0.023806604728749115,0.0059601118717529,3.994321791437695,1.2209222364086638,1.0499209352156798,1.162870646214761
moderate,75,300,3,0.02075141457445936,0.005923639674299371,3.5031527431509026,1.1409629679471964,1.010902571822719,1.1286576963494817
moderate,75,300,4,0.028126547549524174,0.006469421215565764,4.34761420107416,1.2543908921105655,1.0489722689499832,1.1958284591891124
moderate,75,300,5,0.023700048217963256,0.0066426517857183275,3.5678594908313963,1.212015464530305,1.0527062663706217,1.1513330007134164
moderate,75,300,6,0.02543634044614221,0.0064229414886531255,3.9602323158444572,1.2549161596294782,1.0781316477594842,1.1639730289314651
moderate,75,300,7,0.026253589236124798,0.006194517709458222,4.238197462255856,1.3360624991282435,1.0846930288288417,1.2317424963731987
moderate,75,300,8,0.02579226558353817,0.006217133144402826,4.148578610827804,1.2153268634482621,1.0458854405407454,1.1620076313710914
moderate,75,300,9,0.027203738147768428,0.006502722837454229,4.183438050147391,1.2877814253581075,1.0761131938533326,1.1966969949943982
moderate,75,300,10,0.02272839810888149,0.006404469542867419,3.5488338193744453,1.2366702804659444,1.0735541802395818,1.1519402590281569
moderate,75,300,11,0.023633019632617523,0.006416501889426261,3.683162576724605,1.2090935063810304,1.0560445642400085,1.1449265943158042
moderate,75,300,12,0.021265544370842424,0.005642929570643073,3.7685291132242473,1.2266452930704432,1.069245174103547,1.1472067611610781
moderate,75,300,13,0.024788358987624482,0.006244317667263621,3.969746625412671,1.2732486207059686,1.0896989774730639,1.168440685939289
moderate,75,300,14,0.025659729528865596,0.006330230382143328,4.05352222270583,1.3409968278651812,1.1150770756710993,1.2026046065543174
moderate,75,300,15,0.022742418120462196,0.005898665853575468,3.855518974121396,1.2535484303484792,1.0855598410242477,1.1547483454857088
moderate,75,300,16,0.02414238345062531,0.006422179164080141,3.7592198588379406,1.2299322334381033,1.0569803463948138,1.1636282903775836
moderate,75,300,17,0.02459124574109354,0.006392261047583688,3.847034024117206,1.2370097644227445,1.0564915939659199,1.170865694992598
moderate,75,300,18,0.02428718167700693,0.006406539617446471,3.7909984371075125,1.2858766348350448,1.093721529950516,1.1756892404716788
moderate,75,300,19,0.027234114011193657,0.0066450957088907215,4.098377992472873,1.3311194497403576,1.075413593047995,1.2377744324094204
moderate,75,300,20,0.023167860808236768,0.006242983372492541,3.7110239489532533,1.2693653286661484,1.090568973917656,1.16394777315753
moderate,75,300,21,0.023290582060358608,0.006157435361827701,3.7825134478464593,1.1986245707897325,1.0642087193077014,1.1263059107140867
moderate,75,300,22,0.027563743464625867,0.006480177580489888,4.253547549007462,1.330158953834759,1.0844659281499307,1.2265567034493872
moderate,75,300,23,0.021813060665734317,0.005801462465828613,3.7599244663248537,1.2315583710808558,1.0980289784679664,1.1216082591911165
moderate,75,300,24,0.02134760835871114,0.006027686452984403,3.5415923713386923,1.2215204010816973,1.0518179490862993,1.1613420384609487
moderate,75,300,25,0.02337892077886887,0.006051825727427087,3.8631186408615137,1.2426152432027624,1.0547051389058546,1.1781636377460385
moderate,75,300,26,0.027250871599246683,0.006730401685379268,4.048922021763558,1.2252418306052357,1.0611208559339174,1.1546675609602184
moderate,75,300,27,0.023789601888430344,0.006439935381441974,3.694074626429494,1.27142259195579,1.0619560070931036,1.1972460096874071
moderate,75,300,28,0.01925502006715448,0.00553690620310349,3.4775774341927366,1.1508396285266744,1.0225978014730706,1.1254078845748243
moderate,75,300,29,0.022506023901485425,0.006146281834457762,3.6617298893308807,1.2641498000896565,1.099587141395083,1.1496585877548433
moderate,75,300,30,0.023277151277766597,0.006443559312378206,3.612467915527793,1.2509721025748004,1.0558081878333347,1.1848478890298901
moderate,75,300,31,0.02558797856809096,0.006448392894712479,3.968117170570122,1.2755342839685282,1.0860996908887568,1.1744173160796656
moderate,75,300,32,0.024769777729141206,0.006616382613500484,3.743703950645084,1.257644615295569,1.0742018224647232,1.1707712545208142
moderate,75,300,33,0.02253594288928978,0.005930506690462443,3.8000029450320874,1.3075132968887302,1.093681672796055,1.195515413132967
moderate,75,300,34,0.02153149170821797,0.0063507851502983,3.390366891439655,1.1806302999978449,1.0364393790227833,1.139121422722295
moderate,75,300,35,0.021205975245568436,0.006157202942626549,3.4440923002161687,1.1524242043049857,1.007430118664304,1.1439247079816528
moderate,75,300,36,0.024117404975429264,0.006637007535312828,3.6337769464793164,1.3026736003051549,1.0963345069200767,1.1882081537000462
moderate,75,300,37,0.020494342195261344,0.0060925404701808565,3.363841782515557,1.1673020110809635,1.0391629129476467,1.1233099223776595
moderate,75,300,38,0.021961324185109043,0.006176212769110684,3.5557913896595346,1.2635994225275051,1.0581698336102119,1.1941366899644252
moderate,75,300,39,0.026276608678617495,0.006430625759727368,4.08616667497247,1.2942442339323128,1.0998395351174814,1.1767573292353648
moderate,75,300,40,0.023909577890509168,0.006283065734361646,3.805399927578246,1.2360372479893464,1.0605755709533586,1.1654400514602312
moderate,75,300,41,0.02710579127704547,0.006434379517875422,4.212650373162256,1.286156108448173,1.0618607227261503,1.211228630009199
moderate,75,300,42,0.02689091417708559,0.007165419193799666,3.752873830515689,1.2994192934478006,1.0785329367491554,1.2048026065522177
moderate,75,300,43,0.023916446158597324,0.006453007487436262,3.7062480099646025,1.2212812212609752,1.0460335503974199,1.1675354206344275
moderate,75,300,44,0.02509377373786662,0.00702664258744593,3.571232409444038,1.2821209092462542,1.1136646576396632,1.1512629950595925
moderate,75,300,45,0.025913687532812896,0.006957651502310404,3.7244877131612335,1.202409352058772,1.0400365231808721,1.156122237304989
moderate,75,300,46,0.028449284253796885,0.0064021830281869325,4.4436849319276,1.3029884446895221,1.06897974940478,1.2189084455669446
moderate,75,300,47,0.024073093708262622,0.006152358743023837,3.9128234736895204,1.307396337168524,1.1159277937402106,1.1715778964394963
moderate,75,300,48,0.024984232093723992,0.006212579413922875,4.0215553684082295,1.214951181466448,1.0547472072694188,1.1518885028496761
moderate,75,300,49,0.024227342908377626,0.0064065767151504655,3.781636275592248,1.2185979362802877,1.025045668040274,1.1888230683517302
moderate,75,300,50,0.022700051350559042,0.0061446636885340074,3.694270752835102,1.239246832468153,1.081883321093537,1.1454533111903022
moderate,75,300,51,0.029453814479881515,0.006703638750139023,4.393705504979767,1.2807689960283373,1.0730163613359243,1.1936155329763634
moderate,75,300,52,0.02495313144392347,0.006006900947445715,4.154077395688399,1.2000799237786628,1.0510399934346173,1.1418023398491324
moderate,75,300,53,0.022044867350443902,0.006178199543685879,3.568170175560898,1.1949568406920192,1.0577069417177294,1.1297617454901017
moderate,75,300,54,0.025111420599793908,0.00627098755534029,4.004380550621465,1.2555729353774132,1.0718621532601678,1.171394037524762
moderate,75,300,55,0.026825568459748605,0.006665613030588539,4.024471318188726,1.251331871924826,1.055705697899921,1.1853037019825292
moderate,75,300,56,0.0243558029131494,0.006539554041323965,3.7243828492345403,1.250707377876843,1.0813389250797336,1.1566284620565386
moderate,75,300,57,0.0206279520274314,0.0057289638563625695,3.600642724342214,1.1934879668935745,1.050498882848312,1.1361154080026847
moderate,75,300,58,0.024326232819516805,0.006417071866680251,3.790861833078007,1.2462662043069734,1.0583937428190486,1.1775071543672617
moderate,75,300,59,0.024252149471657325,0.006553062426596405,3.700887904444037,1.311403617129761,1.0896358257750542,1.20352468789007
moderate,75,300,60,0.02157844387538187,0.005816824075456998,3.709660735044073,1.2297477876457834,1.073670770375476,1.1453676691000216
moderate,75,300,61,0.02417264724936947,0.006236799809642375,3.8758093873716235,1.2221371467372022,1.0577390698441391,1.1554240375344058
moderate,75,300,62,0.024526770359596255,0.006026522539191885,4.0698048003791465,1.2587294378604876,1.05938078460848,1.188174692375303
moderate,75,300,63,0.02197593765577479,0.005768517627694463,3.8096334403606633,1.2445260440343586,1.0682285872686161,1.1650372016503718
moderate,75,300,64,0.027168873196055234,0.0070447734544888795,3.8565999845947383,1.3177902937886872,1.1053808152287194,1.192159548667413
moderate,75,300,65,0.020569226424400816,0.005546713096336955,3.708363145370673,1.224870354235337,1.0737879802566759,1.140700377315219
moderate,75,300,66,0.022115424523271646,0.006106870308410889,3.6214007185992547,1.2594853586744308,1.080728231657897,1.165404328100424
moderate,75,300,67,0.02726122253631251,0.007074325329581131,3.8535438032967364,1.3076068286968408,1.0844311154769377,1.2057998060317086
moderate,75,300,68,0.020910904639822297,0.005918842764773589,3.5329380202959646,1.2069992848033062,1.063641149434533,1.1347805464700074
moderate,75,300,69,0.02308624219862413,0.006106081393365571,3.7808605407238725,1.2550932375317638,1.0692282972296012,1.1738309215943346
moderate,75,300,70,0.02397379580293358,0.00633102104189657,3.7867187052898825,1.2816619704944154,1.0622996700646152,1.206497569952608
moderate,75,300,71,0.0214231260442516,0.005785479004704359,3.702913108289178,1.1854142792116618,1.0440643531419909,1.1353843042761633
moderate,75,300,72,0.02333396659113994,0.00597407576200285,3.9058705514837775,1.25661620259224,1.0840446583162744,1.159192283225676
moderate,75,300,73,0.02449247967743503,0.006290523081998323,3.8935521510962254,1.2451860171580467,1.0600891235396683,1.174605030377384
moderate,75,300,74,0.02536880832130562,0.0062237992313395165,4.076096830624406,1.2278575173184019,1.045173364004404,1.1747883744511767
moderate,75,300,75,0.02381242686106187,0.0063598279090801004,3.7441935853428068,1.281492242213211,1.059893881354689,1.2090759884143203
moderate,75,300,76,0.02768891896482023,0.006773069350649573,4.088090278030996,1.3008995018295146,1.0805206892139545,1.2039561248714996
moderate,75,300,77,0.0267307222347605,0.0065170769632949,4.101642866167104,1.2739068334798345,1.0875696540166966,1.1713335589816642
moderate,75,300,78,0.02489814848848356,0.006585734541257224,3.7806182943612052,1.2402582150480763,1.0908151527561043,1.1370012709434612
moderate,75,300,79,0.023869395753162662,0.006364729963755165,3.7502605592209313,1.1943249135765885,1.0528745414779397,1.1343468443069127
moderate,75,300,80,0.024291536617660047,0.006258207412200127,3.881548663648421,1.2016988339887602,1.0569120550623428,1.136990375152715
moderate,75,300,81,0.02427632903084671,0.00670418094317714,3.621073064197765,1.2438001173101176,1.0657588041838655,1.167055915866998
moderate,75,300,82,0.025939931989642857,0.006250713177186433,4.149915578324284,1.2257793567895217,1.0499904851549489,1.1674194901000758
moderate,75,300,83,0.027230399046430067,0.006812638014691008,3.9970418195872868,1.2754051846749566,1.0893572468169908,1.1707868914459256
moderate,75,300,84,0.02151098565278563,0.0060997625219851295,3.526528381269672,1.2516826705374777,1.1010340821213307,1.136824636823137
moderate,75,300,85,0.02603841623159216,0.006385976732672677,4.077436752685206,1.262414750586262,1.0559404745422318,1.19553590474268
moderate,75,300,86,0.026370959350839353,0.0066961577442059775,3.9382225386875787,1.2706508836845525,1.0727825836667013,1.1844439898917356
moderate,75,300,87,0.022397068577209696,0.006180687092664558,3.6237182438488547,1.184938895936933,1.0625843328842004,1.1151480962650957
moderate,75,300,88,0.02415694566159805,0.006453614431042515,3.743165309876708,1.3255358773428636,1.101242889305363,1.2036725868704399
moderate,75,300,89,0.02312025296850841,0.006443981529509545,3.5878831841201917,1.2176175373242375,1.0661343308148412,1.142086416440242
moderate,75,300,90,0.0274947447736641,0.006623029640954679,4.151384829028315,1.3059323527849054,1.0606819651567414,1.231219532041277
moderate,75,300,91,0.024275868595884362,0.006663230286072214,3.6432582326663514,1.2808193425821464,1.0903204102405226,1.1747183034935575
moderate,75,300,92,0.024221213744761657,0.0061513533848259186,3.937542233309217,1.1987998897112169,1.0432449498832956,1.1491068227508052
moderate,75,300,93,0.027547589589359746,0.0069457157170602175,3.9661268487704957,1.2476305255918878,1.0515633801932507,1.1864529985464167
moderate,75,300,94,0.021231491939605267,0.005327514590142379,3.985252706560462,1.1892835800757062,1.0296945168774696,1.1549868049042231
moderate,75,300,95,0.02473336399034442,0.006599998903814336,3.7474800148906495,1.2190055305217333,1.027109155742486,1.1868315297418681
moderate,75,300,96,0.022415562537801567,0.005724800762765097,3.9155183676601486,1.213920156895647,1.0313394838781147,1.1770325638372534
moderate,75,300,97,0.02439780312987792,0.006595842318731332,3.698967008442779,1.2072472957177458,1.054721315846888,1.1446125887276557
moderate,75,300,98,0.028396469707913315,0.006474668242759854,4.385779879867513,1.2498475792894985,1.0631556876597053,1.1756016487488798
moderate,75,300,99,0.02365429072115362,0.006359233805069131,3.719676213555491,1.1699474673310024,1.0458344442922751,1.118673680825951
moderate,75,300,100,0.023406791624295608,0.006107842787700783,3.832251817520468,1.20121605974942,1.0522099144235217,1.1416125654048173
moderate,100,300,1,0.016244271696958003,0.005072090765076644,3.202677643074973,1.17573461017304,1.072290723898553,1.0964700001305554
moderate,100,300,2,0.01777008968228902,0.005346877650515978,3.3234517121546987,1.1781418923324405,1.0574552903232786,1.114129271576358
moderate,100,300,3,0.016251598824510622,0.0050796743131017175,3.1993387415791186,1.1477450616247629,1.0426941226033928,1.1007495263894644
moderate,100,300,4,0.015517870234058132,0.005215167292314322,2.9755268362967136,1.106128481154916,1.0098681233775513,1.095319730912406
moderate,100,300,5,0.016491179344102786,0.005139452857104818,3.2087422149043077,1.1643064379450951,1.0576104467583132,1.1008840178477968
moderate,100,300,6,0.016158683265933064,0.005243110249533787,3.081888897409678,1.1235128005927277,1.0383816968005046,1.081984403283043
moderate,100,300,7,0.017147819588272963,0.005055073021978265,3.3922001746994135,1.1572865624769155,1.0487016848076753,1.1035421981696862
moderate,100,300,8,0.0174789113284071,0.00532211789422583,3.2842022059245704,1.1732182824454944,1.059747109936282,1.10707382114591
moderate,100,300,9,0.016198013957810405,0.005104066426033446,3.1735507741811393,1.1832725736134149,1.0839288432772707,1.0916515239466986
moderate,100,300,10,0.018204783013542173,0.005427637315229183,3.3540898103972654,1.17825147015305,1.053891277212427,1.118000969957318
moderate,100,300,11,0.016791134577490163,0.005137665840090399,3.2682418631560353,1.1362782833400986,1.0233157753235294,1.1103887096637939
moderate,100,300,12,0.015342092928634534,0.0049985503190810325,3.0693084893171845,1.1755918054922263,1.066018726128207,1.1027871993975096
moderate,100,300,13,0.01682968376303881,0.00526449991727648,3.1968247749057666,1.1694351081958232,1.0643754049201732,1.098705496942152
moderate,100,300,14,0.01712699757192609,0.005239158689737267,3.2690358483462876,1.1819179969832108,1.0735246365165416,1.100969606825599
moderate,100,300,15,0.01591555056739069,0.005126313419095446,3.104677624295363,1.2048878231245828,1.074278816148214,1.121578313760912
moderate,100,300,16,0.015474443954057896,0.005001521524962632,3.093947287205469,1.1822382374951588,1.0488272440439719,1.1272001601872899
moderate,100,300,17,0.01829376292490352,0.0052820397252805315,3.4633898789793616,1.1793239659605195,1.0502317428799564,1.1229178454714814
moderate,100,300,18,0.01801890620970747,0.00516777698714089,3.486780922347147,1.1748551439681332,1.0457466469103645,1.1234605890817024
moderate,100,300,19,0.015054700875341609,0.004745846896405197,3.1721842705766563,1.1304279337619534,1.041931925798797,1.0849345391689682
moderate,100,300,20,0.016950997635951117,0.005149795172743576,3.2915867655606967,1.133581521430142,1.0394316918484894,1.0905781787490236
moderate,100,300,21,0.016529127221072647,0.005084639354077702,3.2507963829955546,1.1748338498798285,1.0594342302385713,1.1089257042556295
moderate,100,300,22,0.017097291064861724,0.004961105463101732,3.4462664001043692,1.2008980304446184,1.0583963034034938,1.1346392902005427
moderate,100,300,23,0.015334640314895566,0.00482217853899517,3.18002334233169,1.1438196432358447,1.0526002382253412,1.0866610149778204
moderate,100,300,24,0.018753594613064438,0.005428486897263315,3.454663328471653,1.2040607450204712,1.0494138088491467,1.1473650669233333
moderate,100,300,25,0.017780029647534456,0.005194298992094631,3.4229892569901055,1.185630627045077,1.0672224852588625,1.1109498192005332
moderate,100,300,26,0.017063587635299766,0.005383674907522484,3.1695055753565673,1.1555510332811894,1.0478682086128663,1.1027637099620284
moderate,100,300,27,0.018139781029196958,0.0053321524763330595,3.401962173758345,1.1867732906669177,1.0648252941658805,1.1145239478900282
moderate,100,300,28,0.01786866201525967,0.005276141677593366,3.3866910911706594,1.2184404460080887,1.0697678763567564,1.1389764760535317
moderate,100,300,29,0.016506046936078426,0.005022796928938735,3.286226214119706,1.1451519723541368,1.0311759253352495,1.1105301667916967
moderate,100,300,30,0.01680738236804772,0.005180331309535448,3.2444608971457733,1.186673022358918,1.059486111657122,1.1200458498723171
moderate,100,300,31,0.01681846570379264,0.004850012920052393,3.467715649633972,1.1480042756135571,1.0568108729128678,1.086291128373173
moderate,100,300,32,0.01594283729858999,0.005115259789280853,3.1167209399605826,1.1714267251420298,1.056007136996356,1.1092981137172675
moderate,100,300,33,0.018197358952325986,0.005252033127526073,3.4648218148040706,1.1942616082706146,1.078918708044065,1.106906015593752
moderate,100,300,34,0.01501966773186893,0.004968827253389309,3.022779212463826,1.1631011176227208,1.0555298152237649,1.101912140090663
moderate,100,300,35,0.019697127323802414,0.005694602760816876,3.4589115608437826,1.179595646778419,1.051160895586439,1.1221837225216855
moderate,100,300,36,0.015846697187620766,0.0049506978125286915,3.2009017289477164,1.1730293717921834,1.0549957326781954,1.1118806791894311
moderate,100,300,37,0.018570321776459803,0.005296043225761618,3.506452078436204,1.1722684274812074,1.0358680590316123,1.1316773572274348
moderate,100,300,38,0.017659081704089287,0.005546980089021901,3.1835487816223824,1.2107608651272668,1.073884596438537,1.12745901109176
moderate,100,300,39,0.01789358490835508,0.005339136831706988,3.3514003241295987,1.2200500718053877,1.0698561196520378,1.140387057095303
moderate,100,300,40,0.01692913851222986,0.005337205759493988,3.1719104106330884,1.1667131606325747,1.0451208572197752,1.1163428158311361
moderate,100,300,41,0.016465775064395796,0.005357428658744096,3.07344737806658,1.1572142662545346,1.04975883303337,1.1023620186273286
moderate,100,300,42,0.017372580014932762,0.0055257201808335595,3.1439485617080405,1.1939640954932293,1.071288804657868,1.1145118760711212
moderate,100,300,43,0.01638842952050263,0.005032461204755915,3.25654363813372,1.1209274940417477,1.020854093542755,1.0980290926313472
moderate,100,300,44,0.016687589988326448,0.005316040371193834,3.1391014407550264,1.2040449505203876,1.0628365528969161,1.132859937154577
moderate,100,300,45,0.016304432533480538,0.0053364418805193015,3.055300310305997,1.1549023475062157,1.062573741386904,1.0868914810550478
moderate,100,300,46,0.01913817909567414,0.005591040670434123,3.4230083849824924,1.1761085269850022,1.051656099526221,1.1183394719194306
moderate,100,300,47,0.01929084819966197,0.005411644125243569,3.5646926799337013,1.176012168447039,1.0517772959819247,1.1181189905312896
moderate,100,300,48,0.01604724921687142,0.005065774963855832,3.1677777499727306,1.1747002467672556,1.0459374529666265,1.1231075466658307
moderate,100,300,49,0.016626358434581306,0.005079913157499649,3.2729611548644777,1.1491268238047991,1.0413149994380906,1.1035343046291328
moderate,100,300,50,0.01765260093839918,0.005663447464153129,3.116935585636057,1.1690037141482845,1.047862174480683,1.1156082761815873
moderate,100,300,51,0.016153873795132587,0.005099097599545768,3.167986781930118,1.142961515199705,1.0369537071265125,1.1022300295033896
moderate,100,300,52,0.016147465444020792,0.005123786657404477,3.1514710747540193,1.1631319201587447,1.0459160469153197,1.1120700591497046
moderate,100,300,53,0.019141787484876324,0.005468792665740145,3.500185261144048,1.1445316976824476,1.0433216457606358,1.097007526234179
moderate,100,300,54,0.015916541459089047,0.005251459155896459,3.030879796754696,1.1520081634029469,1.0444822492487942,1.1029466170741407
moderate,100,300,55,0.017576442314824327,0.005254404485147812,3.3450874146644387,1.1971561238025965,1.0599048577949497,1.129493949384464
moderate,100,300,56,0.01813898158448007,0.005455438348687404,3.324935674297257,1.1534008610956266,1.0346970974788103,1.114723201510911
moderate,100,300,57,0.016125817244036167,0.005056101219728362,3.1893778512809368,1.1543886463572877,1.0597097029558524,1.0893442261945387
moderate,100,300,58,0.01642601907982211,0.005200236283214702,3.1587062943354973,1.1356787321848152,1.0260799130668,1.1068131416688987
moderate,100,300,59,0.01580478470149442,0.005066628132339284,3.1193891259979414,1.1180447557520652,1.0294594981429106,1.086050260130639
moderate,100,300,60,0.017738282888283788,0.005433466788239803,3.2646344552388786,1.155729080525506,1.03244269578972,1.11941232693935
moderate,100,300,61,0.016565988607898936,0.005095273817972045,3.2512459977062265,1.1281736907065425,1.0412893949946183,1.0834391439397817
moderate,100,300,62,0.01883576679430652,0.005486353198275753,3.4332034620421834,1.2155333393775076,1.0456787566514274,1.1624347646403421
moderate,100,300,63,0.01715302046439212,0.005103911833658091,3.36075955530332,1.2046220906190963,1.0866491783849244,1.1085657768678516
moderate,100,300,64,0.017841285741363653,0.0049393536502159874,3.6120689071501273,1.1748456611065685,1.0391864871642573,1.1305436277491439
moderate,100,300,65,0.01681196059808569,0.00520325271880936,3.2310482512816914,1.1776962539332303,1.050608405016004,1.120965954879535
moderate,100,300,66,0.01753111738605059,0.005368302413126673,3.265672467181278,1.1863475531983838,1.0370294861566756,1.1439863273271953
moderate,100,300,67,0.016920796870262385,0.005008043205451073,3.3787242194405818,1.1022626216145688,1.0042893328294185,1.097554843591863
moderate,100,300,68,0.016108806245713363,0.0049300939113567175,3.2674440964716562,1.136870238479958,1.032564182132565,1.101016535487381
moderate,100,300,69,0.01687188495895389,0.005252834909603905,3.21195797113413,1.1728573872776507,1.0377320964499146,1.1302121147548585
moderate,100,300,70,0.018111850003045837,0.005383812456351161,3.3641309295013984,1.1516314118779074,1.0288873511528218,1.1192978615079254
moderate,100,300,71,0.017500519663458225,0.005402009676206615,3.2396313062044335,1.2012829043330517,1.0701671934349923,1.1225189033100593
moderate,100,300,72,0.017656604532300287,0.005490523118856231,3.2158328359754647,1.1520662278759044,1.035196010698618,1.1128967035898976
moderate,100,300,73,0.016956236906490795,0.005154807795675468,3.289402355741745,1.155990995527189,1.0511730639488868,1.0997151993074652
moderate,100,300,74,0.017881061440584,0.00525856017536449,3.400372125501939,1.2219619946672573,1.080153349444207,1.1312856598519256
moderate,100,300,75,0.016097793654151538,0.005026897483175568,3.202331797700063,1.1834451357033746,1.061110943243964,1.1152887860014127
moderate,100,300,76,0.015700069483341825,0.0050395316528135895,3.1153826515954943,1.1692969971561535,1.0688915083954729,1.0939342187416201
moderate,100,300,77,0.016634935434014,0.005181247944156862,3.2106040114860748,1.1909880750465875,1.0742305674027999,1.108689429612933
moderate,100,300,78,0.018266262895593622,0.005200664729210304,3.5122938790878884,1.1889648496756244,1.0571292811972497,1.1247109230850787
moderate,100,300,79,0.016875156581613874,0.005192560812262351,3.2498717283700955,1.1634935024721635,1.0298294356963578,1.129792431778204
moderate,100,300,80,0.016284310769259062,0.005048197382222858,3.2257674445543647,1.160558696284205,1.0459361261282742,1.109588499041741
moderate,100,300,81,0.016511840497556468,0.005145320018959868,3.209098838694654,1.2016072766975914,1.0745031456882994,1.1182910738971101
moderate,100,300,82,0.016698312790247694,0.005171323416331804,3.2290211703858924,1.165407897689117,1.0492529872727039,1.1107024824569063
moderate,100,300,83,0.017483271367416273,0.005253335512186806,3.328032509413912,1.1571221705072503,1.0399014460193732,1.112722917096216
moderate,100,300,84,0.016589158697988042,0.00526589636711129,3.150301020277835,1.1519388376383979,1.032852855056806,1.1152981104699975
moderate,100,300,85,0.016839529283408407,0.005240713549282156,3.21321307204722,1.1706463426851446,1.0661703121864265,1.097991877380703
moderate,100,300,86,0.015699429231111915,0.005045429106275525,3.111614275103955,1.1439272221340242,1.056219113038744,1.083039691303203
moderate,100,300,87,0.018737973433936933,0.005222131339892595,3.5881850176373242,1.1739994944855907,1.0440041970750733,1.12451606782302
moderate,100,300,88,0.01618270526930543,0.005347937644797189,3.025971195653148,1.1300453000021875,1.0367970603826475,1.089938757720942
moderate,100,300,89,0.016277737078021586,0.004924076157584369,3.3057443786586447,1.1494453770219144,1.0479697115317597,1.0968307236111179
moderate,100,300,90,0.016623461897381824,0.005037733865182382,3.2997896161749707,1.1332382223764899,1.0271420819945107,1.1032925651103311
moderate,100,300,91,0.01600495614862545,0.004716218058328179,3.3935996916773052,1.098144672808526,1.0125864670198745,1.0844947158344476
moderate,100,300,92,0.018140788584788514,0.00526904234835986,3.4429005093184255,1.1821840302552045,1.0370750195928164,1.1399214212288729
moderate,100,300,93,0.01767890559351923,0.005154833953340249,3.429578091853683,1.1737408910268516,1.0582058148671325,1.1091801562007346
moderate,100,300,94,0.01586809090561163,0.004964340133594025,3.19641492697714,1.137169542551759,1.03306800066004,1.1007693025291727
moderate,100,300,95,0.018187286879008592,0.00573819751965596,3.1695121711493526,1.2172794036533143,1.088273285433684,1.1185420242749233
moderate,100,300,96,0.01607405498210104,0.00488927946990378,3.287612230195828,1.1758572570671482,1.0515748848497817,1.118186896632778
moderate,100,300,97,0.016523092709548843,0.004862838392446432,3.3978288760766913,1.2015355908896277,1.0770899953130368,1.1155387164657704
moderate,100,300,98,0.017384118630412223,0.0052904181685695115,3.28596305178514,1.220845123360687,1.080052428944952,1.130357277704813
moderate,100,300,99,0.017416299051387463,0.005143526490303736,3.3860618943480927,1.1504280877284538,1.031454660151096,1.115345280964584
moderate,100,300,100,0.018583286637297913,0.005292766874837717,3.5110722003730235,1.2063873860102965,1.0745256949784658,1.1227161822635365
moderate,150,300,1,0.010111506227068998,0.0040319906143577834,2.507819882085604,1.1161149543502638,1.0582580939610966,1.054671786324456
moderate,150,300,2,0.010308276739660728,0.00406273431285288,2.5372756242143204,1.1164959355418622,1.0564054779368457,1.056882001144459
moderate,150,300,3,0.01065497671903366,0.0041789678165617015,2.549667091669583,1.1014408506983848,1.033398675684859,1.0658431025842303
moderate,150,300,4,0.010697431255765404,0.00421528581888688,2.5377712723143997,1.140695016898736,1.0698424421506814,1.0662271115414166
moderate,150,300,5,0.010056405541996705,0.004036647769700186,2.4912764540621843,1.1140495670837036,1.0545129715203907,1.0564588555771612
moderate,150,300,6,0.0110643621206081,0.004330871383315486,2.5547658060761456,1.1186786377822862,1.061819115358698,1.0535491606820246
moderate,150,300,7,0.010705885367152623,0.004423912122237545,2.4200040758806383,1.1164298145588791,1.0511985886554474,1.0620541414414062
moderate,150,300,8,0.010864262886307796,0.004214461225740028,2.5778533255814002,1.0917704616630457,1.0268142201387103,1.063259974638412
moderate,150,300,9,0.009965338060583202,0.0040677962657959385,2.44981248062415,1.1120523363864168,1.0477153478524643,1.061406935257583
moderate,150,300,10,0.012071168050053057,0.004426574696441629,2.7269771500200037,1.1237169844331882,1.0473744397444655,1.0728894479297666
moderate,150,300,11,0.009946270284003217,0.004062626439370136,2.4482364875135487,1.0983242686417714,1.040029807518244,1.0560507599898812
moderate,150,300,12,0.0100675705534822,0.0041165855882660755,2.4456118639143143,1.1321785894360423,1.070231629474361,1.057881825070061
moderate,150,300,13,0.010266476510577039,0.004145267015617043,2.476674354607004,1.1022259460778412,1.0502773299073522,1.0494618085063985
moderate,150,300,14,0.009789595139003024,0.004112913985563889,2.380209061838878,1.10050970106311,1.0374691519505121,1.0607637817414401
moderate,150,300,15,0.009776795672658281,0.004126378318673715,2.36934059788311,1.1028636138276047,1.0434354568638855,1.0569543200518932
moderate,150,300,16,0.009768497285862553,0.003914367112667974,2.495549600917348,1.109550886280207,1.0517915957484427,1.0549151474163125
moderate,150,300,17,0.011385051748117799,0.004538961168865101,2.508294590888615,1.1164786023652116,1.0427316934031774,1.070724721832656
moderate,150,300,18,0.011546801174739493,0.004410431220438284,2.6180662610111027,1.088396950719923,1.0212153908093384,1.0657858866162813
moderate,150,300,19,0.009954946646786682,0.004021606807873819,2.4753654751369787,1.0810584115024742,1.0159160358635688,1.0641218106017312
moderate,150,300,20,0.009858411509178754,0.004069764869694078,2.422354073226792,1.084781692222303,1.0280089930769465,1.0552258779132169
moderate,150,300,21,0.010232063601031233,0.004291802300745276,2.384094812394882,1.1134024643878488,1.0477889011598298,1.0626209756138754
moderate,150,300,22,0.009871054881310588,0.00401506332252508,2.458505405364981,1.0861943544509463,1.0332421417510502,1.051248599491071
moderate,150,300,23,0.010414196187784346,0.004253027265437466,2.448654931609789,1.0906464413131869,1.0262686065185953,1.0627300049769428
moderate,150,300,24,0.01156407990007863,0.004307237735758689,2.6848018636337705,1.10606294429595,1.0408457720158533,1.0626578634736514
moderate,150,300,25,0.011089845669638243,0.004095162136715466,2.708035799171771,1.126323789805442,1.0456534059788947,1.077148301115155
moderate,150,300,26,0.010797504267822068,0.004067442540732276,2.654617529244348,1.1076449836835962,1.0394721186908569,1.0655841207925791
moderate,150,300,27,0.011047832683623724,0.004412826500054774,2.503572865030291,1.0898047497552892,1.0344435343023062,1.0535178708331547
moderate,150,300,28,0.011020807500381953,0.0040544790038373165,2.7181809277965017,1.1346172174783455,1.0604342306081624,1.0699552925857918
moderate,150,300,29,0.009660263367862888,0.003977579279694102,2.4286790252502057,1.1090852103402216,1.042721999158296,1.0636442035705538
moderate,150,300,30,0.010330858452702972,0.004254055283592952,2.4284730131615935,1.1212867001976794,1.0573269216187093,1.0604919606899361
moderate,150,300,31,0.010185187204353427,0.003970693230679429,2.5650904294640338,1.1145079484321847,1.0559562513753729,1.0554489799937723
moderate,150,300,32,0.011472513471247373,0.004433503663113288,2.5876855739848788,1.113699961614234,1.0349699304498419,1.0760698729963805
moderate,150,300,33,0.011304962702307431,0.004208001526976785,2.6865395912604186,1.1054871531933128,1.0374486075424763,1.0655825697351962
moderate,150,300,34,0.010418323240236093,0.004145354145066592,2.5132528791623256,1.09967703126948,1.039339568182326,1.0580536572784163
moderate,150,300,35,0.011078706711272465,0.004047993207656688,2.7368392541561932,1.112911986841808,1.046608873311803,1.0633504217484808
moderate,150,300,36,0.010813872477159,0.004131344188982118,2.6175191372334745,1.1170686961120901,1.0469831214938117,1.0669405009302175
moderate,150,300,37,0.009899409818887032,0.0039949882567934135,2.477957175982494,1.0823891061193656,1.0242323347935631,1.0567808390246967
moderate,150,300,38,0.010079962147712628,0.003970734601887648,2.5385635551972454,1.0979483575026174,1.034487025878255,1.0613457008515745
moderate,150,300,39,0.010681004905363181,0.0040574502126655984,2.6324426291225262,1.136275928620521,1.0619364591290408,1.070003688876499
moderate,150,300,40,0.011013024219788472,0.004190744564356978,2.6279397492885117,1.1121984589936507,1.0429662915031586,1.0663800623802637
moderate,150,300,41,0.011453108073683046,0.0042979689488733715,2.6647721772595063,1.130641821564102,1.0536828026355995,1.0730381275427512
moderate,150,300,42,0.010840667655998153,0.00433642407473584,2.4999094805225037,1.1074452045517438,1.0475090601948367,1.0572177813390549
moderate,150,300,43,0.011114669604645362,0.004140548142340627,2.684347391348602,1.128384560676757,1.051013829921433,1.0736153307907543
moderate,150,300,44,0.009627755346769573,0.003855537236045419,2.4971242027595233,1.0799734588637535,1.0285287012307784,1.050017814351135
moderate,150,300,45,0.010370911580487169,0.004291823240314837,2.4164349274846617,1.1089036577866165,1.0532109977120032,1.0528789199843147
moderate,150,300,46,0.010474902106537244,0.0041199138326621886,2.542505142581736,1.0695749090786473,1.0108120448550608,1.058134313419279
moderate,150,300,47,0.010397350236672945,0.004283844573852237,2.4271072531754236,1.100792429442544,1.0356102315369102,1.0629408593316998
moderate,150,300,48,0.009648599566054787,0.004028696407834613,2.394968145847659,1.0942156346784746,1.0400174561429747,1.052112758507439
moderate,150,300,49,0.0098877229133611,0.0040184312516934,2.4605927771426557,1.0814291849027555,1.018313327761409,1.0619807827519023
moderate,150,300,50,0.011486688135222996,0.004367807516865387,2.6298521834740933,1.109054972574058,1.0398571911368228,1.0665454660765337
moderate,150,300,51,0.010624836522342756,0.00411733356768171,2.580513904858366,1.1050676507713315,1.0416555426321672,1.0608762739157782
moderate,150,300,52,0.010913674933909979,0.00424646344082113,2.570062143711668,1.0860709012320477,1.016623484422097,1.0683118360672421
moderate,150,300,53,0.010306571867646374,0.004086189364484901,2.5222942326721083,1.1004784086591648,1.0333237868096103,1.0649889441303722
moderate,150,300,54,0.012257293340156907,0.004465192472024982,2.745076145530223,1.1394461297893683,1.058713980089836,1.0762549198535019
moderate,150,300,55,0.01107296760498482,0.004186345600509306,2.6450199437995985,1.1029856921574825,1.032900093341679,1.0678532214950818
moderate,150,300,56,0.010895301235598993,0.00442710925787437,2.4610418674939725,1.102409796598361,1.041990397786991,1.0579846022954629
moderate,150,300,57,0.011147930928094834,0.0044865974339868536,2.484718339926617,1.1342638587765614,1.0582115106904182,1.0718687590503753
moderate,150,300,58,0.011389634376678937,0.004114969890339796,2.7678536368922084,1.118836736025551,1.0382540485700738,1.0776136510774592
moderate,150,300,59,0.009778026485117447,0.003931522222288154,2.487084119653434,1.1031005210157938,1.043015133429678,1.0576073976880287
moderate,150,300,60,0.010948531453015038,0.00451956287388508,2.4224757478821233,1.123692477950727,1.0513984568782866,1.0687598698661676
moderate,150,300,61,0.01126983859300798,0.004171633955352637,2.701540622601274,1.0830029057788266,1.0200436404437003,1.061722129170611
moderate,150,300,62,0.010329317981519957,0.00403518541301101,2.5598124805403515,1.1038275567237472,1.0454819022276978,1.0558074265768995
moderate,150,300,63,0.010337487001223474,0.0042344648772645035,2.4412735259010034,1.0808411478630693,1.0302422058445366,1.0491136372898395
moderate,150,300,64,0.010720107949882991,0.0043668708134548895,2.4548717852730984,1.1294160632976995,1.0641756907569977,1.0613060165791735
moderate,150,300,65,0.010551737923133363,0.0039841586462553485,2.6484231327110392,1.1064065556169327,1.0438721360977705,1.0599062062839706
moderate,150,300,66,0.010023322499831086,0.004072232562669249,2.4613826311680596,1.0879024327500553,1.0324873653749649,1.053671424206693
moderate,150,300,67,0.01032266662202828,0.004080533497194607,2.52973456268039,1.1043479229081883,1.0509388000676727,1.0508203930020248
moderate,150,300,68,0.010689777460592331,0.0040588815644672935,2.633675629802543,1.1087720808417623,1.046925474808298,1.0590745067549237
moderate,150,300,69,0.010098458442977363,0.0041645897296895985,2.424838723244423,1.1024053179180555,1.0475848117693338,1.0523303750997801
moderate,150,300,70,0.011244330845390683,0.004490660670149052,2.5039368750650817,1.124591987213606,1.0558637197522194,1.0650919869445985
moderate,150,300,71,0.011367336848051314,0.004390136594187228,2.5892900150538063,1.0979325948375838,1.03682923958138,1.0589329013144673
moderate,150,300,72,0.01026066911493944,0.004204146374783352,2.440607010375131,1.119891233242969,1.0565294414825281,1.0599716290646204
moderate,150,300,73,0.009949273166974434,0.004128913455859037,2.4096589268191497,1.0744464773067237,1.0198953862552458,1.0534869475699595
moderate,150,300,74,0.010430899331399776,0.0041234806332233346,2.529634611923936,1.1086532464562737,1.047035890867021,1.0588493251537243
moderate,150,300,75,0.010170513618609461,0.00420880077930315,2.4164872969571607,1.0782285828640532,1.021134911300969,1.0559119768908347
moderate,150,300,76,0.010293158931166854,0.004171610152700734,2.4674306932787045,1.0907049363897034,1.025039976654932,1.0640608768733677
moderate,150,300,77,0.010639147305039065,0.00427218223240603,2.49033087220328,1.1502490472927602,1.0827233493086683,1.0623665297577705
moderate,150,300,78,0.011538033923582245,0.004329414521590793,2.6650333124818752,1.114183051345898,1.0342099018907154,1.0773277738967473
moderate,150,300,79,0.01050203669670483,0.004222086846314224,2.487404233731678,1.1146980220208447,1.0546917728321825,1.056894583549776
moderate,150,300,80,0.011322327395046237,0.004157570219312684,2.7233039486505675,1.1419434802221091,1.0608460658751429,1.0764459773719057
moderate,150,300,81,0.010586927254255845,0.0040584799170110914,2.60859422018594,1.079770946000189,1.0232300965017993,1.0552572189693115
moderate,150,300,82,0.010764220747996949,0.004321725071761359,2.4907231647685286,1.116163768506376,1.0539811455058188,1.0589978513996237
moderate,150,300,83,0.010784274307080911,0.0041883721967540324,2.574812791336613,1.1377801860709604,1.0682555447399025,1.0650824062401527
moderate,150,300,84,0.009456499278546927,0.0038774961637961067,2.4388158953815497,1.0827412458815486,1.024498705317592,1.0568497942082822
moderate,150,300,85,0.010621492042857606,0.004232292762970879,2.509630745724168,1.0934449404181714,1.0308827081665666,1.060688021785594
moderate,150,300,86,0.010143610372164113,0.0041690183191897745,2.433093259742612,1.1152122401009847,1.0516623084718095,1.0604280776416917
moderate,150,300,87,0.01105157500924154,0.0041791539931004896,2.644452687670033,1.0944750074884477,1.0333615291064142,1.0591404621332097
moderate,150,300,88,0.010354267949086308,0.004088810078739097,2.5323426008280987,1.112089436891893,1.0529526865997942,1.056162780193917
moderate,150,300,89,0.010154825835626432,0.004189331752840506,2.423972708473403,1.1217234579036621,1.0629574117743876,1.0552854192259469
moderate,150,300,90,0.010463752212436636,0.00413850480052274,2.5283895311937163,1.1168567177982545,1.0613426030462652,1.0523055558051215
moderate,150,300,91,0.009633244669712797,0.003966603577372538,2.4285877027554688,1.0792592035265658,1.0233295051123414,1.0546546328771047
moderate,150,300,92,0.010000400952697741,0.004020399368037428,2.4874148156031257,1.0899027618221397,1.0329405517187287,1.0551456809480764
moderate,150,300,93,0.009372208537940272,0.00400413904362297,2.3406301419194073,1.0934943135773454,1.0465278681903167,1.0448783513698916
moderate,150,300,94,0.010877222614641283,0.004104643118514393,2.6499801080338776,1.1100602045959846,1.0574547343090073,1.0497472549700695
moderate,150,300,95,0.010369416881307124,0.004248230323241484,2.4408791643375523,1.0729717701267185,1.019910842249118,1.0520250650150849
moderate,150,300,96,0.011598714906380037,0.00432776480096652,2.680070530586527,1.1392691154345418,1.0666491488229144,1.0680823368131556
moderate,150,300,97,0.010603267771119081,0.004144613913522165,2.5583246093260925,1.075061026881171,1.0109948518939558,1.0633694374083076
moderate,150,300,98,0.010312924900290553,0.00406324787585427,2.5380988842878143,1.1159253899191635,1.0460646448216357,1.0667843478348698
moderate,150,300,99,0.011020732124223344,0.004342238035975678,2.538030396518104,1.1128226345757377,1.044668384049241,1.0652400815101954
moderate,150,300,100,0.010473269629040348,0.004070120306284754,2.5732088589293944,1.1089156669741171,1.0493516477583933,1.0567626870772666
moderate,200,300,1,0.007350206816697395,0.0034827602715379,2.110454422248169,1.0714630450363871,1.027293378661457,1.042996156008016
moderate,200,300,2,0.007715931558529846,0.0036345473507152447,2.1229415423660454,1.076438582957441,1.0373631517086825,1.0376680347517604
moderate,200,300,3,0.008465623814196516,0.003737169001928107,2.265250463607311,1.0760677529229687,1.0278357561465143,1.046925782147609
moderate,200,300,4,0.007278411266712675,0.003526945929071617,2.0636583075228887,1.066974683750069,1.0372997405913196,1.0286078767761313
moderate,200,300,5,0.007735081826778269,0.003458212942956096,2.2367280310293114,1.0889288808392823,1.043296799938546,1.0437383502982316
moderate,200,300,6,0.007216264890455637,0.003383793301445768,2.1325962455722096,1.0698601229834934,1.0327415920771963,1.03594174108127
moderate,200,300,7,0.00784528311678236,0.003648881278021595,2.1500516237776948,1.0874042221293354,1.0434690745821293,1.0421048870708511
moderate,200,300,8,0.00804454693609875,0.0037125303922630913,2.1668635906290694,1.0669754575773742,1.023784867451629,1.0421871737890147
moderate,200,300,9,0.0076115425306318655,0.003580530235545426,2.1258143431017253,1.098830747046925,1.0559887308351912,1.04057052406028
moderate,200,300,10,0.007089259664576275,0.003250481606160406,2.1809874730995267,1.0619312948054083,1.0151707243257795,1.0460617799145897
moderate,200,300,11,0.008352732740443144,0.003967335375196317,2.105376014506921,1.0812454074766313,1.0366480715236772,1.0430207098995559
moderate,200,300,12,0.007369026617690023,0.0034618924545802396,2.128612229978568,1.0894502561354475,1.0467913344432191,1.0407520775999912
moderate,200,300,13,0.0076974507511070435,0.003511302913689591,2.1921921692078543,1.0920751924439063,1.0387383138459267,1.0513477532185174
moderate,200,300,14,0.008079109777126297,0.0037515495479228137,2.153539403897677,1.0580081485990207,1.0160261701646878,1.0413197805992813
moderate,200,300,15,0.007388139512719349,0.0035535500843228195,2.079086923612972,1.062204000263969,1.0310634594693875,1.0302023512797236
moderate,200,300,16,0.007340594124084115,0.003502542434294065,2.0957902043415517,1.047634734188782,1.0157059214413489,1.0314350956053542
moderate,200,300,17,0.007094957613636533,0.003546066003362693,2.000796828628815,1.0554850165197753,1.0246013034730281,1.030142176222168
moderate,200,300,18,0.007758028215782197,0.003518430519187935,2.204968429381625,1.0833768573590488,1.0447503958536017,1.0369719520171972
moderate,200,300,19,0.008242917807156773,0.0037696975239809197,2.1866257848857833,1.0623188842823557,1.0182748627587883,1.0432535684954845
moderate,200,300,20,0.007949871447762435,0.003732596897013933,2.1298499857089603,1.0493159283064126,1.0071132021626137,1.0419046498975244
moderate,200,300,21,0.007647079657916297,0.0036063612240425087,2.1204419587631858,1.079847308933382,1.0332133122552667,1.0451349165994812
moderate,200,300,22,0.0082506871804438,0.003716641347871018,2.21993095598799,1.11375821041239,1.0645848426675617,1.0461901821010462
moderate,200,300,23,0.008004689058564579,0.0038231926408749443,2.093718473137857,1.0770340053627252,1.0321197420860675,1.0435165237570976
moderate,200,300,24,0.007359588044736818,0.003485707870574432,2.111361111717025,1.0745319301943717,1.0370830893479641,1.036109778696664
moderate,200,300,25,0.007952816870868382,0.003665756456992186,2.1694886073784074,1.0819536343391158,1.0442033061608156,1.0361522779669177
moderate,200,300,26,0.008152992046707452,0.003743671622223936,2.177806407567379,1.0509918396669802,1.0076058928435467,1.0430584488752788
moderate,200,300,27,0.007547045629614519,0.0035976684677080785,2.097760173666703,1.0676191712747773,1.024885792723611,1.0416957468379022
moderate,200,300,28,0.0074901219324242175,0.003684565360480337,2.032837309051771,1.0476711961542209,1.0112754501597385,1.0359899431838608
moderate,200,300,29,0.007659059684919546,0.0035693247019058893,2.145800767531709,1.0674848688746175,1.0287518008226726,1.0376505470230728
moderate,200,300,30,0.007798367457460549,0.003532902244151146,2.207354440777704,1.0894876267527718,1.0497798549791117,1.037824855930818
moderate,200,300,31,0.007629542880806188,0.003540198235053561,2.1551174183585675,1.075673132036621,1.031757187336889,1.0425642246438673
moderate,200,300,32,0.007736248833969728,0.0035735861663032395,2.1648418350501477,1.0927771705014857,1.0474385975296767,1.043285184524169
moderate,200,300,33,0.007903866959263187,0.0035785186216489902,2.2086980102456657,1.0644475198759913,1.0221311515446077,1.0414001356552305
moderate,200,300,34,0.007436804263360484,0.0035743923113504385,2.0805786314347765,1.0541489341405414,1.0231558485751977,1.0302916565531082
moderate,200,300,35,0.008685706625672696,0.003727279307006897,2.3303074200381153,1.0783981537340928,1.0389232108063573,1.0379960159876465
moderate,200,300,36,0.007637305362083159,0.0034831648039447267,2.1926339383751863,1.078589240608544,1.0338173055233213,1.0433073956549401
moderate,200,300,37,0.00756372744681359,0.003735718178726991,2.0247050459762086,1.0671349168972604,1.027059419101151,1.0390196487669447
moderate,200,300,38,0.007234439418502781,0.0036199389157338486,1.9984976506257388,1.0490011413436422,1.0148324201145968,1.0336693236753187
moderate,200,300,39,0.007850124948842152,0.0035806077824063285,2.192400124753825,1.0869409492131004,1.0457742022065872,1.03936485229761
moderate,200,300,40,0.007306601226557884,0.0034356251253806437,2.126716670157185,1.0685453553705886,1.0352646638249468,1.0321470370897052
moderate,200,300,41,0.007525202120775253,0.003584665901432547,2.099275728253487,1.0562919270425837,1.0234514865668853,1.0320879307976383
moderate,200,300,42,0.00740202440548546,0.0036392359261077385,2.033950135626993,1.0645904821416208,1.0277050974340045,1.0358910204879905
moderate,200,300,43,0.008043008381547053,0.003633312137172337,2.2136849458264845,1.0743630976088592,1.0294288471131543,1.043649690429518
moderate,200,300,44,0.007544810655314538,0.003451905818916825,2.185694237069894,1.0580102800140223,1.0190139015021766,1.038268740450311
moderate,200,300,45,0.007259916653351993,0.003409537988602593,2.1292963086554395,1.0621379714766557,1.025064880166131,1.0361665803090594
moderate,200,300,46,0.00805720727662995,0.0038798941136197664,2.0766564861516126,1.0704113119268288,1.0250418191919124,1.0442611139228284
moderate,200,300,47,0.008042207796627092,0.003781248899842704,2.1268654906482456,1.0603537301408288,1.0224122012494812,1.0371098162218522
moderate,200,300,48,0.007608883663129073,0.0035484963537556597,2.144255736680123,1.084530316965396,1.045509212899825,1.0373225827033528
moderate,200,300,49,0.008008905798184808,0.003680562590156756,2.1760004352605526,1.0723787982643755,1.0321989103914706,1.038926497081523
moderate,200,300,50,0.007521050651833259,0.003574134597153848,2.104299781497433,1.0706122530981952,1.02765082354061,1.0418054737790878
moderate,200,300,51,0.006994460081623878,0.00339741605228897,2.0587587666548646,1.065258850021253,1.0251475031433084,1.0391273906973926
moderate,200,300,52,0.007683859785765234,0.0036272808732030833,2.1183525771413376,1.0761020730335125,1.0388709587292309,1.0358380547568906
moderate,200,300,53,0.007709570728041913,0.003650767461287931,2.1117671311012787,1.082504524350397,1.035423301802495,1.0454705070534358
moderate,200,300,54,0.008150025767828886,0.0037767045545711395,2.1579728173241643,1.088457809038201,1.041584952511195,1.045001472432948
moderate,200,300,55,0.007132670230199239,0.0034525580638283533,2.0659088415996716,1.0803150437069502,1.0438123450974228,1.0349705565190652
moderate,200,300,56,0.007712582138263611,0.0034668818333595704,2.2246452313575853,1.0890301822579935,1.0431361947251936,1.043996160582742
moderate,200,300,57,0.00757625807655256,0.003562081318666511,2.1269188990297345,1.0809854491166078,1.038889006027506,1.0405206358377683
moderate,200,300,58,0.007622487099874165,0.003484174591172182,2.187745447425965,1.0698198846554652,1.0266435405981296,1.0420558278993124
moderate,200,300,59,0.007082344252004596,0.003403420407482809,2.0809489877986427,1.077574138065415,1.0416373297566623,1.0345003076235255
moderate,200,300,60,0.007237645837007078,0.0035406122349156527,2.0441791861964513,1.0754192847840467,1.0350694172972366,1.0389827646460383
moderate,200,300,61,0.008047717960496114,0.003702205671713924,2.173763068319878,1.0857890623794577,1.040544898182952,1.043481222459034
moderate,200,300,62,0.007547626583456794,0.0036570957517240384,2.0638307268544094,1.084422677709344,1.0487564782366188,1.034008085015784
moderate,200,300,63,0.007972633557059475,0.003522962594987125,2.2630480290661765,1.0724439190797073,1.0291593011494156,1.042058229354726
moderate,200,300,64,0.007756097227680319,0.0034961180318689505,2.218488379676951,1.0734750046864314,1.0300490256897668,1.042159137976549
moderate,200,300,65,0.007567009726767941,0.003570983955345698,2.1190265264116532,1.056033645796255,1.0180621351464005,1.0372978321646291
moderate,200,300,66,0.007610640621163581,0.0035583019210477566,2.138840601508766,1.048363895777386,1.0109861748482443,1.0369715450705865
moderate,200,300,67,0.007670721077761667,0.003654332059961546,2.09907609705353,1.1032653692010346,1.0582802615409528,1.042507745154936
moderate,200,300,68,0.008007571607931672,0.003746082654756341,2.137585404786674,1.0777315105362189,1.0303677335068848,1.0459678379757973
moderate,200,300,69,0.007519626664944213,0.0035489896117091736,2.1188077418245252,1.0996673546174731,1.0545057447078487,1.0428272772683058
moderate,200,300,70,0.007673570394512571,0.003510990948305123,2.1855853539630656,1.0656437904348814,1.026349283340785,1.0382857061742101
moderate,200,300,71,0.007248803349997056,0.003455151905041979,2.097969510231703,1.0658171796213898,1.0231652236867246,1.0416862838447336
moderate,200,300,72,0.008521263718055758,0.003948710128485361,2.157986643938417,1.081809348315926,1.0350363072562052,1.0451897587860586
moderate,200,300,73,0.007417497738267469,0.0034512558023278286,2.149217027977022,1.0983729051940032,1.0567732189293852,1.0393648187893734
moderate,200,300,74,0.0073538195528666086,0.003493392713716736,2.1050652347192416,1.0740299415295573,1.0370663128592343,1.035642492878216
moderate,200,300,75,0.008152925557192598,0.0036466069011118108,2.2357566302819367,1.1000379223879828,1.0574045740145952,1.0403188613148548
moderate,200,300,76,0.007846073669358983,0.003733041178629661,2.1017913529255927,1.0746070671060106,1.0342282902902935,1.0390424214796747
moderate,200,300,77,0.007657116790159414,0.0035552018113133585,2.153778377866749,1.0684127205379244,1.0254524188713015,1.0418939980793147
moderate,200,300,78,0.007902450462580833,0.003590431954985952,2.20097485808271,1.050851161254198,1.0139341209065624,1.0364097031418844
moderate,200,300,79,0.007745244439276971,0.0034942107725944166,2.216593372106802,1.0817648114504832,1.0364750951363533,1.0436959040565965
moderate,200,300,80,0.007939378250859327,0.003643902820616078,2.1788117416141763,1.0991705907700569,1.0538703227565493,1.0429846699687093
moderate,200,300,81,0.007335713568318795,0.00351356149685872,2.0878284256237576,1.0874203562222704,1.0457335732029958,1.0398636747327443
moderate,200,300,82,0.007588804464699962,0.0034431133311857397,2.2040530574364015,1.0792057473334338,1.038221370147637,1.0394755669303635
moderate,200,300,83,0.007154104042444351,0.0035275836807255453,2.028046586544167,1.075865922810463,1.039201737330399,1.0352811048740647
moderate,200,300,84,0.0073231222191426915,0.0034063298133574773,2.149857066225949,1.0597602488470215,1.0239576492947449,1.0349649222083899
moderate,200,300,85,0.007906900199757004,0.0037197947812916726,2.1256280694633882,1.0974591073512598,1.0457212045227027,1.0494758092355714
moderate,200,300,86,0.007704434662908345,0.003517153231718732,2.1905314199641532,1.0880846705324225,1.043037519022361,1.0431884286888204
moderate,200,300,87,0.007518672711900731,0.0036164381450049464,2.079027045515926,1.0865534312476088,1.0433860390957146,1.0413724072724864
moderate,200,300,88,0.006943240868348106,0.003362131524286219,2.065130652442919,1.0556077254908351,1.0227494770605068,1.0321273676176952
moderate,200,300,89,0.008863496545830185,0.003830536340932818,2.3139048313197135,1.060395542513754,1.014911631560237,1.0448156366910428
moderate,200,300,90,0.007756522795920514,0.0037201318456887684,2.085012875258571,1.078511882028316,1.0339077452661136,1.0431413121397226
moderate,200,300,91,0.006980008122061378,0.0034913093574714593,1.9992522596498203,1.0668374812358956,1.0314920388379643,1.0342663259308817
moderate,200,300,92,0.0072451893941577455,0.0033762483210489436,2.145929062441351,1.0607412778824663,1.03329288662735,1.0265639990464923
moderate,200,300,93,0.007629122904912358,0.003701719975298244,2.0609670520249677,1.0848244105434472,1.048298126908734,1.0348434120953967
moderate,200,300,94,0.008114068128657902,0.0037647790115210343,2.1552574809376877,1.0909866853583503,1.0480883510141672,1.0409300745520864
moderate,200,300,95,0.00795582996996087,0.0037164475535435095,2.14070825844838,1.0911782725711099,1.044861704181687,1.0443279413955524
moderate,200,300,96,0.007723647521073815,0.0035539694215515733,2.1732453504627696,1.0949840436930054,1.051192584602981,1.0416588356229355
moderate,200,300,97,0.007000335080267636,0.0033263539644958554,2.104506963175403,1.060548096098353,1.020937776860614,1.0387979758761996
moderate,200,300,98,0.008054221196972458,0.003617122782461446,2.226692783564171,1.0745673524990578,1.036606307541694,1.0366205035423603
moderate,200,300,99,0.007679235307532997,0.0035671616005855168,2.1527578975599315,1.0788590154224205,1.0418108785368063,1.035561288184711
moderate,200,300,100,0.007856514310295758,0.0036405607428811907,2.1580506040610663,1.0815618325667795,1.037633281035308,1.0423353340089878
moderate,300,300,1,0.005260540406226058,0.002958309922401438,1.7782249136208697,1.0356216687111943,1.0113002737180694,1.0240496276182214
moderate,300,300,2,0.004838562538025063,0.0027709405801239293,1.746180547043221,1.047137806011848,1.02357328301587,1.0230218230457786
moderate,300,300,3,0.005013753839752877,0.0028651226097447862,1.7499264508612014,1.0283086098068885,1.007847314277216,1.0203019795159611
moderate,300,300,4,0.005042148501498517,0.002896524710330663,1.7407579792139638,1.0479999719563138,1.0266062154702786,1.0208393015390373
moderate,300,300,5,0.004886168421813271,0.0027742333596132754,1.7612679931490682,1.0288801936858538,1.0100297784599161,1.0186632271918563
moderate,300,300,6,0.00468489175111287,0.0027055632548288826,1.7315772391391282,1.047219445083533,1.024057172876624,1.0226181436157957
moderate,300,300,7,0.005023230477414439,0.0028710537775443563,1.7496121168830432,1.0493057153929795,1.028090049651513,1.0206359994911514
moderate,300,300,8,0.004873466187807804,0.002823330169822832,1.7261410797425867,1.0383936203393094,1.0183028255157762,1.019729685826372
moderate,300,300,9,0.005035910900268025,0.0027922985809650507,1.803500146652496,1.031772188198073,1.0078934856626036,1.0236916925003947
moderate,300,300,10,0.0049255633723508,0.0028366705033897035,1.7363889695560188,1.0468634572877091,1.0270777882257947,1.0192640414277607
moderate,300,300,11,0.00522348322711609,0.002947642169141576,1.7720886482762233,1.0555958111030719,1.032090700655932,1.0227742682229397
moderate,300,300,12,0.004958840229260568,0.002923888850175203,1.6959742600897527,1.0482672167758667,1.0247956097631645,1.0229036959068614
moderate,300,300,13,0.004801491990599486,0.00278886197114027,1.7216671317140593,1.0468407151533932,1.0250526978189298,1.0212555094785107
moderate,300,300,14,0.005024187830877244,0.0029548817851427055,1.7003007890667956,1.0468478982654832,1.0301904881896038,1.0161692524507309
moderate,300,300,15,0.005017650299141781,0.0029122994724316686,1.7229170099571587,1.045966842346389,1.0253198108910069,1.0201371623137174
moderate,300,300,16,0.004952108075451056,0.0028042609834946514,1.7659226814473494,1.0463326965042508,1.0243443133285817,1.0214658127053182
moderate,300,300,17,0.0046561332349774566,0.002699776360563189,1.7246366413869036,1.0398296533679963,1.0199282302109849,1.0195125721276432
moderate,300,300,18,0.005211028261535749,0.002909006224996959,1.7913431111826503,1.0490032604613115,1.0239279243751507,1.024489356613126
moderate,300,300,19,0.005084323684956584,0.002920745894281551,1.7407620755064803,1.0434152664333503,1.0222901421621375,1.0206645094185622
moderate,300,300,20,0.004991605425752891,0.002920809520682973,1.7089801270524836,1.056271301273712,1.0381648722102685,1.0174408030440238
moderate,300,300,21,0.004757206188897376,0.0027548682155825273,1.7268362101638488,1.0387959174536177,1.019428442065367,1.0189983667210738
moderate,300,300,22,0.004888381629911359,0.002826845003185921,1.7292711925846793,1.0524453737496566,1.032116045337592,1.0196967467988691
moderate,300,300,23,0.005076298660609235,0.002894451231434178,1.75380348629815,1.0391998416653325,1.0156370531441705,1.0232000087513715
moderate,300,300,24,0.005178284189923414,0.0029069396835997587,1.7813524715142952,1.0392360883178238,1.017986373660876,1.020874262373994
moderate,300,300,25,0.004797111084514152,0.0028783517835448795,1.6666173717676005,1.0478084903924008,1.0287509754948159,1.0185249057853076
moderate,300,300,26,0.004748027286491196,0.002764156787884578,1.717712724293358,1.0527621883038925,1.0322237082511354,1.0198973147861086
moderate,300,300,27,0.005143853998295562,0.0029542414282305814,1.7411759069997306,1.0633672104937433,1.0395826218073625,1.022878978724202
moderate,300,300,28,0.00487284143724424,0.0028719004393255006,1.6967306284436112,1.0382210013078323,1.019922996366041,1.0179405749326045
moderate,300,300,29,0.004947607514102503,0.002804045017332761,1.764453667298367,1.0525010545061269,1.028150896123779,1.0236834480951678
moderate,300,300,30,0.005074259584241689,0.002912345697539514,1.7423273578162994,1.0589879317884314,1.0333940082246673,1.0247668588747998
moderate,300,300,31,0.004762988075968224,0.002753465363473677,1.7298158673619204,1.0516766918077864,1.0304646674815978,1.0205849118320862
moderate,300,300,32,0.004893581738834273,0.002814882909660034,1.7384672456678822,1.0531578436699085,1.0313472407678859,1.0211476814402332
moderate,300,300,33,0.004882947849535011,0.002792446156105423,1.7486273956827785,1.041224272902478,1.023848658208262,1.0169708819315382
moderate,300,300,34,0.004703454820480894,0.002734997887260442,1.7197288679415366,1.053500165894891,1.0357764716935396,1.0171115049296036
moderate,300,300,35,0.004945616903475613,0.0027419221308715505,1.8037043604530059,1.0522690689524425,1.031969265404224,1.0196709381071218
moderate,300,300,36,0.005394071671390125,0.002960048152812261,1.8222918658486569,1.0563426752129552,1.0287671863826178,1.0268044016132545
moderate,300,300,37,0.004476980473811767,0.002618930041781495,1.70946928798692,1.025756093887047,1.0055668874234258,1.020077437628592
moderate,300,300,38,0.004897482206651715,0.0027829524517558727,1.7598152651015302,1.04546651108466,1.023288735248032,1.0216730381882415
moderate,300,300,39,0.004850596026508941,0.0028748652846127703,1.6872428953352825,1.035352421207094,1.0150764132216104,1.019974858760763
moderate,300,300,40,0.005172935627324853,0.002969737542701779,1.7418830967192709,1.0497037445916568,1.0276858005970795,1.0214247817589628
moderate,300,300,41,0.005039792853511219,0.002936599442819941,1.7162003029843371,1.065230065089438,1.0437199722925816,1.0206090650441502
moderate,300,300,42,0.005289374834794859,0.0029848984949841484,1.772045127726512,1.0506063120557254,1.030685270568633,1.0193279578703032
moderate,300,300,43,0.004807333808083915,0.002742933676953657,1.7526248806070337,1.0412565770136937,1.02146329566193,1.0193773789384544
moderate,300,300,44,0.005387280113056747,0.002939358424157393,1.8328081627544568,1.0565654403239952,1.0309616339208685,1.0248348780019607
moderate,300,300,45,0.0050362847483229325,0.0028793609998099034,1.74909806330482,1.0419708279230604,1.0228853474075466,1.0186584748367793
moderate,300,300,46,0.004887053795713706,0.0028481044915087943,1.7158969448922043,1.054569986362028,1.0340951634254965,1.0197997473160085
moderate,300,300,47,0.005015729283062231,0.002895489221582967,1.732256243841283,1.0475720496906775,1.0233724423490533,1.0236469210428183
moderate,300,300,48,0.005012999057597988,0.002844783797855262,1.7621722471062249,1.0509667185586882,1.0302064687519592,1.020151542857112
moderate,300,300,49,0.005346757421254485,0.0029162453890772635,1.8334387912898735,1.0535036056844391,1.0305963349911282,1.022227199841059
moderate,300,300,50,0.0049846394454166896,0.0028452099291390548,1.751940830223735,1.040668576434765,1.0193679733170762,1.0208958920382554
moderate,300,300,51,0.004949620942551527,0.002861813683886223,1.7295398964722781,1.0392673693903747,1.0201326200560448,1.0187571193765754
moderate,300,300,52,0.0054240146377318625,0.002981705933391354,1.8190977778826962,1.04209988924602,1.0188829350158992,1.0227866749282228
moderate,300,300,53,0.004568640310924635,0.0027935616292510067,1.6354177631475957,1.0485076294275077,1.0312729377228924,1.016712056599362
moderate,300,300,54,0.005344068054154713,0.0029203105534477184,1.8299656684956012,1.0665148480146889,1.0366339182699342,1.0288249585684248
moderate,300,300,55,0.004887963140857799,0.002822264833171503,1.7319292943054463,1.0522736782346243,1.0325520836204956,1.019099854551625
moderate,300,300,56,0.0048359419445893875,0.0028047417495652084,1.7242022176690799,1.0684167695053786,1.0452239991406598,1.0221892822818717
moderate,300,300,57,0.005244840062719088,0.003051546899239931,1.7187479779601145,1.056983346251967,1.0354730138227457,1.0207734360452425
moderate,300,300,58,0.00498296672427504,0.0027805332078221323,1.7920903480875798,1.0415723477455234,1.020271228532046,1.0208778985604887
moderate,300,300,59,0.004648684307761647,0.002731794766909502,1.7016960293180206,1.0506918273751364,1.0320655330963628,1.0180475887251963
moderate,300,300,60,0.004912686440268197,0.002866294250076848,1.7139504920461268,1.040637226225541,1.020749855540112,1.019483099191727
moderate,300,300,61,0.0051026535934939705,0.002867088079035776,1.7797338110414915,1.035481578464544,1.0128670286076027,1.022327264308356
moderate,300,300,62,0.004796222320997301,0.0026672265981054852,1.7982057933900435,1.0470469704161587,1.0250733005544321,1.0214361937335035
moderate,300,300,63,0.005081824918598902,0.0029796308301780227,1.7055216596397214,1.044240698895037,1.0205695394565606,1.0231940681387386
moderate,300,300,64,0.005429727221337743,0.002987411755485688,1.8175356013001254,1.0537991702875449,1.0324957514354443,1.0206329360895512
moderate,300,300,65,0.0051176386206990155,0.002926584324083786,1.7486728738975166,1.0677120663400772,1.0455500582862463,1.0211965059713703
moderate,300,300,66,0.004719787112457993,0.0027189972353216015,1.7358557968153796,1.045938866884987,1.0267995682233284,1.018639761112069
moderate,300,300,67,0.0049017065423472145,0.0027467683006217815,1.784535863923296,1.0493805205699303,1.0236748400573283,1.025111177403913
moderate,300,300,68,0.004818817787197438,0.0028182044746395208,1.709889339315529,1.0515949833058051,1.03011111793321,1.0208558717584757
moderate,300,300,69,0.004765488011875444,0.0028154273726218775,1.69263397032244,1.0345370364262514,1.0159075938676017,1.0183377333441586
moderate,300,300,70,0.004671357785111327,0.0027453361048235935,1.7015613413977568,1.0403032654934299,1.0230949548032,1.0168198568563365
moderate,300,300,71,0.004742056394542649,0.0028456905688986787,1.666399167347942,1.0341418818168002,1.0153142934034185,1.0185436061874693
moderate,300,300,72,0.004945143300857168,0.0028782700491993343,1.7180956673029302,1.0341294972672388,1.013306899702464,1.0205491520593504
moderate,300,300,73,0.00515193514931363,0.0028863698199656463,1.7849185900145492,1.0513560292858364,1.0287501428902375,1.0219741271015415
moderate,300,300,74,0.005544983125291411,0.003020373485951523,1.8358600852121265,1.0400747758437943,1.0142037912777375,1.0255086648152472
moderate,300,300,75,0.005185137563125109,0.002878387670414755,1.8014034789059419,1.0421505224853607,1.0157570757463676,1.025984014651928
moderate,300,300,76,0.005093183161863514,0.0029571151209082302,1.7223486247972737,1.0546957748333168,1.0348753264004114,1.019152498786348
moderate,300,300,77,0.00505260107768683,0.002980659515682799,1.6951285616832348,1.0457499859737565,1.0241428338011451,1.021097791694168
moderate,300,300,78,0.0044792997427776345,0.002777664576938363,1.612613625117714,1.0471867678793203,1.0293071795968092,1.01737050769384
moderate,300,300,79,0.0049819461905097,0.002904979684673209,1.7149676525432005,1.0601873228657295,1.0398094084580678,1.0195977399722513
moderate,300,300,80,0.005005396907338723,0.0027573435147565536,1.8152968175895379,1.0431002856284672,1.0217422307338477,1.0209035647663105
moderate,300,300,81,0.005192635941228085,0.002900169490195791,1.7904594744486915,1.0476502391023925,1.0255250074725153,1.0215745413019295
moderate,300,300,82,0.005204783904346602,0.0028378304639777177,1.8340714748164284,1.061100732588131,1.035287739643105,1.0249331581516887
moderate,300,300,83,0.00535268490346805,0.0028406901693586004,1.884290290157421,1.0640713008594642,1.0393716249725022,1.0237640467504734
moderate,300,300,84,0.004876699379470434,0.0028942317533183384,1.6849719701537815,1.0595804654930272,1.036505769481155,1.0222620044106678
moderate,300,300,85,0.005085347153967066,0.002929063379319967,1.7361683567078423,1.0417035975441964,1.022299342252664,1.0189809916621628
moderate,300,300,86,0.0052681654039714,0.002997515954411261,1.7575103799593002,1.0562351455721208,1.0317915437794154,1.0236904459433438
moderate,300,300,87,0.004958431392245849,0.0028268719486911945,1.754034665256606,1.0472825272186739,1.0232286662040635,1.0235078060350327
moderate,300,300,88,0.004660208239543308,0.0028032424420078167,1.6624349609252644,1.0423628981166924,1.0240711207313125,1.0178618232807086
moderate,300,300,89,0.005111312927829796,0.0028103975263149643,1.818715281368692,1.0547116097572793,1.0319881854936386,1.0220190740388866
moderate,300,300,90,0.005019630013538493,0.0028991202508706656,1.7314321515401077,1.0472990080530695,1.0236754868739526,1.0230771582225313
moderate,300,300,91,0.004958363608984492,0.002887446704099149,1.7172138976436782,1.039615816696513,1.0182832574363594,1.0209495335451755
moderate,300,300,92,0.004874843096730595,0.002845767251164468,1.713015389693533,1.0523975895474058,1.0327064828806036,1.0190674765707641
moderate,300,300,93,0.005237263393052018,0.0029502917787953354,1.7751679446398687,1.0529970021005177,1.0305764288261425,1.0217553717000039
moderate,300,300,94,0.004941557342083713,0.0028608603926514923,1.727297618148992,1.0527323896845533,1.030723182652484,1.0213531696991915
moderate,300,300,95,0.0050318881185266815,0.002882029238707574,1.7459531815101212,1.0600332612371033,1.0371211633983335,1.0220920164850302
moderate,300,300,96,0.004696311330273865,0.0026775633733457697,1.7539496457951445,1.0393785618263554,1.0189599865356609,1.0200386428912829
moderate,300,300,97,0.004912871601209707,0.002796136354101724,1.7570214678561331,1.0493507467564107,1.0258869675999736,1.0228717001945447
moderate,300,300,98,0.004913383271658982,0.002931759637287388,1.675916132130495,1.0511430103362909,1.0320000514083942,1.0185493778820764
moderate,300,300,99,0.005006789842084404,0.0027553266719926874,1.817131120232444,1.0547235106225044,1.0279953050386836,1.026000318729875
moderate,300,300,100,0.005126642101263482,0.0028186812110486403,1.8188087681459393,1.046270520098668,1.021555091310929,1.0241939264930122
moderate,400,300,1,0.003600079130396842,0.00242373268847187,1.485344958839765,1.0285987149085594,1.0167808516626144,1.0116228223875583
moderate,400,300,2,0.0037145676537969513,0.0023648435517827316,1.5707456212047235,1.0438756317614588,1.032213577682207,1.0112981017992793
moderate,400,300,3,0.003956541236351693,0.002423196965808227,1.632777397867052,1.0386545732786436,1.0225664928866167,1.0157330408378742
moderate,400,300,4,0.0038853018599735323,0.002435818754537419,1.5950701802981158,1.043513225343666,1.0273999786699997,1.0156835185985944
moderate,400,300,5,0.003640345938389941,0.0023197266202578744,1.5692995487482309,1.0446400276949914,1.0330230755480905,1.0112455882369689
moderate,400,300,6,0.0038390933581445323,0.0023924291347413675,1.604684252668389,1.0354363665046888,1.020593409569789,1.0145434575568704
moderate,400,300,7,0.003578225032151034,0.00229684811922133,1.5578849128971193,1.0291822850083765,1.0160646409638794,1.0129102455844277
moderate,400,300,8,0.0036986303479398966,0.0022536996423351925,1.6411372121031733,1.0442959824356066,1.0289701699833107,1.0148943214287198
moderate,400,300,9,0.003476639686657835,0.0023129177671508696,1.503140204997637,1.0287627759900457,1.0186423363264128,1.0099352238786097
moderate,400,300,10,0.0037673283407440024,0.0024517202608432963,1.5366061132309556,1.0457405949347385,1.0319913704396366,1.013323003359267
moderate,400,300,11,0.003952443469874657,0.0024645953322626284,1.6036886129481167,1.0430207889542056,1.0266001078176357,1.0159952069082452
moderate,400,300,12,0.0036252816021209036,0.002410959942843528,1.5036672894055567,1.035046231576799,1.0237851396490785,1.0109994680442231
moderate,400,300,13,0.003761514853415238,0.0023437419201583075,1.60491853691859,1.034692187944696,1.0190705629221326,1.0153292868923318
moderate,400,300,14,0.003634770872076666,0.0022750518651719525,1.5976650588587542,1.0292820226342467,1.017544912620305,1.0115347341118508
moderate,400,300,15,0.0038718673780941066,0.0023834312031627077,1.624493030449677,1.0312409607194661,1.0151491992121704,1.0158516221258749
moderate,400,300,16,0.0036478140581616904,0.0023945081104983458,1.5234085205927768,1.0299961306807008,1.0187833976775829,1.0110060028742895
moderate,400,300,17,0.003885588044454103,0.002382177152728045,1.6311079299893239,1.0364154984044067,1.0203250511497548,1.0157699227677692
moderate,400,300,18,0.003385758307205454,0.0022931369236464513,1.476474549902394,1.0417911786597531,1.0329697717140762,1.0085398500394052
moderate,400,300,19,0.003815095394491332,0.0024817996478512534,1.5372294043938834,1.0444856718956854,1.0311194735177482,1.0129628027801059
moderate,400,300,20,0.003752876875459593,0.0023787692506249195,1.577654862687369,1.037592343184664,1.0249863065577562,1.0122987366233633
moderate,400,300,21,0.003817474201098708,0.00245566065225501,1.5545609681831067,1.0366554880814198,1.025553872779995,1.0108249947624217
moderate,400,300,22,0.0038384019638204913,0.0024486159562150615,1.567580229998046,1.0358361320479945,1.0227187037571466,1.0128260373479616
moderate,400,300,23,0.003651209572759542,0.0023754686102972727,1.5370481247077474,1.0419287323346968,1.0303122612125621,1.011274709192011
moderate,400,300,24,0.003589043995496186,0.0022955447255851628,1.5634824952414266,1.027679434639805,1.0165141712915846,1.0109838737752508
moderate,400,300,25,0.003899873245858681,0.0024383795335409944,1.5993708904681125,1.0441035574453659,1.0330591664264304,1.010690956895664
moderate,400,300,26,0.0035074366726851086,0.0022336887998091544,1.5702441060656178,1.0252510410496838,1.0139945224314406,1.0111011631416424
moderate,400,300,27,0.003356024942443165,0.002273351977336124,1.4762451991159324,1.0309238144459516,1.0213312407255282,1.0093922258890358
moderate,400,300,28,0.0037567730115675205,0.002502509902246639,1.5012020564613398,1.0327365422382662,1.0224984956248833,1.0100127742556004
moderate,400,300,29,0.003926337793766585,0.002491693169428647,1.5757709825351034,1.0376151970509306,1.0234648886777973,1.0138258855087974
moderate,400,300,30,0.003771888358501702,0.00239784529448014,1.5730324083812333,1.0463837476722533,1.0330550190978987,1.0129022446316498
moderate,400,300,31,0.0038086960596588433,0.002470893874533412,1.5414243804291488,1.0606207566490455,1.0487770043936329,1.011292917565694
moderate,400,300,32,0.003705727311685526,0.002327070437085615,1.5924431218878436,1.0382701980084805,1.0251121083619898,1.0128357567325157
moderate,400,300,33,0.0036118877961659316,0.0023723175968975176,1.5225144394197074,1.0432258874029434,1.0285711508312136,1.014247664403077
moderate,400,300,34,0.003301656133554426,0.0022577564596823027,1.462361504667786,1.0410497047227039,1.0314055074931388,1.0093505388128143
moderate,400,300,35,0.0036637310558020135,0.0023859485614362752,1.5355448625416084,1.0373010524221253,1.0252636136026563,1.0117408231987974
moderate,400,300,36,0.003402292918868255,0.0022474571816944373,1.51384104070145,1.0396075779866305,1.029876093628407,1.0094491797784508
moderate,400,300,37,0.00351392250097503,0.0022840417295405544,1.538466857031492,1.0328876754518335,1.0220622017550745,1.0105917953703498
moderate,400,300,38,0.003933479573346432,0.002589590297229687,1.5189582605226863,1.0488265010222146,1.034694203932336,1.0136584287765111
moderate,400,300,39,0.004042893593002724,0.002526484644408109,1.6002050920637478,1.0374912022788045,1.0200057710583743,1.017142482637414
moderate,400,300,40,0.003960499959916841,0.002474881186996627,1.6002788257981284,1.0495832320848166,1.0338161736727058,1.015251317220253
moderate,400,300,41,0.0035661839643932654,0.002276559464451143,1.5664796022593852,1.0309102361882008,1.0183755881431853,1.012308472621452
moderate,400,300,42,0.0036123652247462145,0.0023612809590441487,1.5298328692780834,1.0382015551518082,1.0244007808772528,1.0134720458361395
moderate,400,300,43,0.0035584873828472226,0.0023416764639281177,1.5196323820404838,1.0273863390529465,1.0150162586131781,1.0121870761525236
moderate,400,300,44,0.0036932531677686987,0.0023528444635539615,1.5696971155458597,1.036209496773702,1.0252495649877014,1.0106900135930632
moderate,400,300,45,0.0038165203662699127,0.002381297409346734,1.6027063025768402,1.024729240067523,1.010843822455106,1.0137364618588582
moderate,400,300,46,0.0037724509504761055,0.0023531037180993396,1.6031809059072024,1.0367322469109754,1.0235836264484972,1.0128456729110642
moderate,400,300,47,0.003626694991012773,0.0023534611246071833,1.5410048430768557,1.0265824270326964,1.0164620140256375,1.0099565088192304
moderate,400,300,48,0.003940406113865498,0.002481248102706506,1.5880742073182306,1.0243371930362608,1.0107335284692744,1.013459199862093
moderate,400,300,49,0.003884496586539949,0.0024694890029569143,1.572996106436892,1.0351805652190924,1.0217498957073619,1.013144772089683
moderate,400,300,50,0.0037932555162750264,0.002426964311618279,1.562963039100363,1.0323084137798388,1.0183843399692163,1.0136727100605685
moderate,400,300,51,0.0038133862132307583,0.0024651277636154527,1.5469324833849167,1.0315587400597925,1.0207435905507523,1.010595363624282
moderate,400,300,52,0.0035485885583278177,0.002301449680899129,1.5418927416833452,1.0374046118155538,1.0233086264246238,1.0137749111332917
moderate,400,300,53,0.00371504395647053,0.002316031446381618,1.6040559217253363,1.0461529299563714,1.0347413768400495,1.011028410936046
moderate,400,300,54,0.0036969322797468433,0.0023859037284452433,1.5494892923261083,1.036506446999225,1.0225326736084397,1.0136658453577554
moderate,400,300,55,0.0036432817143150077,0.002413653065235453,1.5094471391892454,1.0568550163035957,1.042491395720647,1.0137781670351529
moderate,400,300,56,0.0036449247909381265,0.00240310345523632,1.516757334352751,1.0294219138041762,1.017538023580213,1.0116790625495742
moderate,400,300,57,0.0036267088145657336,0.0023559787547420027,1.5393639723049564,1.0494842426447366,1.0334563136400523,1.0155090532547337
moderate,400,300,58,0.003755632357867162,0.0024072657632728737,1.5601236951756727,1.0395776588021584,1.0233871778682195,1.015820484450142
moderate,400,300,59,0.0037302467135855305,0.0023512990257690183,1.5864620674375995,1.037138776557914,1.0239312697549796,1.0128988216231496
moderate,400,300,60,0.0038017087984448792,0.0023717796316999958,1.6028929280078048,1.0329227373500454,1.018665791036047,1.0139957054015705
moderate,400,300,61,0.0036445186470722073,0.002411409788568194,1.5113642916893804,1.0356836419315392,1.0239538242096944,1.0114554166843392
moderate,400,300,62,0.0034941637429314457,0.0022226164831345447,1.5720947673363983,1.0310820830529084,1.018383490195884,1.0124693624545915
moderate,400,300,63,0.0038083925467482372,0.0024218188675733804,1.5725340147193498,1.039094702448306,1.0249262309125098,1.0138238939627702
moderate,400,300,64,0.0035851471648945016,0.002233699035699935,1.6050269564498811,1.01634940847068,1.0023915055943944,1.013924602112434
moderate,400,300,65,0.0038404440788495395,0.0024682475888465104,1.5559395646545733,1.0233124040165342,1.0093700270160761,1.0138129492924164
moderate,400,300,66,0.0036786680027897085,0.002392670875801594,1.5374734736791908,1.0367113959791372,1.0243702841878601,1.0120475105357642
moderate,400,300,67,0.003581897948841827,0.002362264565780733,1.5162983861877481,1.041156036082795,1.0264184262516076,1.0143582864982343
moderate,400,300,68,0.0035729453214395582,0.0023875594783532624,1.4964843195880821,1.034682674644553,1.023308099454133,1.0111154941473517
moderate,400,300,69,0.0038263726698960993,0.002423484717953106,1.5788722089107636,1.0372395969046853,1.0242415392029278,1.0126904223313113
moderate,400,300,70,0.0037469563966442887,0.002436373468445411,1.5379236579173259,1.042277972847954,1.0296965395736195,1.0122185836222626
moderate,400,300,71,0.0038461527179585613,0.0024843751996148655,1.548136818687774,1.0358994086794409,1.0229338713536147,1.0126748538580204
moderate,400,300,72,0.003803234588830834,0.002359505419130922,1.6118778783020051,1.0339819451983534,1.0194941173380503,1.0142108008412365
moderate,400,300,73,0.0036789112226803273,0.002330801904337378,1.5783886291813385,1.0394345701721097,1.0245498984867443,1.014528010502319
moderate,400,300,74,0.003991169049087678,0.002521508996820798,1.5828494183918738,1.0330056089208808,1.0194605400723853,1.0132865062609817
moderate,400,300,75,0.003640893932826797,0.0023239443564217256,1.5666872241437113,1.0414148005487882,1.0286236866518206,1.0124351733903802
moderate,400,300,76,0.003827687940990427,0.002465168625013127,1.5527083632950442,1.0325732266017489,1.0182781651478112,1.014038464088899
moderate,400,300,77,0.0038383303585715384,0.0024817794368174636,1.5466041428297361,1.0363609589272844,1.022384962987201,1.0136699936384514
moderate,400,300,78,0.003462380360873493,0.0022381040571030197,1.5470149164356393,1.0381767849849166,1.0220440499963688,1.0157847746274782
moderate,400,300,79,0.003623444454167021,0.0021929786652620897,1.6522935273216495,1.0297788720484788,1.0162970038165973,1.0132656774360762
moderate,400,300,80,0.003575778173294662,0.0023282994274397336,1.5357896545233842,1.0307671674062782,1.0184985932103183,1.0120457448618452
moderate,400,300,81,0.0036582774602448424,0.0023761381614251058,1.5395895405554887,1.0430752145035507,1.0283589178187102,1.0143104673182157
moderate,400,300,82,0.0038138445300523005,0.0023203944417644158,1.6436190595045008,1.0429650144135025,1.0261682552894227,1.0163684259744934
moderate,400,300,83,0.0038177519052269597,0.00239212741503116,1.5959651150844862,1.0270485068805664,1.0125261623917452,1.0143426856788738
moderate,400,300,84,0.003604509530110119,0.0024014088701359744,1.5009978412822393,1.0380096286420417,1.0238385034013378,1.0138411724052432
moderate,400,300,85,0.0034124099015665314,0.0023321348272949253,1.4632129590571878,1.0259145789084867,1.0133931120503257,1.0123559818092973
moderate,400,300,86,0.003837125400373543,0.002427911757045126,1.5804221011077815,1.0416937160612276,1.0273295950999917,1.0139819986007879
moderate,400,300,87,0.0038392222355980304,0.0024657334475793745,1.5570305214324842,1.053591837145052,1.0394076247797273,1.01364643863213
moderate,400,300,88,0.003869466303765563,0.0024305948255233154,1.5919832722150444,1.0303330592013575,1.0159146661466731,1.0141925237769949
moderate,400,300,89,0.0037083310694404044,0.0023670879801943132,1.5666215622183968,1.0410525396911128,1.0283134953478086,1.0123882885918905
moderate,400,300,90,0.003783144725543746,0.0025330747457214093,1.4934990496959544,1.0263851086549753,1.013655378366987,1.0125582427318602
moderate,400,300,91,0.004000244591786737,0.002509170727687745,1.5942496648974733,1.0467589391676524,1.0310701147506276,1.0152160596962112
moderate,400,300,92,0.0036140025804443734,0.0023136628459772953,1.5620264580588932,1.0380861391936225,1.0224535956362235,1.0152892450318702
moderate,400,300,93,0.003703796660134912,0.002387814643172994,1.5511240249424072,1.0276706739266153,1.0112891003452658,1.0161987047776513
moderate,400,300,94,0.003679052694785864,0.002361055846979982,1.5582234954296939,1.0470147913471597,1.0329088800247677,1.013656491482631
moderate,400,300,95,0.0035492596338134075,0.0023392385237250616,1.5172713675053018,1.0350972903592646,1.0228046742702144,1.012018537261595
moderate,400,300,96,0.0037274314662644236,0.0023765790571703502,1.568402050425561,1.0418396936243794,1.027915830046454,1.0135457234638523
moderate,400,300,97,0.0036783885833367234,0.0024592957081351475,1.4957081294327141,1.0302632417352922,1.0214151421931448,1.0086625889676446
moderate,400,300,98,0.0037754708963903716,0.0023846279568488114,1.583253641536394,1.0342846347972963,1.0202027628195849,1.0138030129802753
moderate,400,300,99,0.0038437820922651855,0.0023921011755366887,1.6068643465311618,1.0505121718988655,1.0356076299200228,1.0143920743225827
moderate,400,300,100,0.003922799104364725,0.002488247488696684,1.576530920732263,1.040645989037785,1.0273376464772535,1.0129542050816165
moderate,550,300,1,0.002699668447317971,0.0019220859641193343,1.4045513560341258,1.0257037491280458,1.0182421465594889,1.00732792547801
moderate,550,300,2,0.0026807620838883014,0.0019740348747823906,1.3580115114145679,1.0345273808455895,1.0271713701557639,1.0071614249613579
moderate,550,300,3,0.002624458168027874,0.0018990009219942653,1.3820204812074333,1.0230698709130042,1.0167131726386842,1.0062522041076958
moderate,550,300,4,0.0026318575597913123,0.0018144190559608434,1.4505235442413198,1.017725255289166,1.0100695522864283,1.0075793820191967
moderate,550,300,5,0.0025760975152897,0.0018341096368321454,1.4045493592951772,1.0167921222701097,1.0093809047167561,1.007342339763633
moderate,550,300,6,0.0025838585387160697,0.001813623770618242,1.424693798447108,1.0197856041000635,1.0123960136896513,1.007299110536282
moderate,550,300,7,0.002591597829705044,0.0018948626769998052,1.367696910790602,1.0286903633754003,1.0227986999206105,1.0057603352988689
moderate,550,300,8,0.002696109677634753,0.001916720072310739,1.4066267247801114,1.0321780597436654,1.0251122548209224,1.0068927133487222
moderate,550,300,9,0.0026550261539501807,0.0018830924502010256,1.4099287338052622,1.0151550098227187,1.0081508375569195,1.006947543963533
moderate,550,300,10,0.0027988925326042193,0.001954504614569296,1.4320214502133557,1.022356166016587,1.0131981212019685,1.0090387502927405
moderate,550,300,11,0.0027317168002190966,0.001887497449148204,1.4472691348281688,1.024986153871832,1.0165114650600005,1.0083370321960228
moderate,550,300,12,0.0027635855388896645,0.0020142435445034135,1.3720215444806065,1.0327158799332732,1.0260534399238979,1.0064932680405705
moderate,550,300,13,0.0025980507540434095,0.0018330462798395767,1.4173405126851375,1.0261579939180576,1.01939627174553,1.0066330654328854
moderate,550,300,14,0.0026754317639131257,0.0018849506635504015,1.4193643449923576,1.027032594761489,1.0187343836387315,1.0081456081742501
moderate,550,300,15,0.0026842201483356885,0.001965226120765224,1.365858167654774,1.016820715474325,1.0100181990927624,1.0067350433761222
moderate,550,300,16,0.002743483886095611,0.001957819505336862,1.4012956141345458,1.0274008031144086,1.019395282779221,1.0078532051996179
moderate,550,300,17,0.0028341490310030888,0.0020004907567861907,1.4167268813359473,1.0216191091827962,1.0150179266735242,1.0065035132245455
moderate,550,300,18,0.002582264010010141,0.001846412251185671,1.3985305872791647,1.0416146700369553,1.0338667177251268,1.0074941500475774
moderate,550,300,19,0.0025726475933151695,0.001818565361856201,1.4146577556548643,1.0237442000219943,1.0173086312207358,1.0063260731343016
moderate,550,300,20,0.0024841995270176833,0.0018330108701682141,1.3552562985017704,1.0337732032213622,1.0254287564058027,1.008137519806649
moderate,550,300,21,0.0027922578324479784,0.0020088553618808898,1.3899745523906657,1.025122889080825,1.018616868654927,1.006387112393386
moderate,550,300,22,0.00270776995886458,0.001968638604138793,1.3754530431191712,1.0313022304830304,1.0228134020499675,1.0082994888569599
moderate,550,300,23,0.002942357692875094,0.0020068760505533097,1.4661382261569496,1.0296468471689637,1.0204169714372755,1.0090452001388097
moderate,550,300,24,0.0026957692944615,0.001896764905523325,1.4212458732294642,1.0309120081953773,1.021899406233254,1.0088194610028631
moderate,550,300,25,0.002667431151211055,0.001830580576164292,1.4571503630833111,1.0146272634521316,1.0058658081024499,1.0087103620374671
moderate,550,300,26,0.002750158439790012,0.0019404379223866143,1.417287514360415,1.0217600136639347,1.0122823699987222,1.0093626481563878
moderate,550,300,27,0.0027206824259646016,0.0019350875521863763,1.4059738138931304,1.0222071038006206,1.0142396049677758,1.0078556376558554
moderate,550,300,28,0.002743668196455657,0.0019051933821514762,1.4400995836744495,1.0272808140545016,1.0181043670544738,1.0090132674969037
moderate,550,300,29,0.0027392551079443183,0.0019210449003230822,1.425919356431299,1.016611039057261,1.009304679299732,1.0072390031547245
moderate,550,300,30,0.0027885086969216795,0.0019613497984830057,1.4217294126108637,1.0410857285051474,1.0319836697489781,1.0088199639422426
moderate,550,300,31,0.0026980571979514944,0.0018473957419334643,1.4604652033720382,1.0268202975288012,1.017900074473311,1.0087633582894722
moderate,550,300,32,0.00264306475914457,0.0018683982942747143,1.4146152708679123,1.0130771553435514,1.0053241956231262,1.0077119000559014
moderate,550,300,33,0.0026825398196129615,0.0019184865934006015,1.398258308836051,1.0219145342157867,1.0146199366690696,1.0071894876919774
moderate,550,300,34,0.002680788564504695,0.0018775393764532157,1.427820155531899,1.031875535854295,1.023757148544971,1.007929993280987
moderate,550,300,35,0.0026270447058261734,0.0018827981025230877,1.3952875256809216,1.0259376727910938,1.0191202236672023,1.0066895435548904
moderate,550,300,36,0.0026504225406975513,0.0018664056720887627,1.4200677700102393,1.021508700904219,1.0146315332998739,1.0067779951427083
moderate,550,300,37,0.002565316510079465,0.0018490101870288198,1.3873998791762634,1.0237490159000393,1.0168305195664407,1.0068039817850358
moderate,550,300,38,0.0027995886521101666,0.0019626421140890513,1.426438693031704,1.0296065879879832,1.02071815923289,1.0087080147195315
moderate,550,300,39,0.002649116438257447,0.0019543694991979413,1.355483924275642,1.029734924352719,1.0233328609867047,1.0062560908674831
moderate,550,300,40,0.002732279427403996,0.0019246933123517663,1.4195921032558934,1.0325035001964413,1.024614128079501,1.007699847094367
moderate,550,300,41,0.0027129429582431067,0.001876728433418292,1.4455703392854369,1.027706553300521,1.0186980835622181,1.0088431203353223
moderate,550,300,42,0.0027660526520488153,0.0019378515538643955,1.4273810842388057,1.039465961260525,1.0284130275351848,1.0107475629240432
moderate,550,300,43,0.002737225612796866,0.0019936185012635324,1.3729936851318565,1.04041654364919,1.033407476577363,1.0067824814806263
moderate,550,300,44,0.002698544224321148,0.0018942690886369485,1.424583360679199,1.0176968317864348,1.0096572047024046,1.007962729376452
moderate,550,300,45,0.002539586886692489,0.0017971376880084999,1.4131287233237733,1.0164185508178705,1.0090213427894235,1.0073310719156818
moderate,550,300,46,0.00280667369608342,0.001985350740049619,1.4136916160281452,1.0401406506178594,1.03258966341588,1.0073126697559611
moderate,550,300,47,0.00267190237218022,0.0019034083393659178,1.4037462781477097,1.0286148420894061,1.020973021609254,1.0074848407532915
moderate,550,300,48,0.0027211073987199416,0.0019384600632139945,1.4037469486001721,1.0289300988743413,1.021302267479644,1.007468730499856
moderate,550,300,49,0.0026914290929547406,0.0018727111716077432,1.4371832313277222,1.0291406003087502,1.0225267588026694,1.006468135380462
moderate,550,300,50,0.0025543628482333873,0.001813867224399256,1.408241360708957,1.0240743465259436,1.0157164380046142,1.00822858448343
moderate,550,300,51,0.0027233126960582712,0.00190889168536427,1.4266460045576588,1.0208564609761255,1.0128218839739813,1.0079328627563013
moderate,550,300,52,0.0027434641480529294,0.001973658375817653,1.3900400300616154,1.0255687496674482,1.017227128190102,1.0082003529459425
moderate,550,300,53,0.0026271088763369266,0.0019382679737777503,1.355389921248403,1.0218837054778767,1.0148660453969294,1.0069148634076162
moderate,550,300,54,0.0025236283868256253,0.001844901951671849,1.367892957421783,1.022529990369962,1.01781637763843,1.0046311032471975
moderate,550,300,55,0.0025637643738714837,0.0018811961589173562,1.3628373424635054,1.0291074563760831,1.0222963585546627,1.0066625472784134
moderate,550,300,56,0.0027875654394593323,0.0019489126465812028,1.4303183081854902,1.0324634220189828,1.0247921321470228,1.007485703325891
moderate,550,300,57,0.0025614386730934626,0.0018402934623172496,1.3918642464056605,1.0319887186442132,1.025315301508885,1.0065086487303052
moderate,550,300,58,0.0027911627402149074,0.001977288989192907,1.4116109256008191,1.0248965333205138,1.0159759130654684,1.008780346207352
moderate,550,300,59,0.002657867423129932,0.0018609767781976024,1.4282109558100644,1.0224291194769939,1.0151506048127865,1.0071698865465875
moderate,550,300,60,0.002736273266269086,0.0019782299224205577,1.3831927397604968,1.0222823333287656,1.01666410265456,1.0055261424688215
moderate,550,300,61,0.0026336299554575453,0.001915229824563817,1.375098654834983,1.0288616783487599,1.0209084229332555,1.007790371042932
moderate,550,300,62,0.00273143726308943,0.001947288496783725,1.4026875152813048,1.0156685585886753,1.009443690833353,1.0061666319893319
moderate,550,300,63,0.0024781401992087326,0.0018279068231317537,1.3557256682060705,1.0250476212286905,1.019388663466972,1.0055513249896975
moderate,550,300,64,0.002538680335904796,0.00183760512824018,1.3815157004573746,1.0106823411241952,1.0032813761658006,1.0073767590371094
moderate,550,300,65,0.0027668064093472502,0.0019572030289056607,1.4136532431662272,1.028584309689865,1.0202654662026658,1.0081536068432868
moderate,550,300,66,0.0026272379450261027,0.00184805568866312,1.4216227146957037,1.024568585484033,1.0161681463455368,1.0082667806196315
moderate,550,300,67,0.0026676937378917838,0.001946626955367361,1.370418574825676,1.0365373732005503,1.029737417944873,1.0066035817842265
moderate,550,300,68,0.002646550633835956,0.001937281011934886,1.3661160242275214,1.0218780178759042,1.0151345014095412,1.0066429783018895
moderate,550,300,69,0.002662401978641998,0.0019051444296010408,1.3974803890325185,1.0242114016129213,1.0173884467448024,1.006706341997444
moderate,550,300,70,0.0026299538608171606,0.0019381159313687046,1.3569641620766604,1.0275279333045448,1.022079780894389,1.005330457085638
moderate,550,300,71,0.0025327113731942077,0.0018475626512247103,1.370839235960592,1.0348038827696637,1.0280879200171669,1.006532479004699
moderate,550,300,72,0.002549243806561701,0.0018070466123131,1.4107238790584133,1.022966559270726,1.0152178236631468,1.0076325842858234
moderate,550,300,73,0.0027363883461090205,0.0019192098577986575,1.42578902197161,1.022536674595358,1.016073816018146,1.0063606191551506
moderate,550,300,74,0.0026753044363791076,0.001938140723694597,1.3803458147658578,1.0313762208834454,1.023302102895666,1.007890258375246
moderate,550,300,75,0.0024921435416687884,0.0017794298020708998,1.4005292812160572,1.0330828845055047,1.0262924326364038,1.0066164882962814
moderate,550,300,76,0.002753717303716892,0.0019478498864688844,1.413721520763033,1.0329320436417233,1.0248338949253255,1.007901913428603
moderate,550,300,77,0.0025296634938925372,0.001851552049251249,1.3662394718611937,1.017778797089001,1.0118089526969536,1.0059001695687066
moderate,550,300,78,0.002928330865491758,0.0020775377967993188,1.4095198989896511,1.034200931742842,1.0251812471983512,1.008798136494537
moderate,550,300,79,0.002764170334946244,0.0018807901499869762,1.4696856717190832,1.0365086524481997,1.0264856389556003,1.0097643971939025
moderate,550,300,80,0.0026648554125238383,0.0018844646899023492,1.414117986292398,1.0228615649500103,1.0159771262839932,1.0067761748644848
moderate,550,300,81,0.0027210917649279917,0.0018868704442087324,1.4421190248009284,1.0366364062164852,1.0287544805294928,1.0076616197899189
moderate,550,300,82,0.0027014107724220994,0.0019350844405614058,1.3960169984305013,1.0326863041127683,1.0241537831861418,1.0083312887836842
moderate,550,300,83,0.002868208812676025,0.001956784245413057,1.465776730060792,1.0324420069041027,1.022534446293269,1.0096892194162739
moderate,550,300,84,0.002627925638896556,0.0018872459422393983,1.3924659102873842,1.0200253253503189,1.011914776999593,1.0080150508077115
moderate,550,300,85,0.0026106118895174502,0.0018863859062136301,1.383922494818408,1.0156960977706946,1.009350972345039,1.006286342015319
moderate,550,300,86,0.002683471144619452,0.001959588805962955,1.3694052223883655,1.0133647132958414,1.0075308687381979,1.0057902390275641
moderate,550,300,87,0.0026707629437615755,0.0018972091359354829,1.4077324914655052,1.0276640552614007,1.0192198517820668,1.0082849676294763
moderate,550,300,88,0.0027011472258924554,0.0019617554800673382,1.3769031122062865,1.0243580155291403,1.0153155390124047,1.0089060751749463
moderate,550,300,89,0.002599927559873595,0.0018264380073287534,1.423496198305742,1.0218683698355389,1.0140559578321031,1.0077041231729829
moderate,550,300,90,0.0026595143344204323,0.0018653680177846165,1.4257317103458087,1.0324995234758974,1.0242933918857633,1.0080115049605332
moderate,550,300,91,0.0026143289093254014,0.0019258693590518518,1.357479881507899,1.0304739898596367,1.0227752153641483,1.0075273377569551
moderate,550,300,92,0.0026535071926958444,0.0019184006387723436,1.3831871920111134,1.0218751250559275,1.0149190985898169,1.0068537743311519
moderate,550,300,93,0.0024940699158997473,0.0018244644655098737,1.3670147942304496,1.027891589372599,1.0208741592018367,1.006873942402704
moderate,550,300,94,0.0027401934003422747,0.00187239089078598,1.4634729392386727,1.0191095612832282,1.0102428718188627,1.00877678993013
moderate,550,300,95,0.002707815331463522,0.0019189458097057187,1.411095257493895,1.0239425459540956,1.015809428057227,1.008006539093089
moderate,550,300,96,0.002762935793091333,0.001954741147388697,1.4134535392485539,1.0221249178901428,1.0128604836488992,1.0091468019443979
moderate,550,300,97,0.0027582341411058514,0.0018936124198185925,1.4565990971743255,1.0317096409139108,1.0244811465156243,1.0070557612727882
moderate,550,300,98,0.002603605122793987,0.0019290138752443026,1.349707825437103,1.0374750544999762,1.0309195241038336,1.0063589157474162
moderate,550,300,99,0.0026999457580596372,0.0019144270888769702,1.4103152706867845,1.0150683632365554,1.006957223291208,1.0080550988241945
moderate,550,300,100,0.0027197912931471273,0.0020176823341824467,1.3479779482973822,1.030389385210812,1.0230138246059697,1.0072096392320828
moderate,700,300,1,0.002054971489144068,0.001569563367868362,1.3092631563738286,1.0188735651479308,1.0135042362025215,1.005297786386693
moderate,700,300,2,0.0021212311919724543,0.0015921682921590178,1.3322908152479376,1.0152483359747517,1.0094942364433497,1.0056999825493556
moderate,700,300,3,0.0020452158281043216,0.001526717339570414,1.3396165584127067,1.0234085024556525,1.0177336554483711,1.0055759647692708
moderate,700,300,4,0.0020600450394343823,0.0015769712336598468,1.306330131750986,1.014690415318919,1.0098005664410625,1.0048423907060084
moderate,700,300,5,0.0022503450348541954,0.0016194657083475,1.3895601637347688,1.0221254410648917,1.0161582961464826,1.0058722592149647
moderate,700,300,6,0.002106052148637586,0.0015888915159425604,1.3254851747309104,1.0190789257915531,1.012795450677233,1.006204090974262
moderate,700,300,7,0.002095237522670076,0.0015957543279886128,1.3130075763673739,1.0269363233339392,1.0208138030107483,1.0059976856750306
moderate,700,300,8,0.0021900084451579546,0.0016248698138996037,1.3478054835064277,1.0218087483048781,1.0157344135072248,1.0059802392405701
moderate,700,300,9,0.0021000446495686087,0.0015969744891711258,1.3150145251591279,1.0177187360844682,1.0124341094716793,1.0052197239932448
moderate,700,300,10,0.0021297903412362124,0.0016172906312491868,1.3168878246646205,1.0276512538930411,1.0234579061468958,1.0040972351876516
moderate,700,300,11,0.0021498108594145524,0.001630710531330271,1.318327697105641,1.0255754515352253,1.0211212283059143,1.0043620905195563
moderate,700,300,12,0.0021165968137130658,0.0016042418045898437,1.3193751762716444,1.0148029486509575,1.0093023565860046,1.005449895196479
moderate,700,300,13,0.002107495412748959,0.0015900526386267947,1.3254249334594606,1.017834048493163,1.0130277977118334,1.0047444411616202
moderate,700,300,14,0.0021468806525294184,0.0016543350145712958,1.2977302865621574,1.0367183597787826,1.0321835417510927,1.004393422142729
moderate,700,300,15,0.0020010884390962826,0.001536982518255663,1.3019591409324147,1.0185403925160805,1.0140006024272525,1.0044771078813572
moderate,700,300,16,0.0020428951469632787,0.0015876914714190535,1.2867078923950956,1.017325122053329,1.0125027072361044,1.0047628660968115
moderate,700,300,17,0.002139163811411183,0.0016522736379152617,1.2946788972014645,1.0191866302034551,1.0140831699312565,1.0050325855151947
moderate,700,300,18,0.0020309278571901766,0.001523263236794728,1.333274386286433,1.0141416567578536,1.009430356925507,1.0046672856626744
moderate,700,300,19,0.002085199166031708,0.0015801769667583366,1.3195985069377403,1.0285580948780766,1.0237849388470754,1.004662264358349
moderate,700,300,20,0.002223072426836285,0.0016429228642358242,1.3531203900253144,1.0260032052193784,1.0202666486165533,1.0056226052381538
moderate,700,300,21,0.002322224069190358,0.0017307191157715025,1.3417683135458873,1.0145558837469195,1.0082497307576466,1.0062545545978319
moderate,700,300,22,0.0021148903976515115,0.001571921662825453,1.3454171716484258,1.0261135103868602,1.0199917435883419,1.0060017807369517
moderate,700,300,23,0.0021558019898476532,0.001625846266237363,1.3259568475909764,1.0217789359816842,1.0157492821559748,1.0059361635116406
moderate,700,300,24,0.0020527590998751302,0.0015794363187082178,1.2996782938067624,1.020430667707581,1.0161103338215076,1.0042518353984502
moderate,700,300,25,0.0021078906978061595,0.0016469125790042043,1.2799044252128324,1.022106586051521,1.0172665133397547,1.004757920022233
moderate,700,300,26,0.002015999164983945,0.0015282133716912505,1.3191869684747421,1.0119668500948007,1.0069915715070028,1.004940735085153
moderate,700,300,27,0.0020428650311630336,0.0015086637582259334,1.3540890208466847,1.0232839255543364,1.017296027846301,1.005886091702051
moderate,700,300,28,0.0021298592362487493,0.0016463870524861051,1.2936564540109712,1.0270771457534857,1.0225124039101798,1.004464241045732
moderate,700,300,29,0.0022274768053527783,0.0017327427459750775,1.2855207794272403,1.01420612786925,1.0093659347224904,1.004795280859256
moderate,700,300,30,0.002204507390475214,0.001634966845864232,1.3483499044960308,1.0208591419065611,1.014617256612186,1.0061519605089477
moderate,700,300,31,0.00211072086235956,0.0016045642424463136,1.3154480241573634,1.0199101227658418,1.015586358398831,1.0042574068972605
moderate,700,300,32,0.0021622378973071084,0.0016512004755360437,1.309494473470983,1.0233537285578296,1.0186239036810218,1.0046433476180123
moderate,700,300,33,0.001986739509173344,0.0015270122129495535,1.30106327397067,1.019576810468707,1.0155556889927722,1.0039595282853697
moderate,700,300,34,0.0020834898281352635,0.0015521546300103946,1.3423210470475553,1.0216340672518511,1.0161199106606993,1.0054266790103212
moderate,700,300,35,0.0020797189765692737,0.0015837243743040276,1.31318240112533,1.0305623789826708,1.025774890276348,1.0046671923359647
moderate,700,300,36,0.002052924160613839,0.0015298267526909813,1.341932448888558,1.0144065393992423,1.0082971115050934,1.0060591544143465
moderate,700,300,37,0.0019781884340787557,0.0015483844475753634,1.2775822162102108,1.0264346356836396,1.0204698157833376,1.0058451703402156
moderate,700,300,38,0.002148219531576152,0.001602210348569786,1.340784955916532,1.0312601039550242,1.0257040934899382,1.0054167771195899
moderate,700,300,39,0.002129996543757188,0.0016097942699023265,1.3231482951460776,1.021081666434579,1.0166227209321133,1.0043860376230598
moderate,700,300,40,0.002089093776785503,0.0016190450565274092,1.2903246690776304,1.0192242660064557,1.0134343639133967,1.0057131495627414
moderate,700,300,41,0.0020998161332907114,0.0015582644112828383,1.3475351924145156,1.0185308116472265,1.0134828260384758,1.004980829945074
moderate,700,300,42,0.002065835203195378,0.0015540476135532627,1.329325552948751,1.0176027266700953,1.0118492983167928,1.0056860526195683
moderate,700,300,43,0.0020582921972260625,0.0015597112494238783,1.3196623400557947,1.0218604069198094,1.0167592576679902,1.0050170669343292
moderate,700,300,44,0.0021417866326803453,0.001584946410448047,1.3513306308412572,1.0193046846830542,1.0152009477351682,1.004042290304241
moderate,700,300,45,0.0022050949229365517,0.0016214758920793913,1.359930748096861,1.019372543335906,1.0136537498082827,1.0056417623164764
moderate,700,300,46,0.0020975214543924666,0.0015796724925324676,1.327820459182526,1.021962690388785,1.0174044987748383,1.0044802157051946
moderate,700,300,47,0.0021433471182002216,0.0016599505862311655,1.291211398687827,1.015019651603409,1.0102060635333616,1.0047649566200494
moderate,700,300,48,0.0021549836050685322,0.001586110205676376,1.3586594407855586,1.0194734362614888,1.0141519314210234,1.005247246172483
moderate,700,300,49,0.0021473333733717736,0.0016313666622591236,1.3162788127582166,1.0267003237145562,1.022053341110826,1.0045467124041487
moderate,700,300,50,0.001976257600942326,0.0014890618610774282,1.3271830087115264,1.0213179061771764,1.0171047241918587,1.0041423285971514
moderate,700,300,51,0.002148429772178179,0.0016130988442171446,1.3318649256244657,1.0264682236241642,1.0213321359033491,1.0050288124110305
moderate,700,300,52,0.0021305384299922063,0.001610848628273915,1.3226186449779322,1.0241048729492388,1.0189966122669012,1.0050130300933715
moderate,700,300,53,0.0021861871420281627,0.0016740990094012928,1.3058887973477793,1.027155404328122,1.0216803158329049,1.0053589057265468
moderate,700,300,54,0.0020443067549199335,0.0015679481389713227,1.3038101861335372,1.0219494492313308,1.0179146729830209,1.0039637666647303
moderate,700,300,55,0.002119296468063527,0.0015996384897661875,1.3248596364878014,1.0220606304171291,1.0168787850625274,1.0050958338699958
moderate,700,300,56,0.0020925905578024237,0.001587608843474402,1.3180769094375253,1.0117931620748861,1.0069511614053452,1.0048085754852134
moderate,700,300,57,0.002065938857931336,0.0016240113447802097,1.272120951969665,1.01986706923182,1.0156809153692647,1.0041215245843556
moderate,700,300,58,0.002124869577300254,0.001603832858976091,1.324869711583787,1.0161108319181649,1.010701421869017,1.0053521345989054
moderate,700,300,59,0.002075145587664529,0.0015498404695797972,1.3389414126133614,1.0205992686740695,1.0168141753953042,1.0037225024693364
moderate,700,300,60,0.0020229466519514397,0.0015401657322134832,1.3134603696474387,1.0193131545442307,1.0144079381802855,1.00483554611446
moderate,700,300,61,0.0020588485604485294,0.0015772942525857558,1.3053040401772413,1.015544966799966,1.0115113419241208,1.003987720857556
moderate,700,300,62,0.0020376820431062623,0.0015752302574419898,1.293577261787268,1.0189905965500348,1.0137695654748309,1.0051501162128087
moderate,700,300,63,0.002140937504443691,0.0016338700738269315,1.3103474619796918,1.0266129263618917,1.020879141626615,1.0056165166879019
moderate,700,300,64,0.001988084075487001,0.0015436101626906033,1.2879444069101316,1.015803431416043,1.0118576308868545,1.0038995609745316
moderate,700,300,65,0.0021395215664652837,0.001569697956667272,1.3630148127400519,1.0188186043557588,1.0131287648543266,1.0056161069538385
moderate,700,300,66,0.0019613519423176615,0.0015167390789788554,1.2931373428039723,1.016775221392185,1.0118695799465367,1.0048480965757538
moderate,700,300,67,0.00217831801474661,0.0016591979984613185,1.3128740613035366,1.0245266150939905,1.019917936214522,1.0045186761756282
moderate,700,300,68,0.002097285585878546,0.0016117606700578305,1.3012388407537547,1.0141445910753062,1.0087193628940379,1.0053783325480175
moderate,700,300,69,0.002192139165975437,0.00165438426979417,1.3250483614959492,1.017951499141577,1.0125282599325558,1.0053561361431853
moderate,700,300,70,0.0020081607450210884,0.0015342689008594282,1.3088714396128394,1.0258221016587799,1.0209384351383477,1.0047835073618032
moderate,700,300,71,0.0020388057966856227,0.0016087990905334659,1.2672842797353707,1.0116782190555011,1.0085074685858841,1.003144002963174
moderate,700,300,72,0.0020742223122970954,0.0015535029014561684,1.335190497779459,1.0257644593848645,1.021036471140084,1.004630577240303
moderate,700,300,73,0.002128072295292896,0.0016203648108945744,1.3133291225437225,1.0203873896847404,1.01462414782893,1.0056801741493562
moderate,700,300,74,0.002096504341171677,0.0015924183781227464,1.3165537210410636,1.0197425452929998,1.0145390236532228,1.005128951689842
moderate,700,300,75,0.0020735317887967445,0.0015577513233239297,1.33110577904838,1.0227289804597726,1.0169550181203724,1.0056776968858192
moderate,700,300,76,0.002191903002426177,0.0016313489463918682,1.3436138278533927,1.0271910835958125,1.021580583831528,1.0054919796373203
moderate,700,300,77,0.0020491803584316345,0.0015157953742344,1.3518845572850737,1.028373247468631,1.0214494829194367,1.0067783719752887
moderate,700,300,78,0.0020890019866332795,0.0016227083928607975,1.2873551377585575,1.02144788385764,1.0166423045332078,1.004726912605352
moderate,700,300,79,0.002166841993413002,0.0016342410359163392,1.3259011038099573,1.031782782714651,1.0263648856156073,1.0052787241408732
moderate,700,300,80,0.002180329404622794,0.001619225166370965,1.346526381818401,1.015941498291094,1.0099055419494027,1.005976753360557
moderate,700,300,81,0.0021282432922345874,0.0016058568249551683,1.3253007734945503,1.02184757430416,1.0175310152726071,1.004242189148796
moderate,700,300,82,0.0021454621066303884,0.0016607781882277983,1.2918414523012203,1.0274202929896363,1.0219690333775928,1.0053340751373132
moderate,700,300,83,0.002123334858902983,0.0016250769918387175,1.3066056990324528,1.0176844403213754,1.0121240546587456,1.0054937787883171
moderate,700,300,84,0.0021541711660822468,0.0016003611630650584,1.3460531383781615,1.0141236203046178,1.0086161158749145,1.005460456503737
moderate,700,300,85,0.002054433636494539,0.0015700496978008325,1.3085150357801938,1.0239811312284153,1.019099220293779,1.0047904176918405
moderate,700,300,86,0.002180818943130323,0.0016164439655643357,1.3491460202698409,1.0125072782904487,1.006718613826094,1.0057500322183919
moderate,700,300,87,0.0020637615374720503,0.0015711486923193488,1.3135367438873657,1.0267081878907043,1.0226166668112788,1.004001031092309
moderate,700,300,88,0.0020253055509801953,0.0015524953411138883,1.3045485531229188,1.0211543038651267,1.0163426927808767,1.0047342408406408
moderate,700,300,89,0.0021256620663609705,0.0015779450478094017,1.3471077901679418,1.0173392436765307,1.011316970570353,1.005954881883156
moderate,700,300,90,0.0020479656818002973,0.0016088376848264936,1.272947358901008,1.015691407420043,1.011505829348543,1.0041379673256017
moderate,700,300,91,0.0022173570707076738,0.00162509949701906,1.3644438846821374,1.0231963522961913,1.017138109136505,1.0059561657411789
moderate,700,300,92,0.0021076945300535542,0.0016101439062054638,1.3090100344016082,1.025231013495656,1.0193298523038903,1.005789255733488
moderate,700,300,93,0.002074175550227988,0.0015944775122092737,1.300849672915145,1.0061780969505536,1.0014465524940943,1.0047247099155472
moderate,700,300,94,0.00204335679574629,0.001601272054071218,1.2760834678598656,1.0168482373096703,1.012986661328008,1.003812069920644
moderate,700,300,95,0.002084081949328783,0.0015771234564745714,1.3214450275106826,1.0234775000631082,1.0181583149827367,1.005224320228099
moderate,700,300,96,0.0021936261356497477,0.001649042780868446,1.3302421023270872,1.0209557383294976,1.01640620315998,1.0044760993738262
moderate,700,300,97,0.002141568534937849,0.001645112644654639,1.301776229060249,1.0261028578849518,1.0213085308717182,1.0046942984106295
moderate,700,300,98,0.0020912075186050104,0.0016468886258212603,1.2697929209160577,1.0257319404376046,1.0205002551211588,1.0051265889353693
moderate,700,300,99,0.001970930331647623,0.001539391581339004,1.280330719967466,1.0229132787982929,1.0182641527239127,1.0045657367608822
moderate,700,300,100,0.0022033295755957073,0.0016695300562982443,1.3197304039443452,1.0095008162580845,1.0037482244602356,1.0057311103100006
moderate,850,300,1,0.0015797229133654848,0.0012707426405896686,1.2431493702237288,1.0116386669854054,1.008548168336489,1.0030643044585703
moderate,850,300,2,0.0016301320599403995,0.0012944328953970864,1.2593407242175596,1.0087395822262488,1.0052876538986897,1.0034337717310782
moderate,850,300,3,0.0016964074284500313,0.001358658653762619,1.2485898674785336,1.0171978462793083,1.0137648384845064,1.0033863946198154
moderate,850,300,4,0.0017217597781112061,0.0014052169823378223,1.2252625749275816,1.0193500339713601,1.0164534588260405,1.002849687922421
moderate,850,300,5,0.0016906414258402258,0.001316514340574814,1.284180030353533,1.0106581621623525,1.007055511924664,1.003577409780324
moderate,850,300,6,0.0017012966876753751,0.001376477513639641,1.235978554547438,1.0208772983597278,1.017476009563387,1.003342868789408
moderate,850,300,7,0.0017964705255016766,0.0013777008438030454,1.3039627097437547,1.0220652747093464,1.0174522229324015,1.0045339247121106
moderate,850,300,8,0.0016379204789037948,0.0013086181937424324,1.2516412248706494,1.0187525943858085,1.0151613048262846,1.003537654107234
moderate,850,300,9,0.0017498089890369635,0.0013644802365648892,1.282399658233342,1.0221528225306769,1.0183746628643637,1.0037099898535244
moderate,850,300,10,0.001673350883143371,0.0013729654610274329,1.2187858548831596,1.0123493089712576,1.0089802359937947,1.003339087186524
moderate,850,300,11,0.0016806375817936814,0.0013550330560867414,1.2402926808643822,1.023801695974048,1.0200190184091573,1.0037084382708767
moderate,850,300,12,0.0018368422267964367,0.0014049944186115563,1.3073662090498843,1.0205382467003647,1.015823470315857,1.004641334367911
moderate,850,300,13,0.0017783392350184727,0.001406679048318334,1.2642110772492512,1.004622365542827,1.0007806336064087,1.0038387352906444
moderate,850,300,14,0.0016782557761060737,0.0013483058582265315,1.2447144435859203,1.0145516044359644,1.0114541617683355,1.0030623658339728
moderate,850,300,15,0.0018778332351268104,0.0014508357214519324,1.2943114146979768,1.0288393148205777,1.024339824509393,1.0043925757873757
moderate,850,300,16,0.0017926323173751498,0.0014223566982318454,1.2603254300440951,1.0128704924606855,1.0094415239256236,1.00339689665403
moderate,850,300,17,0.0017399611175010175,0.0014019336679674185,1.2411151520625687,1.0084730134581716,1.0052303379910708,1.003225803424896
moderate,850,300,18,0.0016779567817592235,0.001330963611218201,1.260708232453799,1.0196154540567133,1.0163426084212774,1.003220218859583
moderate,850,300,19,0.001739867770406823,0.0013783068739657706,1.2623224938295066,1.0167219044867981,1.0136977409842425,1.0029832990449592
moderate,850,300,20,0.001827875322995928,0.0014067218263977908,1.29938648046472,1.0148567536584345,1.010494135295794,1.0043173119073705
moderate,850,300,21,0.0017257977927595013,0.0013709236341171017,1.2588577144714153,1.0194233788350036,1.0159367119000728,1.0034319725767264
moderate,850,300,22,0.0017289713280392441,0.0013490029355536397,1.2816660975831478,1.0180507035002708,1.0137796215504549,1.0042130280181445
moderate,850,300,23,0.0016622526085122678,0.001324459433026077,1.2550422965499315,1.0159819846426912,1.0127301442456467,1.0032109643576046
moderate,850,300,24,0.0017704257969174742,0.0013893488862404798,1.2742845331730699,1.0241374574562125,1.020637439869106,1.003429246714245
moderate,850,300,25,0.0016121416147699263,0.0013125070852297153,1.2282917425072557,1.0126898082554807,1.0104862839948943,1.0021806572691665
moderate,850,300,26,0.0017294627731439176,0.001405450042561362,1.230540197638088,1.0171352771513502,1.0140376690851982,1.0030547268218808
moderate,850,300,27,0.0016686725573610151,0.0013124700023007748,1.2713986258244478,1.010969473571281,1.007559099081863,1.003384788537492
moderate,850,300,28,0.0017498680282297977,0.0014080669657172062,1.2427448912832733,1.0091959902160212,1.006034864329943,1.0031421633565192
moderate,850,300,29,0.001705464832809651,0.0013692085493514318,1.2455844170835024,1.0153005367090575,1.0121996940182776,1.0030634693026532
moderate,850,300,30,0.0017363671038100842,0.0013976981711009717,1.2423047691636755,1.0230950698624655,1.019997123930446,1.0030372104580862
moderate,850,300,31,0.0017029352181426442,0.0013606376273466948,1.251571457319937,1.029930685668157,1.0257335526044835,1.004091835597087
moderate,850,300,32,0.0018167296338618135,0.0014205414855323305,1.27889938615979,1.0194069727436443,1.0155391756080507,1.0038086144074923
moderate,850,300,33,0.001756027992853225,0.001396614777582022,1.257345991923027,1.009437829896144,1.0063712160515947,1.0030471994783206
moderate,850,300,34,0.0016421202888359414,0.0013136251697845745,1.2500676194452318,1.0069639917713056,1.0040062793944322,1.0029459102373914
moderate,850,300,35,0.0017492878384219941,0.0013735728297176084,1.2735311885731087,1.0129549927791137,1.0090092913281556,1.0039104708795736
moderate,850,300,36,0.0017248514935186397,0.0013523413571961639,1.2754557008408058,1.0190318035628816,1.0153209176895885,1.0036548896104074
moderate,850,300,37,0.0016958027211571765,0.0013487513081063866,1.2573131243431686,1.0228841719093376,1.0193973764585689,1.0034204477383315
moderate,850,300,38,0.001699156365640757,0.0013305550847620084,1.2770282005608804,1.0108272154584141,1.0073695536513205,1.0034323667958407
moderate,850,300,39,0.0016233851500827565,0.0012961649377812264,1.2524526028775822,1.024097559093905,1.0210979099461157,1.002937670441366
moderate,850,300,40,0.0018110401063825409,0.0014216347724358134,1.2739137656850674,1.0234474680296701,1.0198005732841393,1.0035760861888776
moderate,850,300,41,0.0017058849763594665,0.0013563315486117761,1.257719750090207,1.010957789352598,1.0079451023056498,1.0029889396159144
moderate,850,300,42,0.0016509416743211238,0.0013023260034323496,1.267686946256144,1.0135899091245761,1.0092981034582191,1.0042522676418906
moderate,850,300,43,0.001782892699999692,0.0013712098284889996,1.3002333143749014,1.0107942669227872,1.0067024143749,1.004064609848411
moderate,850,300,44,0.0016679568936179869,0.0013424517625875594,1.2424706347757482,1.0191378809903464,1.0158268357905278,1.003259458288717
moderate,850,300,45,0.001635345910949437,0.0013061581451592615,1.2520274952999946,1.0116141183724006,1.0087294289113702,1.002859725688923
moderate,850,300,46,0.0018449175117183595,0.0014362681648308257,1.284521621305773,1.0138457904788267,1.009808353801413,1.0039982207140739
moderate,850,300,47,0.001704521870714934,0.001354137333156273,1.2587511096396493,1.0171614592045242,1.0136991030665587,1.003415565948013
moderate,850,300,48,0.0016255108208391412,0.0012734185398947508,1.2764937606244458,1.0178506971311205,1.0150293437936857,1.0027795781025306
moderate,850,300,49,0.0017092522871398049,0.0013257511190744543,1.2892708612858528,1.014410272078788,1.010660313063897,1.0037104049366723
moderate,850,300,50,0.0016786001029622094,0.0013584066747843518,1.2357124962071382,1.0135934006087266,1.0106848954027547,1.0028777566768847
moderate,850,300,51,0.0016973394417248659,0.0013445358361488541,1.2623980678615045,1.0185593802800414,1.0153570699057435,1.0031538760788805
moderate,850,300,52,0.0017132389715034447,0.0013274672399511385,1.2906073460362801,1.0204054786449637,1.0162567272846639,1.0040823851384333
moderate,850,300,53,0.00174740489390057,0.0014153045931117518,1.2346493485608265,1.0222200112620397,1.018676788678987,1.003478259858701
moderate,850,300,54,0.0017336459585833317,0.001357463668693192,1.2771214424119979,1.0133678778892277,1.0104732460898342,1.0028646298262667
moderate,850,300,55,0.0017866899550533625,0.0013986581492958176,1.2774314838496508,1.0175690102597579,1.0144648865244759,1.0030598631618652
moderate,850,300,56,0.0017362295066436237,0.0013598291530148867,1.276799738256984,1.0177201739536776,1.014591832694979,1.0030833495380986
moderate,850,300,57,0.0017177857536572996,0.0013740143641080233,1.250194902272688,1.0080183122774935,1.0048724366392232,1.0031306218815113
moderate,850,300,58,0.0017001205140412174,0.0013923614921199838,1.2210338505215663,1.014036935417549,1.011572379282235,1.0024363616344116
moderate,850,300,59,0.0017187633591806359,0.00138450780213936,1.241425549588655,1.0260091400462599,1.0233464434408865,1.0026019503194052
moderate,850,300,60,0.001640178544772327,0.0013277850271285019,1.2352741680778059,1.018265608737134,1.0159166350366438,1.0023121717072834
moderate,850,300,61,0.0017072321908883283,0.001369679849180286,1.2464461617874116,1.016876040752914,1.0130938772275022,1.0037332804100665
moderate,850,300,62,0.0017021266867546497,0.0013622573146131445,1.249489849307964,1.0225784548126449,1.01836687637212,1.0041356200189153
moderate,850,300,63,0.001731478380301733,0.0013979336711885495,1.238598379871341,1.0192245156667241,1.0157610116800204,1.0034097626773204
moderate,850,300,64,0.0017346730283763507,0.0013722548981168305,1.264104089376451,1.0196812342778991,1.0161327163530849,1.0034921795821612
moderate,850,300,65,0.001732749611113655,0.0013722410875285438,1.262715150319832,1.021765198419446,1.018219502995841,1.00348225054929
moderate,850,300,66,0.0017791751677377098,0.0014036570745123882,1.2675283728796591,1.0134773716908572,1.0102163783657407,1.0032280147055148
moderate,850,300,67,0.0016776370390750664,0.0013513756171444182,1.2414291169616252,1.0216885734343912,1.0182404037326105,1.0033864003914406
moderate,850,300,68,0.001686914720172816,0.0013639727401763373,1.2367657142141477,1.0204936581087605,1.0176962020835931,1.0027488124839612
moderate,850,300,69,0.0016796233575119058,0.0013538269291029658,1.2406485063972024,1.0292886239527352,1.0260895104733265,1.0031177723256648
moderate,850,300,70,0.0015803093829321977,0.0012904383967714,1.2246298520611583,1.0176901324664211,1.0143999221501574,1.003243504109592
moderate,850,300,71,0.0017056163966058281,0.001348079248562719,1.2652196808342715,1.0159324776833383,1.0121328938895628,1.0037540364676558
moderate,850,300,72,0.001630554705944384,0.0012949896255297169,1.2591256901208023,1.0115650136523928,1.008511546989915,1.0030276962832914
moderate,850,300,73,0.001645037096402966,0.00132060198983457,1.2456721321531838,1.0221738190498855,1.0184947365595995,1.003612274426389
moderate,850,300,74,0.0016239495863154282,0.001309508388521849,1.2401215605411395,1.013864888889357,1.0109455296869505,1.0028877512355296
moderate,850,300,75,0.0015691804433411954,0.0013183445283128834,1.190265829334698,1.0108495278305742,1.0080356920136784,1.0027914049464606
moderate,850,300,76,0.001789003027196738,0.0014072877021793228,1.2712418536922419,1.0192069657800893,1.015444488520057,1.0037052515450804
moderate,850,300,77,0.0017100256550413343,0.0013600981799436933,1.2572810406320283,1.0153120570982888,1.0119013316914474,1.0033706106514755
moderate,850,300,78,0.001723600264295225,0.001374832104932234,1.2536805462367218,1.0261832602563772,1.0227516848056317,1.0033552381303559
moderate,850,300,79,0.0017368783744633341,0.001366808768835942,1.2707544859714108,1.0113134760190858,1.0077430411264072,1.0035430012879947
moderate,850,300,80,0.0016852769509426745,0.001328930950345848,1.2681448577174679,1.0220647855625176,1.0185740309089242,1.0034270995997006
moderate,850,300,81,0.0016390737940761367,0.0013191605484389093,1.2425127449542148,1.0076917269347614,1.005428199646735,1.0022513067455456
moderate,850,300,82,0.0016664876220975058,0.0013770875787413833,1.2101536952505414,1.016893396518767,1.0146119291932376,1.0022486107839708
moderate,850,300,83,0.0016811159448939746,0.0013431000219155144,1.251668466579567,1.0148754744454518,1.0112295657685666,1.003605421360593
moderate,850,300,84,0.001858624656403001,0.0014200987119804085,1.308799621267907,1.0230832615651997,1.0181088460199321,1.004885936866882
moderate,850,300,85,0.0017007819408061712,0.0013716161117165483,1.2399839330245828,1.025090960807278,1.021742110069356,1.003277589036332
moderate,850,300,86,0.0017339945747520975,0.0013835542690564288,1.2532898878875678,1.0159181620574365,1.0120742960464932,1.0037980077410904
moderate,850,300,87,0.0017476588646804438,0.0013834326687053148,1.2632771396933904,1.0216138080085435,1.017808131714433,1.003739090085378
moderate,850,300,88,0.0018625439162712858,0.0014248038659406452,1.3072282864993827,1.0171497737257333,1.0126617275027407,1.0044319303288574
moderate,850,300,89,0.001657428484214579,0.001344809867469567,1.2324630598771886,1.0105211869567279,1.0069570880870011,1.0035394744343056
moderate,850,300,90,0.0016279709808457573,0.0012977407654561758,1.254465471209499,1.0115468163163932,1.008403052690748,1.0031175665496617
moderate,850,300,91,0.001694496222796733,0.001375348752979083,1.2320483943627816,1.0183287308438935,1.015065844406402,1.0032144579146978
moderate,850,300,92,0.0017569629904819746,0.0013771599850519636,1.2757871340675644,1.0118341197102658,1.0083960213657046,1.0034094723419327
moderate,850,300,93,0.0016835000400713528,0.0013541070327829333,1.24325477921155,1.0228209868934535,1.0198065209974176,1.002955919416055
moderate,850,300,94,0.0017109462925708118,0.0013978976560530866,1.2239424575627422,1.0285852204264871,1.0251977715670573,1.0033041906189983
moderate,850,300,95,0.00166584368064215,0.0013419149366147324,1.2413929044150869,1.0210405303622103,1.0178709270265909,1.003113954089325
moderate,850,300,96,0.0017498826342745826,0.0013979232031187496,1.2517730805030032,1.0176135133508224,1.0147586355273204,1.0028133565200148
moderate,850,300,97,0.0017366198757651089,0.0013550285337541744,1.2816112963715358,1.0150666110611668,1.0109694525106065,1.0040527026216128
moderate,850,300,98,0.0017279604322632761,0.001330663196160052,1.2985708459133165,1.0196012453770897,1.0161095205957695,1.0034363665633925
moderate,850,300,99,0.0015896137666978221,0.0012795563081099207,1.2423163846895482,1.0207225507693285,1.017304330800805,1.0033600761001704
moderate,850,300,100,0.0017523937526135957,0.001369022967788474,1.2800323981740207,1.0251681465189717,1.0209573250797077,1.0041243853546329
moderate,1000,300,1,0.001462505327880098,0.0012020535741580204,1.2166723341798733,1.0269225886194049,1.0243272517773334,1.0025336989107418
moderate,1000,300,2,0.0014839333576245916,0.0012182267490503866,1.2181093206017062,1.0163061467818337,1.0141544709271766,1.0021216450909003
moderate,1000,300,3,0.0014222227708300572,0.0011911518003620237,1.1939895237515528,1.0247755495030635,1.0221345609531416,1.002583797330421
moderate,1000,300,4,0.0013492138152398814,0.0011172889649772664,1.2075782161397557,1.0082840526314885,1.0057686415303018,1.0025009838220442
moderate,1000,300,5,0.001459708645098272,0.0011854513139364553,1.231352673819313,1.0196800583250534,1.0173770676545675,1.0022636549846706
moderate,1000,300,6,0.0014330581549075493,0.0011828112429451971,1.2115696088069285,1.012993365857053,1.0107598386147816,1.0022097506815588
moderate,1000,300,7,0.0014000343403808755,0.001177406555301074,1.1890831880266486,1.016195562093573,1.013809820003984,1.002353244210615
moderate,1000,300,8,0.0014382992995447706,0.0011623275634434851,1.2374302604368237,1.0150234805683638,1.012312815472654,1.002677695129686
moderate,1000,300,9,0.0013653306348015226,0.0011489904766311789,1.188287163880287,1.0123693758960448,1.009931257737946,1.0024141426848792
moderate,1000,300,10,0.0014693590253014666,0.0012052821132310758,1.2190996690081655,1.0103963163287561,1.007705921944797,1.0026698209520957
moderate,1000,300,11,0.001425580248058522,0.0011876599516290381,1.2003269505746519,1.0071511855800566,1.0050481944063006,1.0020924281894743
moderate,1000,300,12,0.0014956978504412693,0.0011914174759456856,1.255393580032945,1.0240101464075155,1.020152633659945,1.003781309404389
moderate,1000,300,13,0.0014404109767450766,0.0011453595987381468,1.257605889304975,1.0164578513447386,1.0133240833506578,1.0030925624344373
moderate,1000,300,14,0.0014439849492444816,0.0011866999834144174,1.2168070863958338,1.0154811014790046,1.0132247350626453,1.002226916041701
moderate,1000,300,15,0.0014411550034858292,0.0011700553290065366,1.2316981665383946,1.0185983723401497,1.0161073824099924,1.0024515026396612
moderate,1000,300,16,0.0014788570086948134,0.0011832989113757443,1.2497746718751248,1.0155774684874852,1.0127895167532222,1.0027527454502103
moderate,1000,300,17,0.0014643785420322105,0.0011797883835535916,1.241221360072572,1.0132323112732755,1.0102542494863842,1.0029478339620006
moderate,1000,300,18,0.0014732050206239904,0.0012167670932842717,1.2107535030780188,1.0160257202619354,1.0139388966290939,1.002058135494929
moderate,1000,300,19,0.0014186405449117612,0.001139767554294828,1.2446753196001192,1.0076839735612146,1.0052219567927743,1.0024492270108143
moderate,1000,300,20,0.0014173737298836123,0.001153483627432404,1.2287766346875804,1.0171684209927512,1.0149337192956724,1.0022018203303262
moderate,1000,300,21,0.0014743526767274282,0.001202269235746521,1.2263082451843355,1.01539226567761,1.0121024833213894,1.0032504439129766
moderate,1000,300,22,0.0014014637622053094,0.0011655530976303324,1.2024023316094337,1.0179768950127777,1.015611277116125,1.0023292552475096
moderate,1000,300,23,0.0014257475766705809,0.0011638529595933492,1.2250238012615766,1.0047539332969018,1.0022157961797826,1.0025325255566655
moderate,1000,300,24,0.0014693782990883601,0.0012215774987416265,1.2028531146014056,1.0148197186078876,1.0128737836625594,1.0019212018088686
moderate,1000,300,25,0.001463961748673027,0.0012012482441986726,1.218700427445457,1.0186909087713614,1.0159012999881043,1.0027459446929439
moderate,1000,300,26,0.0014759641065898073,0.0012146089804043114,1.215176349263034,1.0176261285918131,1.0147339349953421,1.0028501989504117
moderate,1000,300,27,0.001485646548786929,0.0012136926001783256,1.2240715223678926,1.014130513757453,1.0116021812704525,1.0024993347521505
moderate,1000,300,28,0.0014904922532220273,0.0011934772418254033,1.2488652493635695,1.0195211192178504,1.016420811817314,1.0030502203068759
moderate,1000,300,29,0.0014149232430285348,0.0011908689313700803,1.1881435527927349,1.012370697092839,1.0103534409229324,1.0019965846486987
moderate,1000,300,30,0.0014289805248002727,0.0011885099117718131,1.2023294973366856,1.010454066936101,1.0078910486534352,1.0025429517268658
moderate,1000,300,31,0.0014612548703723366,0.0012044793926533773,1.2131837865264778,1.0196890615797356,1.0174937363054646,1.0021575811191155
moderate,1000,300,32,0.0014374639896826164,0.0011916489829003531,1.2062813884873835,1.0089379303244133,1.0066727223796332,1.002250193031381
moderate,1000,300,33,0.0014037972845757803,0.0011655683629467168,1.204388630647788,1.0185022652966116,1.0162358671567755,1.0022301890860996
moderate,1000,300,34,0.0014451404365811691,0.0011448055724870123,1.2623457391473907,1.0146469052048692,1.012052037529427,1.0025639666531145
moderate,1000,300,35,0.0014791455698410427,0.0012206708343581922,1.2117481045729679,1.0146811583263446,1.012339510894592,1.0023131048492648
moderate,1000,300,36,0.0014874407089230696,0.0012448924205182696,1.1948347378513422,1.0170567748233064,1.0142349641958972,1.0027822060242682
moderate,1000,300,37,0.0014057171021228658,0.0011409928339172787,1.2320122093113683,1.0060337971117577,1.0032294445025183,1.002795325261441
moderate,1000,300,38,0.001459348727461568,0.0011841890119675244,1.2323613145479766,1.0262104116309865,1.0241266124561024,1.0020347085502315
moderate,1000,300,39,0.0014543866847209989,0.0011829073162734649,1.229501808563312,1.0113594882762342,1.0083260762948056,1.0030083641123069
moderate,1000,300,40,0.0014594034681277973,0.0011595399516838175,1.2586055926822834,1.015191117949018,1.0127990448857005,1.0023618437195383
moderate,1000,300,41,0.0014803085859241892,0.001193132455490718,1.2406909049468107,1.0078872125371126,1.005495320709323,1.0023788194519914
moderate,1000,300,42,0.0014492283235745416,0.0011750524257232405,1.2333307789927304,1.0149269701254549,1.012263945014254,1.0026307615956462
moderate,1000,300,43,0.0014725459892205735,0.0012007812258475724,1.226323294804327,1.015976330625211,1.0129485540584555,1.002989072401184
moderate,1000,300,44,0.001396244295124412,0.0011815785701839508,1.1816770635126206,1.018890373205689,1.0167025490360024,1.0021518822508717
moderate,1000,300,45,0.001480024606957732,0.001207684506473209,1.2255059984828618,1.0212199333416534,1.0185194639517392,1.0026513674853466
moderate,1000,300,46,0.001433026252991823,0.0012064667527067207,1.1877876035761563,1.012304175472715,1.0097746978090345,1.0025049921226674
moderate,1000,300,47,0.0013738847946820098,0.001141187147846071,1.2039084012426384,1.016759068740624,1.014703034099368,1.0020262427253714
moderate,1000,300,48,0.0014161917870071437,0.0011662708933788477,1.2142906035357195,1.0092922209647346,1.0066409841978405,1.0026337461006585
moderate,1000,300,49,0.0014891738955997878,0.0011971827172934635,1.2438985913248437,1.0137660865443034,1.0110864607728216,1.0026502439459368
moderate,1000,300,50,0.0014430937780451848,0.0011971784740082824,1.2054124003863447,1.0106511112026748,1.0080611002258608,1.0025692995952662
moderate,1000,300,51,0.0014761535162323008,0.001199411336759459,1.2307316689373118,1.0086265736625846,1.0056099957278692,1.0029997493536567
moderate,1000,300,52,0.001508895120050411,0.0012301933958163826,1.2265511464960157,1.000576397728323,0.9976284552682896,1.0029549502567474
moderate,1000,300,53,0.001504260611077223,0.0012429660232631129,1.210218608492727,1.0215667178974042,1.0183371299941526,1.0031714329254302
moderate,1000,300,54,0.0014049994646840324,0.0011711827202006933,1.199641559297658,1.0136388769097995,1.0113858001326859,1.0022277124879724
moderate,1000,300,55,0.0014604250753762302,0.001197367498765593,1.2196966068327662,1.0205739928759063,1.017993069215303,1.002535305729137
moderate,1000,300,56,0.0014201368298371651,0.0011798672992419654,1.203641147398158,1.0179697255501414,1.015456278578165,1.0024751897496718
moderate,1000,300,57,0.0014911751770166327,0.0012353472409151749,1.207089899607445,1.0263603416419682,1.0234991504651487,1.002795499317727
moderate,1000,300,58,0.0014934105691075973,0.0012440439192838006,1.2004484294793691,1.0169178354632409,1.0138971002936192,1.0029793311064277
moderate,1000,300,59,0.001411884739454688,0.0011516356537570396,1.22598213666677,1.0134227389355746,1.0101877715764338,1.0032023426239782
moderate,1000,300,60,0.0014332791997236955,0.0011877615045802457,1.2067062235951278,1.0117133233889308,1.0094362727648707,1.0022557646138703
moderate,1000,300,61,0.0013990171088954604,0.0011467971690460837,1.219934219107966,1.0127341402416479,1.0104279402013818,1.002282399316676
moderate,1000,300,62,0.0014741606213465848,0.001215086268423202,1.2132147812513587,1.011947268519642,1.0095638511513205,1.0023608386587965
moderate,1000,300,63,0.0014699209897807953,0.0012215368668534589,1.2033373937924166,1.0118703230016879,1.008809154194574,1.0030344379750973
moderate,1000,300,64,0.0014446703195950435,0.0011841747293973603,1.219980703633367,1.0103898900132207,1.0081319114155518,1.0022397650268786
moderate,1000,300,65,0.0015017139866526819,0.0012426813430881699,1.2084465539015767,1.019291415540158,1.0165043899674713,1.0027417742610791
moderate,1000,300,66,0.0014649359830446608,0.001244305060009129,1.1773125659666714,1.0073947229424305,1.0052015444818732,1.002181829576961
moderate,1000,300,67,0.0014144775800092292,0.0011609258886583714,1.21840471801682,1.0082442749165255,1.0045341990867522,1.0036933295383534
moderate,1000,300,68,0.0014749139924773358,0.001172497328555222,1.2579252477229594,1.016096386892838,1.0129393716781134,1.0031166872401203
moderate,1000,300,69,0.0015021133238692823,0.0012501213388889769,1.2015740209700434,1.0158818809993406,1.013364695681615,1.0024839875796467
moderate,1000,300,70,0.0014446897561339106,0.0011872772367437232,1.2168091086258657,1.0153753754542492,1.0130113398948928,1.0023336713679845
moderate,1000,300,71,0.0014979021217708891,0.0012492583869009421,1.199033072322822,1.0071711816801443,1.0044969518294848,1.0026622578055502
moderate,1000,300,72,0.0014293140925747388,0.0011690913770696374,1.2225854373824545,1.00810033948444,1.005426574152274,1.002659334257621
moderate,1000,300,73,0.0014222010967552994,0.0011669389115492282,1.2187451139727488,1.0136313860395894,1.0111697575900536,1.0024344363852442
moderate,1000,300,74,0.0013927417789184999,0.0011420132629760406,1.219549565728397,1.0192001891731068,1.016975214127028,1.0021878360604772
moderate,1000,300,75,0.0013975321894591345,0.0011810566123524715,1.1832897549893728,1.0154645519867285,1.0133277982167768,1.0021086501068182
moderate,1000,300,76,0.0014550643778407134,0.0011643163841314986,1.2497156251271797,1.015943359820801,1.0130483316491594,1.0028577394396658
moderate,1000,300,77,0.001492149290454055,0.001212853875524046,1.2302795254781471,1.0075366828750896,1.0044507116903838,1.0030722972753063
moderate,1000,300,78,0.0014657183525012634,0.0012134624924380578,1.207881052471906,1.0164723934294326,1.013835306797388,1.0026010996207806
moderate,1000,300,79,0.001514547296303022,0.0012051869853197464,1.2566907166701602,1.0217974739889835,1.018289575494146,1.003444892866683
moderate,1000,300,80,0.0014790632761920235,0.001215199987136954,1.2171356911192364,1.0134896512223408,1.0105591624882202,1.0028998685508972
moderate,1000,300,81,0.0014225732328402411,0.00118291362932349,1.202601100854517,1.0209607589759795,1.0185883859879805,1.0023290791654746
moderate,1000,300,82,0.0014519754121602203,0.00122257249776006,1.1876395181639219,1.0165352490391353,1.0136205550030564,1.0028755277521677
moderate,1000,300,83,0.0014999415222407368,0.0012066171691410956,1.2430964522976562,1.015445461373531,1.012323584285181,1.0030838727229243
moderate,1000,300,84,0.0014061448371314321,0.0011116713668975022,1.2648925563818005,1.0129569090236086,1.010094965523502,1.0028333410201913
moderate,1000,300,85,0.0014654819250253445,0.0012322998730264498,1.1892250880674153,1.0139885423718797,1.0113197091166848,1.0026389609844804
moderate,1000,300,86,0.0013738292421245836,0.0011491565616190242,1.1955109408147333,1.0144335137505185,1.012045710708647,1.0023593826016017
moderate,1000,300,87,0.0014380229679448527,0.0011701470034660502,1.2289250527372515,1.0062913638066318,1.0036258331513124,1.0026559008021443
moderate,1000,300,88,0.0014437019297541425,0.0011914808169870717,1.2116870948916063,1.0122069103507771,1.009522050473701,1.0026595356444332
moderate,1000,300,89,0.0014362428195814623,0.0011647228592882044,1.2331198002408843,1.0089305554197316,1.0064545043720778,1.0024601718576427
moderate,1000,300,90,0.001422208679796584,0.001131735665716824,1.2566615357975652,1.0170770729139045,1.013838023466789,1.0031948391874668
moderate,1000,300,91,0.001527353500224355,0.0012627710955007804,1.2095252303970803,1.0115175871842697,1.0090124387050616,1.0024827726429448
moderate,1000,300,92,0.0015187367316714263,0.0012515562169314526,1.213478636537033,1.0196741538855951,1.0174405782791216,1.002195288505449
moderate,1000,300,93,0.0014257327948635687,0.0011686570168650638,1.2199753856679985,1.013706096072528,1.0114182625178982,1.0022620053833458
moderate,1000,300,94,0.0015335005713838941,0.0012361622430778715,1.2405334170098026,1.012696407138087,1.009205627133569,1.003458938308175
moderate,1000,300,95,0.0014623993808288251,0.001208584064919014,1.2100104769516542,1.0195744946571172,1.0168285499219698,1.002700499248726
moderate,1000,300,96,0.0014265283560983431,0.0011886066619947585,1.2001685685526082,1.0093853380102167,1.0067429395414844,1.0026247002734736
moderate,1000,300,97,0.0013615225704214045,0.0011252526248220864,1.2099705793947158,1.0141595269373191,1.0114064385664807,1.0027220395934404
moderate,1000,300,98,0.0014685569960618263,0.0012072232684106176,1.2164750584995518,1.016849313989812,1.0144329296146304,1.0023820050637549
moderate,1000,300,99,0.0014796534474325724,0.0011883361746941755,1.2451471889369765,1.0257046722846768,1.0227249061319388,1.0029135558691025
moderate,1000,300,100,0.001530319673594421,0.0012578600852470243,1.2166056396438478,1.0097094340636852,1.0070000923764197,1.002690507883541
high,50,300,1,0.039911696409796214,0.017681118443366336,2.2573060939349356,1.3738622741091666,1.1523193095264,1.1922583113475902
high,50,300,2,0.041637161200564786,0.018792569769460588,2.21561828485152,1.334838177743319,1.1525709583422838,1.1581396946381382
high,50,300,3,0.04790848681572146,0.02011094590638484,2.3822095210604406,1.5565148756836469,1.2395784012027078,1.2556808622781985
high,50,300,4,0.039643581459721,0.018169818816624207,2.18183691647215,1.339247858890721,1.146287241763509,1.1683353090717046
high,50,300,5,0.041949249435843154,0.018121034923731395,2.3149477727072982,1.3885346146973974,1.1441123553195556,1.213634839481804
high,50,300,6,0.0496358507633538,0.020254318946485158,2.4506304504485636,1.3918248277467837,1.1603177658481678,1.1995203975260942
high,50,300,7,0.039039061722159485,0.01884115692543836,2.072009796248284,1.3382283320670265,1.1584236369156606,1.1552149744027165
high,50,300,8,0.05022294034725303,0.020089511141192454,2.499958311293778,1.387189332512631,1.135864625879818,1.2212629048449695
high,50,300,9,0.04416422351243413,0.019677694707334863,2.2443799524937194,1.4648720412248055,1.2005548124140704,1.2201625665714064
high,50,300,10,0.05162275629388127,0.02194245921849786,2.3526422348486093,1.4257886737308387,1.1814268233310945,1.2068362132753625
high,50,300,11,0.04924359931229141,0.020478350199989077,2.404666334513494,1.4983620117371252,1.2249958333383917,1.2231568230348577
high,50,300,12,0.03930484469510596,0.018689097400569857,2.1030895100320626,1.3376659401792979,1.1751971409033584,1.1382481233327812
high,50,300,13,0.04454126504454477,0.019944964505859638,2.233208539000356,1.3785388833547614,1.1711404640568128,1.1770909858067098
high,50,300,14,0.04206809961110526,0.01987270354022439,2.1168785377367056,1.5451167659314538,1.253749453181062,1.2323967615787375
high,50,300,15,0.04837434467954879,0.0208103631967808,2.324531495299992,1.2816209401746916,1.1291720283040942,1.1350094653863865
high,50,300,16,0.05414527627253835,0.021870146360131067,2.4757619533467934,1.4964840469524747,1.1971849240651637,1.2500024155591687
high,50,300,17,0.05210192206434318,0.022342440460459103,2.331970948140218,1.5622282517067188,1.2324771207616914,1.2675515231805972
high,50,300,18,0.036539734719537996,0.017457992839274187,2.0930089189483896,1.3782743186369184,1.2005139802201457,1.1480701943880536
high,50,300,19,0.03717656601284231,0.017820913934564458,2.086120058115353,1.4152719980791635,1.177522794257022,1.2019062433285237
high,50,300,20,0.04224558585400148,0.01815560740550601,2.3268616086724676,1.455852000560675,1.1623321899368986,1.2525266125854357
high,50,300,21,0.043677404809351006,0.01929049947968204,2.264192529351289,1.4726294001527855,1.2103490083785502,1.2166981506644934
high,50,300,22,0.034992922539062686,0.016021597745690574,2.1841094187048196,1.3159381016643088,1.1500740237317113,1.1442203497427137
high,50,300,23,0.038228792512228806,0.017455984849312052,2.190010637740409,1.404259247617994,1.1811946748029765,1.1888465784458644
high,50,300,24,0.043134295668654676,0.01915546293084129,2.25180126548684,1.314309294534853,1.1194802347822272,1.174035283249575
high,50,300,25,0.04806577957682317,0.020215641198359193,2.377652981925918,1.4323246714874511,1.184648559186641,1.2090713827152757
high,50,300,26,0.04803403705187171,0.01903000251195494,2.5241214246659185,1.5030898442607834,1.1755470770885845,1.2786300723773707
high,50,300,27,0.050173582446969824,0.01955655696292768,2.565563178737505,1.5196320255352944,1.2096274349766747,1.2562810511689473
high,50,300,28,0.045284692196898846,0.018540482624565955,2.4424764507962204,1.3830393455663372,1.1431016709934885,1.2099005544837627
high,50,300,29,0.040116866099831755,0.018674314309499205,2.148237704204497,1.4580714210123693,1.2232783324601288,1.1919375847032696
high,50,300,30,0.03766872215310489,0.017451307669894178,2.1585042717508465,1.3156876507148065,1.1299556267380362,1.1643710775731457
high,50,300,31,0.04384043560051735,0.018837701496457138,2.327270957593343,1.483235137273659,1.2244859116130902,1.211312537944763
high,50,300,32,0.041290855143120864,0.018793475035102907,2.197084629957834,1.4895189304625525,1.2086914946398621,1.2323400446417179
high,50,300,33,0.0532375625259923,0.020608721492240748,2.5832540143762155,1.442313198803945,1.1731838161289334,1.2294008653844524
high,50,300,34,0.039761540765652886,0.017920014677785742,2.2188341628393107,1.3356855131222132,1.1475480310207378,1.1639473704069085
high,50,300,35,0.04255147760231669,0.01894023045532992,2.2466187886506095,1.3528294629014963,1.158184546230232,1.1680603642181315
high,50,300,36,0.03932381181817317,0.017783649961506703,2.2112340213224426,1.3107891397485376,1.1314244087536336,1.1585300172129842
high,50,300,37,0.04151746437344297,0.018421594603377504,2.2537389008566584,1.4987869167034267,1.2377643949761126,1.21088223476678
high,50,300,38,0.04090256678999625,0.018673958302216707,2.1903533320592707,1.3720008220299176,1.1736267835598058,1.169026509320459
high,50,300,39,0.05290693997261303,0.020866677777329336,2.5354750064763034,1.6579061555448953,1.2733344693246362,1.3020193794205792
high,50,300,40,0.038108639784736234,0.016931472850837754,2.2507575165175693,1.4193505763124608,1.1777170134626738,1.2051711574916848
high,50,300,41,0.04372685624521629,0.018985649939491478,2.303152980518269,1.4138277543433222,1.1451270752015763,1.2346470404557037
high,50,300,42,0.04915257699998074,0.020312744342730588,2.4197900672919754,1.573622914121654,1.2510273065084547,1.2578645613368304
high,50,300,43,0.04159003262244438,0.017652297689675512,2.3560690712104626,1.4648363546242797,1.2063090596992552,1.2143126530024386
high,50,300,44,0.04324948406767235,0.018961751825477036,2.280880187956172,1.5561777997917126,1.26176774735744,1.233331413844477
high,50,300,45,0.042886492692952305,0.018877092076517325,2.271880251424007,1.4408887056490671,1.1901547672713262,1.2106733891026626
high,50,300,46,0.038606286292890785,0.01858518460311399,2.077261384125408,1.4289072111941672,1.2187229374160093,1.172462720873868
high,50,300,47,0.04646006881224491,0.019599344546478468,2.370490946881827,1.3437593533651884,1.1168537846190836,1.2031649727752802
high,50,300,48,0.03659664795835794,0.01789656685881678,2.0448976749039733,1.3226875048466962,1.1781853700228462,1.1226480471583584
high,50,300,49,0.04498439842010451,0.019218402459020772,2.340693952893553,1.4842823839322146,1.1939074914041663,1.2432138960670525
high,50,300,50,0.03599327066407948,0.017092078117774374,2.1058452001017596,1.342512885601421,1.1869683880746442,1.1310435046876708
high,50,300,51,0.04542999645583973,0.019350861841794773,2.347698868776903,1.3621061759272965,1.1564786294564167,1.1778048821944351
high,50,300,52,0.04081939847279829,0.01891044289501886,2.1585638527562145,1.4318080673999511,1.1802354217647546,1.2131546308439303
high,50,300,53,0.040391902264592744,0.018039014719881497,2.2391412664060453,1.3085573483152972,1.1606967023630286,1.1273895632263309
high,50,300,54,0.04264199965134132,0.019545897970554463,2.1816342086498515,1.41824906525893,1.2059599760958886,1.1760332791891608
high,50,300,55,0.04658847591857753,0.020295223920539313,2.2955388962931687,1.4047739424837258,1.1837763710519034,1.1866886152115403
high,50,300,56,0.04846872979958916,0.019769733814236613,2.451663247215083,1.4903480740671184,1.2018435125053086,1.2400516860638588
high,50,300,57,0.04672582411522086,0.02002535076455705,2.333333616204171,1.4072788938424088,1.1830468163190544,1.1895377887250758
high,50,300,58,0.03480973900806511,0.016881675192020384,2.0619836960563576,1.3537060056462022,1.1524758705319484,1.1746068097906224
high,50,300,59,0.045902167156411794,0.019785260990357934,2.3200182792019555,1.423846942359432,1.1587955821567892,1.2287300402969437
high,50,300,60,0.04784422235371311,0.01980917362063044,2.415255844084547,1.4436909258132324,1.1809344219023818,1.2224988102959797
high,50,300,61,0.0381188396166734,0.0176448803938008,2.160334259339369,1.5356775057705532,1.2743327799282806,1.2050835778209998
high,50,300,62,0.043184128332417034,0.01888483261475478,2.286709615772667,1.4408778056045166,1.1850412519868987,1.2158883103762588
high,50,300,63,0.04111282681285104,0.017989135216079578,2.2854254147860518,1.445873838204568,1.2205437649062083,1.1846144970603942
high,50,300,64,0.04371345575283158,0.01825111992220567,2.3951108720537495,1.4907683437410908,1.201979978455592,1.2402605454847584
high,50,300,65,0.03647551538053397,0.017415205136897458,2.0944637225807683,1.3677357883919479,1.1687676644032718,1.1702375331287604
high,50,300,66,0.04248358735661498,0.018502498992341042,2.2960999686691355,1.4657989781585818,1.21502548114907,1.2063936114099856
high,50,300,67,0.036852530439079656,0.01717899911856629,2.1452082385434843,1.3885027629372622,1.1831535573906506,1.1735609078499434
high,50,300,68,0.0383516291137587,0.017807227906438367,2.1537113645797907,1.3245232567486593,1.1253800759260855,1.1769563768566784
high,50,300,69,0.04032247875571258,0.018267499146083086,2.207334372004529,1.4455032637849254,1.2201411683191206,1.1847016569207858
high,50,300,70,0.037250942275043275,0.017457041134295487,2.1338634645169843,1.4373988030218319,1.1810084777718524,1.2170943986225213
high,50,300,71,0.04026681396279264,0.018699863945784614,2.1533212262685857,1.4995083136023717,1.2256470263729886,1.2234422156922378
high,50,300,72,0.03479075130168138,0.01657615530787858,2.0988432272437434,1.3678818818030243,1.1735976425632761,1.1655458669935705
high,50,300,73,0.03705921072861899,0.018211479293079886,2.03493687317872,1.4146701606445138,1.2221957772829983,1.1574824483434196
high,50,300,74,0.04188923527835015,0.018422163662936083,2.273849914960203,1.5246931609280672,1.2274273708658765,1.2421860528110005
high,50,300,75,0.03605995860399374,0.01716791994077581,2.10042676855378,1.32846249352908,1.136927292390533,1.1684674142493494
high,50,300,76,0.03796174895573439,0.017947470643846532,2.115158715623806,1.4479152573006218,1.1953389721386118,1.2113009707280933
high,50,300,77,0.04943326689669709,0.02071171883227182,2.386729334103985,1.4480303393100755,1.2002497388374787,1.2064408701413998
high,50,300,78,0.04036571509201281,0.01809188713308262,2.2311500616317974,1.355065401510245,1.159837491409757,1.1683235035480641
high,50,300,79,0.03885623030776544,0.017960992810680407,2.1633676221205205,1.3221496497962686,1.1414000565748554,1.15835779241488
high,50,300,80,0.037958975980901644,0.0182189136316433,2.0834928332374907,1.3378847967460026,1.1688139639536586,1.144651619510466
high,50,300,81,0.04566709030823686,0.01990917418702839,2.293771197099213,1.6082752686907935,1.2569945467714254,1.2794608161360987
high,50,300,82,0.03938579355356705,0.018018494089878098,2.1858537876199127,1.3457690342988025,1.1621406743186764,1.1580087196309354
high,50,300,83,0.04285668230847,0.018877651941032973,2.2702337368195438,1.453348768027125,1.201311545742077,1.2098017147827869
high,50,300,84,0.037010115348699774,0.018668481038568375,1.982492055579577,1.4138506893035472,1.2106391582768494,1.1678547481612414
high,50,300,85,0.03778828596907847,0.017810970171812657,2.121629849724951,1.31274391161989,1.1264270102661011,1.165405214590668
high,50,300,86,0.03439456070883483,0.016693694862824984,2.0603324184047307,1.450216885071905,1.229901096653566,1.1791329311094978
high,50,300,87,0.0356520333219382,0.016988215795091438,2.0986331791381807,1.320446496324782,1.1596831828212126,1.1386269249093302
high,50,300,88,0.041794372484571594,0.019270189957274596,2.168861468269751,1.3415561005230916,1.1702498536154835,1.1463843352582852
high,50,300,89,0.04587830713961903,0.01888392972991451,2.429489401612316,1.4957398918243718,1.2060117124998824,1.2402366215199736
high,50,300,90,0.038887282844300916,0.018166168578739334,2.1406430682258675,1.4556348202785814,1.2382721403767285,1.1755370833391463
high,50,300,91,0.04671529388397131,0.01951906223399396,2.3933165089567163,1.3792644853425198,1.1425340810034414,1.2071976742533295
high,50,300,92,0.04182383837184653,0.018974302735801057,2.204235852784859,1.4193233651788446,1.1787194325876025,1.2041231576737923
high,50,300,93,0.04370203965637351,0.018575961773836858,2.3526124885724755,1.392206073332226,1.1790928921288775,1.1807433346651492
high,50,300,94,0.04778792707577191,0.01950998335569981,2.4494089105314765,1.5615897033826278,1.201638938894054,1.2995498504899148
high,50,300,95,0.0510713389862867,0.021197757040366756,2.409280325698227,1.5283331211368518,1.2512277920510297,1.2214667311949547
high,50,300,96,0.047089413444540755,0.021061028233187225,2.2358553876462173,1.4643241749694054,1.2340203493592896,1.1866288718250804
high,50,300,97,0.041866788977067734,0.01842630562904347,2.2721206203742472,1.3716955263501172,1.164152711855239,1.1782779977071305
high,50,300,98,0.04017670801107886,0.01848371180069977,2.1736277022863892,1.4419100058906964,1.2032337343887851,1.1983623502902812
high,50,300,99,0.04025018364270269,0.01869170136533658,2.1533718550279177,1.3513879561440594,1.1400740537762872,1.1853510319508047
high,50,300,100,0.04721373338585816,0.019662287299667194,2.401233013549614,1.430188217410504,1.1876260510046734,1.2042411971349356
high,75,300,1,0.02454368837439137,0.013459363356549644,1.8235400682936338,1.2514277783122663,1.1471995686621976,1.0908544707453245
high,75,300,2,0.027528903046164784,0.01436007050412007,1.9170451174502539,1.3370349698759996,1.174780235081823,1.138114968186263
high,75,300,3,0.02377214475274161,0.013132158472623784,1.8102237192993587,1.2506170681770465,1.1368196301073927,1.1001015772914684
high,75,300,4,0.025427719592442628,0.013634427137083073,1.8649642802581723,1.2570796829472866,1.12772284052347,1.114706236120722
high,75,300,5,0.025261948390934843,0.013874868142574125,1.8206982676412042,1.1969464028297407,1.0995885130805545,1.0885402935653021
high,75,300,6,0.02236033911110767,0.013059552685912997,1.7121826182628133,1.2009657406066587,1.108644377472745,1.08327410034259
high,75,300,7,0.021856791234734843,0.012670852823690614,1.7249660728336562,1.153103790900682,1.0793098095250317,1.0683714543538936
high,75,300,8,0.028083319421512282,0.014571661016363905,1.9272558831813924,1.279847020778571,1.1417283170086807,1.1209733539164206
high,75,300,9,0.02599328808867718,0.01390802817475822,1.8689412878708849,1.246213519993807,1.1523610565699507,1.0814436264474365
high,75,300,10,0.0198323314831883,0.011602190229067706,1.709360999227637,1.192779539779774,1.1187226002075612,1.0661977683819677
high,75,300,11,0.022399221395236462,0.012205971782359265,1.835103488245732,1.1849554962591933,1.0853601564549151,1.0917624801426136
high,75,300,12,0.026044952173253505,0.013484463859934456,1.9314785106613874,1.3623610610772046,1.1848423083403716,1.1498247922843727
high,75,300,13,0.023530336685014443,0.012876778873081232,1.8273464906821035,1.2239750049729068,1.1208053980034587,1.0920495272000195
high,75,300,14,0.02507261194415944,0.013383867257631772,1.8733458320772338,1.3436314687804225,1.200735078696288,1.1190074252176307
high,75,300,15,0.02348780346284616,0.012497005036436465,1.8794745936618211,1.2267934296363967,1.1185917767359783,1.096730241675965
high,75,300,16,0.02129577761961916,0.01214046307892175,1.7541157599328192,1.1543347762774778,1.0636925105243247,1.0852147259253269
high,75,300,17,0.02921530954574115,0.014196757156456982,2.057886123131536,1.2638053578544566,1.1156943066803564,1.1327523590353263
high,75,300,18,0.026408411975312813,0.014139134666485796,1.8677530554899564,1.2852184289346522,1.1518724463793848,1.1157645388379644
high,75,300,19,0.025056166199335726,0.013640835257715565,1.8368498501705306,1.2515266183824534,1.1275822496188834,1.109920468156946
high,75,300,20,0.025671838777471596,0.013264795615287043,1.9353361726799643,1.244140736605021,1.1265583114724402,1.1043731371338406
high,75,300,21,0.02306319680360753,0.01271488170552385,1.8138742725060477,1.2680871282902106,1.1555026399722734,1.097433345821381
high,75,300,22,0.023245368612540663,0.012712748466589067,1.8285084986643791,1.201069821954363,1.117509579520692,1.0747736251795807
high,75,300,23,0.0252375080711414,0.01343642089571541,1.8782909725006536,1.3051774860603198,1.156646142058092,1.1284155443928052
high,75,300,24,0.02611591017962009,0.013675296169916635,1.9097144116754652,1.3022075817252432,1.181828510828586,1.1018583236008233
high,75,300,25,0.022076366741214923,0.012435970431166394,1.7752025757385415,1.1672442979293995,1.0804094476509156,1.0803721685952348
high,75,300,26,0.021868831325482348,0.011838733667243487,1.8472272406964498,1.1978031139614547,1.1133270270292297,1.075877154583805
high,75,300,27,0.02511285190023167,0.01281753739818739,1.9592571583823144,1.2271034112376757,1.1198214455748938,1.0958027425592887
high,75,300,28,0.02476948762913915,0.013357212962031448,1.85439041060045,1.2033468011660275,1.1064259434196362,1.0875981427612205
high,75,300,29,0.024424756278036235,0.013225730863085964,1.846760419585402,1.2162272928231619,1.1113788538858527,1.0943408618678632
high,75,300,30,0.02498661605820007,0.013471968789152968,1.8547115458223289,1.2018318265422763,1.1050918702909673,1.0875401935821296
high,75,300,31,0.028899633302484767,0.013951083061091293,2.071497472700457,1.276249945256032,1.1370236734045949,1.1224479974410309
high,75,300,32,0.02420277463414606,0.012950906109811052,1.8688093658412883,1.2248614350325668,1.105692153976819,1.1077779928410763
high,75,300,33,0.024603445517300586,0.013543761401457497,1.816588818129424,1.2857971700806898,1.155161894717375,1.1130882830889055
high,75,300,34,0.024531622283389613,0.012954206867431822,1.893718583811146,1.2684516401363701,1.1494373738170514,1.1035413229379312
high,75,300,35,0.025597837664306965,0.013526297880208031,1.8924496481599944,1.2246264396386468,1.1039023627621785,1.109361190761829
high,75,300,36,0.02299161082293623,0.012383091893716636,1.8566938709873027,1.2301328153357447,1.1232734496229488,1.0951321031834818
high,75,300,37,0.02280056941759428,0.012726990348354467,1.7915130595303919,1.2225986295466098,1.1088664118187264,1.1025662032104873
high,75,300,38,0.022811768041440795,0.012834797772311618,1.7773375510950704,1.2257482286661647,1.1325637890643034,1.0822774315244954
high,75,300,39,0.022838495759729634,0.012782259496599729,1.7867338529471266,1.2494006632169186,1.1420863721955836,1.0939633758303502
high,75,300,40,0.02207197538481226,0.012118558987659464,1.8213366298161793,1.2257423723868328,1.1136987771759908,1.1006049369066844
high,75,300,41,0.024858852255701305,0.013409512730279863,1.8538221899419076,1.2227565952266288,1.124434494207036,1.0874413774445177
high,75,300,42,0.028095062228768265,0.014155518603861952,1.984742701062417,1.2847840586386012,1.1524447725215434,1.1148335167745176
high,75,300,43,0.020946047037772083,0.011759158152223056,1.7812539610934865,1.221450836864343,1.1327804382622262,1.0782767742159673
high,75,300,44,0.025887434515535043,0.013718679150052836,1.8870209174208539,1.282841978449964,1.154459376704725,1.1112058200884407
high,75,300,45,0.02677492755619674,0.013563885907099348,1.9739864917459031,1.2318712021649316,1.1099046962993602,1.1098891700091293
high,75,300,46,0.02344674838351377,0.012604852084513842,1.860136733561526,1.263266267488024,1.1497890388998704,1.0986939558031703
high,75,300,47,0.02515964863440551,0.013466026738343278,1.8683795245085706,1.198943863838518,1.1136766391645887,1.0765637184756711
high,75,300,48,0.025894063829337843,0.013408569097098916,1.9311578768640043,1.2388248414436345,1.1156157134241387,1.1104404738450055
high,75,300,49,0.023173955562728124,0.012711960694171397,1.8230040290601033,1.2019347580237008,1.102817856582129,1.0898760396832496
high,75,300,50,0.024307944420996715,0.01335324270013482,1.8203776391146769,1.2093690463827287,1.1047284137353544,1.0947206855063671
high,75,300,51,0.024833133510686802,0.013244880604224442,1.8749231686366654,1.2546087407586437,1.130174255824906,1.1101020345246795
high,75,300,52,0.02422910371885242,0.012969254394328047,1.8681955787256928,1.2291948137421984,1.1271541641800646,1.0905294526737273
high,75,300,53,0.021974844458842797,0.012219330905017827,1.7983672452817283,1.2271204344192144,1.1295744254463502,1.086356424840549
high,75,300,54,0.020880436013815406,0.012076232235495782,1.7290522082244615,1.25512912400829,1.1692902357470625,1.0734111049908708
high,75,300,55,0.02534773566931913,0.013585876791890807,1.865741612234316,1.2780126644849035,1.1422725832887803,1.11883335307349
high,75,300,56,0.023762009873500214,0.012985352312365056,1.8299087542563854,1.2099439904107192,1.1093620653522076,1.0906664543523743
high,75,300,57,0.02244971173460783,0.0128399742050766,1.748423429521516,1.2339657135628532,1.1077586770701882,1.1139300816189126
high,75,300,58,0.025364873002904596,0.013583474640343766,1.8673331878994601,1.203088298860484,1.1007833721832865,1.092938292185761
high,75,300,59,0.025887007522921533,0.013622485802187785,1.9003145166621538,1.2293044749539506,1.1274120753394252,1.0903772470095718
high,75,300,60,0.02723449005413974,0.01417587915694439,1.921185257903266,1.3168135543481196,1.164466018079608,1.130830383972696
high,75,300,61,0.02814711884373902,0.014146607943377474,1.989672644947772,1.3015855579409976,1.1511079262785744,1.1307241729703865
high,75,300,62,0.024222592563461858,0.013245273496591745,1.8287725481617862,1.246160232711625,1.1380442126144439,1.0950015991459636
high,75,300,63,0.026324911986841688,0.01381088823489514,1.9060984014285278,1.2359012155238578,1.1141744143239452,1.1092529137583667
high,75,300,64,0.021672173424042852,0.012144229600095919,1.7845655210497404,1.1861902909301456,1.1046467944510545,1.0738186150439277
high,75,300,65,0.024475173642990542,0.013610250930880554,1.7982896691095063,1.2778314373128887,1.1555378669818173,1.1058325943488927
high,75,300,66,0.022303228814718107,0.012322183993853708,1.8100061503579992,1.2530331437750994,1.1307357094096226,1.108157399954522
high,75,300,67,0.02751398770010845,0.014354036272988646,1.9168119110778712,1.263005684178892,1.1322319312123437,1.1155008522207297
high,75,300,68,0.02801725255110074,0.014274238064890562,1.9627844529238307,1.2626389316638795,1.1212139386805509,1.126135600088738
high,75,300,69,0.027742832368487597,0.014082933695763303,1.969961157797237,1.2055582823138915,1.0891941745736249,1.1068350441608068
high,75,300,70,0.022721650428984656,0.012434816486082127,1.8272606157409912,1.2065225788066245,1.0962399316516873,1.100600830138322
high,75,300,71,0.024605052628415867,0.013396039154683638,1.8367408712606843,1.2338784470334956,1.128852719177728,1.093037582380339
high,75,300,72,0.02539819738766181,0.01298785113485466,1.9555349937375168,1.2090729978097676,1.104017177642021,1.0951577767948564
high,75,300,73,0.022613220025989346,0.012721498265737265,1.7775594944577713,1.1681186494956042,1.084755199241346,1.076850012161786
high,75,300,74,0.022469552430756958,0.012691460902836028,1.7704464917617107,1.2206598279531602,1.13886721631387,1.0718192695931887
high,75,300,75,0.02282898900947139,0.012761844899533865,1.7888470820002862,1.2524919964036212,1.1422547259228413,1.096508482721941
high,75,300,76,0.021519389427066764,0.011930598318386602,1.803714185390232,1.1793765562174885,1.0852470478740663,1.0867355580720686
high,75,300,77,0.02203845406806943,0.012569638170732006,1.7533085494366303,1.2068041265789005,1.1275064752704693,1.070330107230124
high,75,300,78,0.024382476437400772,0.012707211725992698,1.9187904446044786,1.2628383183429046,1.153520555935555,1.094768803074071
high,75,300,79,0.026621079925802878,0.014171635898662277,1.878476141792195,1.2882643959959883,1.1484025844997356,1.121788137177677
high,75,300,80,0.025564116547956553,0.013265089143110774,1.927172616192578,1.251298269981776,1.1308382316804337,1.1065227854229316
high,75,300,81,0.023634051195823215,0.012918068069683188,1.8295344991476603,1.2407399024739356,1.1310852430530145,1.0969464150420196
high,75,300,82,0.02421085690410638,0.013396374549954538,1.8072693334920635,1.2431108994896658,1.1308342591714937,1.0992865571657084
high,75,300,83,0.024140914212055567,0.013511243059025924,1.7867278463271148,1.224599698340039,1.1308407527227486,1.0829108301867836
high,75,300,84,0.02131182306350018,0.012009671873850889,1.7745549826305593,1.1786496383973093,1.0970364190252775,1.0743942661853885
high,75,300,85,0.022751892723681087,0.012482342268913533,1.8227262346701714,1.1814787402800684,1.0929502712216472,1.080999539859639
high,75,300,86,0.023377175458259652,0.012820879690592155,1.8233675085036178,1.2274687697599895,1.136423339302436,1.0801157696333827
high,75,300,87,0.023519654915204483,0.013155526492788979,1.787815556306048,1.2152449093419841,1.1262962981399653,1.0789744327038222
high,75,300,88,0.02249406755821098,0.012757703488569428,1.7631752907852956,1.2325624031605118,1.1240076145407654,1.0965783391637418
high,75,300,89,0.02201685551745797,0.012144216764533882,1.8129498134252893,1.2051061888179302,1.1136354176115666,1.0821370888172204
high,75,300,90,0.021614637866137203,0.012362228881206751,1.7484418120583503,1.1651887614608392,1.0844856107088152,1.0744160641276528
high,75,300,91,0.023641725479683018,0.013094787582770313,1.8054302393411876,1.2178924738076276,1.131085107062531,1.0767469805791525
high,75,300,92,0.02306288102725056,0.012945126444971998,1.781587930043618,1.2523616069456498,1.138555865667978,1.0999562206031088
high,75,300,93,0.023507781494207413,0.012959842382495649,1.8138940891718291,1.2342566471160399,1.1294154778795742,1.09282781340424
high,75,300,94,0.02503329636186967,0.013526231511691246,1.8507221571826877,1.1923141961273545,1.0915858103411922,1.092277111732222
high,75,300,95,0.026236062697673583,0.013854645975406256,1.893665326724761,1.2597951015029722,1.1453861632849813,1.0998867821921863
high,75,300,96,0.021397867629761123,0.012294861613500681,1.7403910920204793,1.2022776154521007,1.1193665027298614,1.074069674695499
high,75,300,97,0.023719923357580983,0.01304807036355484,1.8178874497668394,1.1862151066142284,1.0935742047012738,1.0847138689946156
high,75,300,98,0.02233364239183982,0.012210891968410242,1.828993528860732,1.247285509628621,1.1425754411975995,1.091643899085796
high,75,300,99,0.024258590690341843,0.013308095382544493,1.822844666574942,1.2127849979794696,1.1094616272511126,1.0931292873863145
high,75,300,100,0.02633724630785252,0.01361994261929671,1.9337266715454406,1.3148135838136188,1.1566115778631225,1.1367805830223312
high,100,300,1,0.015561917281303503,0.0102631481023114,1.5162908228712735,1.1541022411251138,1.1015602873527126,1.0476977559700076
high,100,300,2,0.017146451980369917,0.010473629311832117,1.6371070113202761,1.1872188830114154,1.1166795424644134,1.0631688303264946
high,100,300,3,0.01781438618486791,0.011022302237012655,1.6162128203169372,1.1981356886672685,1.1277980454579695,1.062367232761728
high,100,300,4,0.015434850671481095,0.009758615097914954,1.5816640493156593,1.1795578283009218,1.1184438108825847,1.0546420095705218
high,100,300,5,0.0193250766747604,0.011480035570200007,1.6833638325062887,1.1980990838473597,1.1236910853426068,1.0662174858155669
high,100,300,6,0.015111835470176598,0.009836141066595078,1.5363581477596455,1.1477806891410813,1.085480943830124,1.0573936794239172
high,100,300,7,0.016448346502231016,0.010428693026060755,1.5772203152521092,1.1870708096861855,1.1287663885307977,1.0516532222679635
high,100,300,8,0.0166263785819034,0.010119950679631775,1.6429307916852782,1.1598365068558714,1.0903689478366934,1.0637101406427636
high,100,300,9,0.015353159091293539,0.009971151556040394,1.539757870994629,1.1769765372425007,1.120091352997628,1.0507862006903586
high,100,300,10,0.01702538510950466,0.010664113572745307,1.5965119832385415,1.146437107974376,1.0810187573341432,1.0605154630263385
high,100,300,11,0.018474410942320683,0.01081942742824602,1.707522053717,1.1648848344172034,1.0867483440692016,1.0718993415305598
high,100,300,12,0.019580987022608683,0.011637331206546838,1.6826011630220652,1.2071767052746967,1.128004016209597,1.07018830423241
high,100,300,13,0.017955034097615095,0.010454062127920796,1.7175174470850563,1.1577810283992658,1.0809791658177912,1.0710484207374817
high,100,300,14,0.016898096390672423,0.010387256874168867,1.6268102922047472,1.186826630007404,1.1184351473624523,1.0611492609171267
high,100,300,15,0.017401205130513898,0.010523796950851412,1.653510155296761,1.2030479585609195,1.125859864769839,1.0685592374383646
high,100,300,16,0.016601026744738605,0.010248520809731173,1.619846127352896,1.156582531102917,1.0963917274536008,1.0548989947134233
high,100,300,17,0.015628712225930864,0.010201823490261247,1.5319528161656761,1.1465643354600197,1.0828449495847465,1.0588444226476823
high,100,300,18,0.01585118127397754,0.010155877854267146,1.5607888851594869,1.1386018478830657,1.0879075650355228,1.0465979688686948
high,100,300,19,0.016497130615218347,0.01049224469836452,1.5723166099804973,1.1510681985668185,1.0953587839061536,1.050859513320375
high,100,300,20,0.016257744173226625,0.009809073808610475,1.6574188848447098,1.1604411031586863,1.096379473766963,1.0584301612028717
high,100,300,21,0.01665473858830051,0.010256383729429936,1.6238412122306782,1.1235566691069616,1.0780685606479974,1.042194077556276
high,100,300,22,0.019604032034932918,0.011456982405632,1.7110990783485893,1.2126056331289465,1.1350655517473274,1.0683133068942612
high,100,300,23,0.015552968350107521,0.010032461535581542,1.5502644385873519,1.1663627690983456,1.104415728121416,1.0560903284873533
high,100,300,24,0.01718143031844201,0.0104388725610742,1.6459086187631335,1.1555260719706555,1.0870413554149285,1.0630010221916406
high,100,300,25,0.015252869913288258,0.009501785648204194,1.6052635239325779,1.167059514026785,1.1033164406898202,1.057774062803878
high,100,300,26,0.016945129819427283,0.010692561207435565,1.584758739341488,1.1435974592876075,1.0855211265576103,1.053500877421122
high,100,300,27,0.017551335888292174,0.011058183226909615,1.5871807807978575,1.2075296640600133,1.1455861299478034,1.0540714770307424
high,100,300,28,0.017809069712664684,0.01050312063824517,1.6955979395129723,1.1964676277119275,1.131134989865448,1.0577584801388304
high,100,300,29,0.015750870164894865,0.009993205374559774,1.576157956784585,1.1607225495456437,1.1007022581181656,1.0545290890291192
high,100,300,30,0.01666755010527838,0.010439385948346836,1.5966025384776417,1.1502285246956765,1.0994891809702014,1.046148106414928
high,100,300,31,0.01586443267038181,0.010248326055864046,1.5480023355916015,1.1858840933629917,1.1176438482283242,1.061057236831609
high,100,300,32,0.016465235254801522,0.010296574691103353,1.5990983165526043,1.1719678164479208,1.1077098076937217,1.0580097858734192
high,100,300,33,0.016736534922637568,0.010354758323299008,1.616313428096054,1.1969726059975287,1.1158992668916867,1.0726529190503638
high,100,300,34,0.017911365516848292,0.011323960113006815,1.5817227664264832,1.2311934501497226,1.155183084827032,1.0657994099126475
high,100,300,35,0.01558019518646007,0.009921159280969233,1.5704006704484625,1.153454669141506,1.1001561729869347,1.0484463001374298
high,100,300,36,0.01801461635773552,0.010922033880563268,1.649382940460763,1.201280640885165,1.1228951947132546,1.069806555893159
high,100,300,37,0.01895321712083064,0.011196916415497488,1.6927175677222854,1.20065654997329,1.1258426983711933,1.0664514249728965
high,100,300,38,0.01761802300147013,0.01040818432039268,1.6927085896193503,1.1884890848110425,1.1131102601003848,1.067719099726796
high,100,300,39,0.01580533484701756,0.009900001267202266,1.59649826504357,1.1847485660495412,1.1250168326837324,1.0530940796888508
high,100,300,40,0.01700847229010523,0.010301553962966822,1.6510588937600277,1.186671104798165,1.112311379168478,1.0668515372784153
high,100,300,41,0.017458615097961736,0.010549754660601006,1.654883517164857,1.1584963870087057,1.089128017317735,1.0636916584533458
high,100,300,42,0.017332714694135557,0.010549576302435838,1.6429773288746705,1.1703146202640775,1.100309395071479,1.063623218620296
high,100,300,43,0.01701625610624546,0.010545749814515903,1.613565313565765,1.1290253964801964,1.0748678324541825,1.0503853240284986
high,100,300,44,0.018301146553893404,0.010953357580592443,1.670825262412691,1.1298401672367453,1.0767265135419397,1.0493288249400359
high,100,300,45,0.018333206803155883,0.01103530441764644,1.661323159680076,1.216630209988631,1.1375833302645413,1.0694866719835878
high,100,300,46,0.015984919919919287,0.01015701358348354,1.57378148493496,1.150803935024033,1.1034464752435655,1.042917767959714
high,100,300,47,0.017374480273576555,0.010809140790146245,1.607387729597838,1.1563295226515036,1.095076553034654,1.0559348745501915
high,100,300,48,0.016289007661516676,0.01029981090693451,1.581486088307684,1.1645577601349266,1.113996953890845,1.0453868442525704
high,100,300,49,0.01846040001266571,0.01130676741427044,1.632685924835295,1.1717280165390718,1.1115318672259151,1.0541560265504488
high,100,300,50,0.01718032415354762,0.010533892256437003,1.6309568899424753,1.185546599364775,1.120320725446406,1.0582207152263283
high,100,300,51,0.019627071896079533,0.01178785355911928,1.665025086852704,1.1902127243464597,1.1119708277853857,1.070363263681028
high,100,300,52,0.016490800368176687,0.01044119511661003,1.5793977781281803,1.1247936834833814,1.074334641549257,1.0469677137668756
high,100,300,53,0.015604856670998264,0.009827078576663057,1.5879446316890187,1.1208150641712096,1.0628138022424019,1.0545733051325006
high,100,300,54,0.01647548844527282,0.010067025768271773,1.636579544397173,1.1707177482274949,1.096423771957958,1.0677602749681951
high,100,300,55,0.01760860428943997,0.010749916004747277,1.6380225000515187,1.1671637037704472,1.0912868812194638,1.0695296753372445
high,100,300,56,0.018405559809807705,0.011080713296294417,1.6610446744401233,1.1881863269513944,1.1109461695842942,1.0695264626512038
high,100,300,57,0.01765067156923451,0.010936729172730437,1.6138894262138783,1.1866108997322005,1.1236151589197705,1.0560652286615582
high,100,300,58,0.015213142267047439,0.009958378732310116,1.5276725937012379,1.1455151345989572,1.090953709604921,1.0500125940392053
high,100,300,59,0.015961485516766023,0.010153950738190663,1.5719482916863359,1.147806999077221,1.0905239096729529,1.052528045369906
high,100,300,60,0.016352523946482116,0.010398087607679754,1.5726472562516758,1.1553463102672321,1.0929056282087901,1.0571327298961564
high,100,300,61,0.01726522215008101,0.010403740369058095,1.6595206663778097,1.18440838922876,1.1000089543120153,1.0767261344427248
high,100,300,62,0.01693252671715007,0.010410441834168985,1.6264945318242305,1.2041531044700844,1.1321715591071742,1.063578302054924
high,100,300,63,0.018422786646379995,0.011241108723378211,1.6388762976792492,1.2024969083956605,1.1112531704640454,1.0821088662392864
high,100,300,64,0.01865162562396109,0.011091445813347502,1.6816225709289971,1.2044321367962632,1.128256880754393,1.0675158798862692
high,100,300,65,0.01776619071089649,0.010651783128195518,1.6679076636351118,1.1479593357248277,1.0875904178854754,1.0555070335731012
high,100,300,66,0.01694701578169862,0.010777336277379979,1.572467940642056,1.1473835343961476,1.0948506397691398,1.0479817910487634
high,100,300,67,0.01644009525076342,0.010124428426084749,1.6238047777992957,1.195521669671149,1.1346841663963394,1.0536162441289936
high,100,300,68,0.015576877724053579,0.010207280873794172,1.5260555594237766,1.165651604807785,1.1052768047232056,1.0546241446726994
high,100,300,69,0.01732227585550252,0.01020284948131163,1.6977880431571017,1.2083624847631311,1.134105763471673,1.065476010865289
high,100,300,70,0.016252015184094883,0.009985883817084481,1.6274989256624346,1.1665079556595503,1.105737599793921,1.0549591113451828
high,100,300,71,0.016061427812102527,0.010024634927393269,1.602195783530545,1.142330600758316,1.0949682032978867,1.043254587044428
high,100,300,72,0.015876544785492358,0.010056311911058543,1.578764155876423,1.1754521165260285,1.1167771723704922,1.0525395267804336
high,100,300,73,0.018053595243277702,0.01131559762060257,1.5954610484210843,1.1599562077080254,1.1064323487617707,1.0483751754060284
high,100,300,74,0.015203738353200292,0.009620642293686843,1.5803246695053956,1.1530846225999742,1.0922528781066594,1.0556938285196027
high,100,300,75,0.018676006382121635,0.010845730860039518,1.7219684522075247,1.1508540172912067,1.0754242218046444,1.0701395727910845
high,100,300,76,0.01659357941067845,0.010146408360842851,1.6354141111367648,1.1794975910297256,1.1065283587895618,1.065944294749016
high,100,300,77,0.014655441766650516,0.009837907464547026,1.4896909550597512,1.1384159110276215,1.099025046114349,1.0358416444216088
high,100,300,78,0.015989602143198618,0.010013570855392694,1.5967932293191496,1.141683507040818,1.083320324984649,1.0538743534208093
high,100,300,79,0.016818408391415175,0.010339487147961563,1.6266192075813872,1.153062631217416,1.0916602192390117,1.0562468164510084
high,100,300,80,0.016121079265441558,0.010326470501322101,1.5611412692630624,1.1633092314677222,1.10366384424301,1.0540430743797922
high,100,300,81,0.01728581091254384,0.010431204982495274,1.6571250341213082,1.1710428819192749,1.1086490328317777,1.0562791715319744
high,100,300,82,0.015558952828738133,0.009894152303037168,1.572540259357243,1.1212300459522673,1.0688470216913222,1.0490089069790878
high,100,300,83,0.016148832707942706,0.009860083422170887,1.6377987909951406,1.1284212318744706,1.081562378551779,1.0433251509593335
high,100,300,84,0.01764286713962202,0.010691597914757123,1.6501618635761055,1.1968578082632304,1.1188723444394202,1.0697000548913225
high,100,300,85,0.016011573333968358,0.010197025916734957,1.5702199312537584,1.1298350655713847,1.0771658770633268,1.0488960796378453
high,100,300,86,0.01752731548933401,0.011282909738480408,1.553439307376273,1.2076641181526186,1.136447147626811,1.0626663287197533
high,100,300,87,0.017131188177488852,0.010502740181829154,1.6311160593239857,1.1680966312177392,1.0995619079240928,1.0623291174419054
high,100,300,88,0.017675842967404893,0.010876174007378907,1.6251894237268336,1.1810310443646,1.101800646021827,1.0719099218437047
high,100,300,89,0.018011726035481165,0.01082084012776944,1.664540444439042,1.1727068984961075,1.1039480222435545,1.0622845232448666
high,100,300,90,0.01673262210522639,0.010090816670608838,1.658202963290662,1.1341983193179255,1.072649018357949,1.0573806528571652
high,100,300,91,0.018015950176763537,0.010602733106279886,1.699179824312741,1.189191886047361,1.1194598970595993,1.0622907432154751
high,100,300,92,0.018345330201761958,0.011191266852425281,1.6392541115920496,1.1610649302210707,1.0888819888116676,1.0662908764687886
high,100,300,93,0.017788225322942268,0.010866112520369944,1.6370367313605414,1.2147792260155432,1.1378829371844636,1.0675783829058452
high,100,300,94,0.016837996172115195,0.0104921325337505,1.6048211474599352,1.1482633463631258,1.0914639679088785,1.0520396276233182
high,100,300,95,0.016832658440682994,0.010146453262662006,1.658969691668082,1.182831161192761,1.1254086689631615,1.0510236803867017
high,100,300,96,0.019500746947690894,0.011610225250454749,1.6796183129114648,1.1936829452144253,1.107580780331191,1.0777389481763018
high,100,300,97,0.017599545436955657,0.010554268190992996,1.667528730412128,1.211028546403187,1.1313023294229043,1.0704729539635547
high,100,300,98,0.01834243836974452,0.010556586311735483,1.7375350163483916,1.234004292869492,1.1562100857979396,1.0672837990492567
high,100,300,99,0.018046788166480043,0.010783406286497097,1.6735702696353099,1.2159637408104946,1.136958580760962,1.0694881602429658
high,100,300,100,0.018583341276516778,0.011188363700552841,1.6609525551621578,1.210194605143835,1.1234896728157826,1.0771746589452356
high,150,300,1,0.010877474044333429,0.0077653808639795785,1.4007650410026347,1.1033171121683871,1.0745445569467704,1.0267765119981358
high,150,300,2,0.010427520570552212,0.007677123457106788,1.35825880993217,1.108742631215342,1.0770620772381705,1.0294138607668812
high,150,300,3,0.011312992344989283,0.008054984075907896,1.4044710999275525,1.1205090733228753,1.087529455968467,1.0303252635350821
high,150,300,4,0.011226164479676877,0.007931194002451234,1.4154444433218114,1.1154442927700994,1.086717241411904,1.0264347065303503
high,150,300,5,0.009762774832105485,0.007071727712621879,1.3805360201695163,1.1112251314324468,1.0834770510864338,1.0256102151108686
high,150,300,6,0.009612512766323661,0.007192429761372418,1.3364764182958744,1.09010219786206,1.0710836913998796,1.0177563215786842
high,150,300,7,0.010376854108882994,0.007384929009233512,1.4051393176438967,1.0970784483566876,1.0667655666438296,1.0284156919389758
high,150,300,8,0.011070775116590117,0.007806430843871122,1.4181609160455002,1.102648145864676,1.0694495103984756,1.0310427328671463
high,150,300,9,0.011140768034593691,0.008145917969326798,1.3676504080379779,1.117547676786122,1.0897957461709282,1.0254652587080673
high,150,300,10,0.010122785493837853,0.0072772849778453726,1.3910112802583916,1.1078509118364674,1.082116989974441,1.0237810903076519
high,150,300,11,0.010755993575857352,0.0075782548161500984,1.4193232923410204,1.0778207515507752,1.0520809680643712,1.0244655917821233
high,150,300,12,0.009784107072290004,0.007310109707475488,1.3384350527988038,1.0770448881103616,1.0527508326398156,1.0230767383100783
high,150,300,13,0.011054467754804537,0.0077751191613259964,1.4217747053691803,1.1157832085051913,1.0826157051367455,1.0306364513382487
high,150,300,14,0.009715446891377346,0.007007697876562025,1.3863963690374939,1.0830477967283505,1.0577298206208148,1.0239361466548005
high,150,300,15,0.011155562194828212,0.0077145744594106155,1.4460372705613218,1.0999921205691003,1.0711175070982932,1.026957465711703
high,150,300,16,0.010247967416308278,0.0072490973295536104,1.4136887601893096,1.0971843079740393,1.061491058587542,1.0336255770576082
high,150,300,17,0.010762104840591731,0.0075794283234787065,1.419909837692387,1.0792874240142782,1.054381938652834,1.0236209332201438
high,150,300,18,0.010869531652876201,0.007609215134317511,1.4284694887721971,1.1056437906101975,1.066325152535735,1.0368730288139245
high,150,300,19,0.010352482355751584,0.007310902592016935,1.4160334138572537,1.0814745723870294,1.0488723616107827,1.0310831059807684
high,150,300,20,0.009884156268728002,0.007022220607141223,1.4075542227591573,1.0963873659630965,1.0658570953061082,1.028643868668173
high,150,300,21,0.010289918617586873,0.007316051695569034,1.4064852253325328,1.0931343739911148,1.0597213855151855,1.0315299747014972
high,150,300,22,0.010760539042475368,0.007832578638796174,1.3738181943270227,1.1160885624785186,1.0876975303842358,1.0261019550943116
high,150,300,23,0.011506409978010295,0.007979993560795888,1.44190717578257,1.1231957752799706,1.0906007265123119,1.0298872428518329
high,150,300,24,0.010142416182355153,0.007153511718644629,1.417823382594085,1.0883401499772676,1.057929659837099,1.0287452855276324
high,150,300,25,0.00963902663283475,0.007114258450783389,1.3548884538729888,1.085387732841034,1.0549219121233377,1.0288796927692732
high,150,300,26,0.01064039502016191,0.007589822781888708,1.4019293105963768,1.1235358782262868,1.0919338667074228,1.028941323721514
high,150,300,27,0.011068377620846935,0.007918104163258706,1.397857036562617,1.134391387495606,1.0963069340669578,1.0347388603001595
high,150,300,28,0.010068765606557107,0.007325108255861532,1.3745551949351886,1.080347941856253,1.056754293191931,1.0223265226517861
high,150,300,29,0.010252592133949414,0.0073977937721796845,1.3858986137874714,1.1062905853927636,1.0778310923848498,1.0264044090108249
high,150,300,30,0.010555073197733713,0.007357029151089141,1.434692316826165,1.1073292069377283,1.0712147260139915,1.0337135777232258
high,150,300,31,0.012072458378905193,0.008363391757224914,1.4434883273853714,1.100415756678871,1.0645034235841069,1.0337362307148341
high,150,300,32,0.010524977413625848,0.007704264674055419,1.3661235509041312,1.1110079895413865,1.0831014805291685,1.0257653687248065
high,150,300,33,0.011430326982214032,0.008001606489509856,1.4285040131877573,1.1208899206215017,1.0858436803306286,1.0322755852667502
high,150,300,34,0.010926527867199118,0.007990136324400902,1.3675020579850226,1.106546904759577,1.0814138305679355,1.0232409402221554
high,150,300,35,0.010372447842945028,0.0075824335601346595,1.3679576300515344,1.0964825581614308,1.0702162313344392,1.0245430092143533
high,150,300,36,0.011891803896077979,0.008457331999617948,1.406094013645814,1.1215413710082138,1.0852396373089843,1.0334504310856587
high,150,300,37,0.010071198490029479,0.0072891653807489005,1.3816668938021472,1.1045771223104166,1.0756511273069373,1.0268916140829973
high,150,300,38,0.010009431823029729,0.007536587077063601,1.3281120115352791,1.0727758383164478,1.0479235641799889,1.0237157317441432
high,150,300,39,0.011123376007716585,0.008090167631283295,1.3749252814866766,1.1223788771218761,1.0949939406442772,1.0250092128012014
high,150,300,40,0.011088428625581773,0.0076310040755681735,1.4530759669075624,1.114915094797513,1.0797363938246622,1.032580823591803
high,150,300,41,0.00875472408772761,0.0065388288660806,1.338882583873957,1.0958454219634943,1.0751825802023962,1.0192179841280617
high,150,300,42,0.011149516336612583,0.007988617745284168,1.3956752835237802,1.1013957348737595,1.0758658793115847,1.0237295893968779
high,150,300,43,0.010551250039804321,0.0074517818784311015,1.4159365118220264,1.095363652020353,1.0688175312742003,1.024836906178462
high,150,300,44,0.010755668061751593,0.007831769175305769,1.3733382357162829,1.1098954604538105,1.0828057605874493,1.0250180603506065
high,150,300,45,0.010782533538839083,0.00755617632915442,1.4269827845647576,1.1025244179756115,1.0771740474422837,1.0235341452883324
high,150,300,46,0.010008027686518706,0.00712277566303901,1.4050741115505907,1.1090663583026774,1.0815783558292835,1.025414712050444
high,150,300,47,0.010489174261599028,0.007411407360097316,1.415274286240461,1.094662422098548,1.0645093340630807,1.0283258089624985
high,150,300,48,0.011089851717053255,0.00775411227610383,1.4301897267117618,1.0938411011728482,1.0524713157930399,1.0393072806441628
high,150,300,49,0.010492086339221149,0.007439885982549413,1.4102482704480699,1.1065871969830698,1.0785330920285674,1.0260113529773451
high,150,300,50,0.011173952578031096,0.007916098232434684,1.4115479937133653,1.0936074412514776,1.0628250676764976,1.0289627846681064
high,150,300,51,0.01076015427818499,0.007713982803674149,1.3948895858388428,1.135470478439679,1.0950441174051262,1.0369175637693477
high,150,300,52,0.010153439441126075,0.007349135554835965,1.3815828222742181,1.104716476650512,1.0778512060435421,1.0249248416259458
high,150,300,53,0.011038480624791016,0.007886109577319871,1.3997371602009228,1.1048165171664681,1.0722892245647424,1.030334439493159
high,150,300,54,0.010231770274435222,0.0074556213434868466,1.3723564815122473,1.0940334804751422,1.059994233674445,1.0321126716724685
high,150,300,55,0.01088827480996801,0.007883091433698579,1.3812188912871028,1.1092038006894438,1.0772366100842126,1.0296751802769981
high,150,300,56,0.010499009673690052,0.007634905160453253,1.375132952282379,1.1099716467960514,1.0786314309296412,1.029055537385369
high,150,300,57,0.011269909441588724,0.007858995981258806,1.4340138954726351,1.0864083982795179,1.0532335436387839,1.031498099202309
high,150,300,58,0.009633344699161417,0.007177092475592184,1.3422349972391245,1.0882477985140693,1.0627592916101056,1.0239833300966468
high,150,300,59,0.010351600989720116,0.007414070856310993,1.3962101509872467,1.0906751648955308,1.0626978575869472,1.0263266808235705
high,150,300,60,0.011091118925266692,0.007734557180049191,1.4339694784176582,1.0933046893897371,1.065059225201019,1.0265200878227096
high,150,300,61,0.01061664154254374,0.0074981275249265044,1.4159057054244757,1.105059663714936,1.0727037896853837,1.030162915746799
high,150,300,62,0.010642174229405596,0.007547522375070545,1.4100222166358436,1.0969191218991186,1.0633545254596586,1.031564822113256
high,150,300,63,0.011361757850739276,0.007934583534982498,1.431928695519662,1.1136888896645039,1.072971571263005,1.0379481800748644
high,150,300,64,0.011530623736402417,0.008045182351507198,1.4332333603653185,1.1282466037750376,1.0945065815904145,1.0308266964786963
high,150,300,65,0.011026486895509812,0.007838975217511956,1.4066235176859703,1.1327179483695176,1.0976257658985509,1.031970990078061
high,150,300,66,0.010416764202527972,0.00744504446216943,1.3991540622032237,1.131040105500364,1.0996025006478631,1.0285899721344562
high,150,300,67,0.010366660518569592,0.007453742585103638,1.3907993736310995,1.0953414439374982,1.066162796983868,1.0273679095126704
high,150,300,68,0.011776275170007178,0.007786425542504291,1.512410939489914,1.1436561120696387,1.1013169451953209,1.0384441255163008
high,150,300,69,0.010769318422130969,0.0075950221205173495,1.4179443128991698,1.096264689821498,1.062471487324671,1.03180622059037
high,150,300,70,0.010087913665900663,0.007206999291726707,1.3997384011791298,1.1023223388743995,1.0750483911540394,1.025369972128494
high,150,300,71,0.009812231988470138,0.007214009408362415,1.3601634587689735,1.1120072183680314,1.0852494731407292,1.024655847240234
high,150,300,72,0.010128267512820789,0.007536840517609943,1.3438346597829605,1.1025378013982627,1.071547989907639,1.0289206006473819
high,150,300,73,0.0105248879166738,0.007540588560444286,1.3957647778164521,1.1127501877439947,1.0842850599276825,1.02625243938915
high,150,300,74,0.010186579760222835,0.007241342415175545,1.4067253246960136,1.0871208966371948,1.0527344661356477,1.0326639163128875
high,150,300,75,0.010855363232482868,0.0076322634856838874,1.4222993287436505,1.0981949704817782,1.0674142882955706,1.0288366780581115
high,150,300,76,0.010891794822084,0.007516045129631249,1.449139092997752,1.110309308645989,1.0781769225822262,1.0298025169995346
high,150,300,77,0.010522461108675728,0.007575782031454068,1.3889603825700467,1.1127820175726522,1.0856864176667718,1.0249571141951936
high,150,300,78,0.010100946748308333,0.007351536979537706,1.3739911499354958,1.1023212143189454,1.0795867155071242,1.0210585203441873
high,150,300,79,0.010590404337714842,0.007795569511117569,1.3585157983148568,1.1308708475782505,1.0977072932529213,1.030211655264723
high,150,300,80,0.009684919467188151,0.007053736389537609,1.3730197631929115,1.1041493818221215,1.076642085725347,1.0255491555285456
high,150,300,81,0.010344140254258753,0.007557471970268134,1.368730217585147,1.115236009233303,1.0809386522476028,1.0317292354329133
high,150,300,82,0.01111693398964866,0.008165096361458256,1.3615190191905118,1.1083650696988605,1.080640508518603,1.0256556745390413
high,150,300,83,0.010350245903334738,0.007614445756978623,1.3592907788263853,1.1139612663710305,1.0876764242470764,1.0241660493304792
high,150,300,84,0.010448936050943972,0.0075084691976117475,1.3916200194664863,1.0959964439810226,1.0658071223814725,1.0283253141826396
high,150,300,85,0.010463882349620857,0.007594055316130782,1.3779044152330813,1.107692866538902,1.0706460767893435,1.0346022747878127
high,150,300,86,0.011236961455321746,0.007939656762200252,1.4152956219492463,1.1003619680662144,1.0670094239796288,1.0312579658033296
high,150,300,87,0.011383662253402975,0.007893390075270594,1.44217657367107,1.1199929873954784,1.0916698302200565,1.025944801616174
high,150,300,88,0.010186298556227217,0.007530055213172465,1.3527521735044037,1.1087018160166662,1.0831316328576062,1.0236076413829764
high,150,300,89,0.00957509947487981,0.0071420097364135625,1.3406729797722243,1.077011891790873,1.0581031508058494,1.017870413645988
high,150,300,90,0.009784000401306035,0.006966003228256374,1.404535725969656,1.0976186177036542,1.0632474093643696,1.0323266325754157
high,150,300,91,0.010593707488845002,0.007565222059606716,1.40031679247175,1.1086258245200622,1.0763177049609376,1.0300172703749189
high,150,300,92,0.01044316599877394,0.007653724709067862,1.3644553986115082,1.0994749544847295,1.0652605056941886,1.0321183866365577
high,150,300,93,0.009839216690144752,0.007075471935262589,1.3906092455979184,1.0719525827705185,1.0463691928864236,1.024449678046735
high,150,300,94,0.010940205104155103,0.007700571883005009,1.420700341529165,1.1164910687198955,1.0826572130436838,1.0312507553347325
high,150,300,95,0.011281180368420442,0.008004735617612918,1.4093132999418896,1.0888510460972003,1.0636812228656987,1.0236629383789353
high,150,300,96,0.009931261231779289,0.007320566471435747,1.3566246916178222,1.1108579691950868,1.0850788322217704,1.0237578470870472
high,150,300,97,0.011266427444937593,0.0077092778862714725,1.4614115110574262,1.0960593686971578,1.0586557251864244,1.0353312626766806
high,150,300,98,0.010402651165276021,0.0076043303059974005,1.3679904405351295,1.1053834419630058,1.0785781406236494,1.0248524426091716
high,150,300,99,0.00982656848257073,0.007057317243443775,1.3923943254357145,1.1090140729053084,1.0760809050413906,1.0306047321438634
high,150,300,100,0.010840574628740347,0.007597574748775912,1.4268467224342785,1.1199782399470322,1.0856939682786364,1.0315782095784813
high,200,300,1,0.00804347573870187,0.006065699567076928,1.3260590389869962,1.0860494918818104,1.0677107941314186,1.0171757163561415
high,200,300,2,0.007287420400859314,0.005823882060128775,1.251299446935946,1.086525808432607,1.0714497943339072,1.0140706677796996
high,200,300,3,0.007514332729178242,0.005863088384519586,1.2816338824122906,1.071260708460366,1.0550118379006919,1.0154016002247017
high,200,300,4,0.007221365910449871,0.0055969152925280955,1.2902403436568755,1.07448785066561,1.058164219326484,1.0154263686495806
high,200,300,5,0.007459381564768734,0.005660479877323283,1.3178002088925562,1.0673040474508033,1.0480160285219537,1.0184043167317316
high,200,300,6,0.006941210513310112,0.005556902145110231,1.2491151242276233,1.0766254207106487,1.0618181188538207,1.0139452337400419
high,200,300,7,0.008197570262350505,0.00618269369577758,1.3258897603077069,1.0843899694277315,1.0650163877188699,1.0181908766214924
high,200,300,8,0.007131887625101064,0.005653291869716338,1.2615459787783636,1.0804063062424905,1.0617117717533975,1.01760791863334
high,200,300,9,0.007988800985460141,0.006078875316541486,1.314190630579554,1.0973894316038506,1.075980430930252,1.0198972026425137
high,200,300,10,0.00803185409879017,0.00616189898388737,1.3034705891467078,1.0720238501499113,1.0525589930782226,1.0184928894244336
high,200,300,11,0.00788527317928797,0.0061365267853898285,1.284973317163978,1.0826633300065902,1.0641227560789954,1.0174233412655433
high,200,300,12,0.007605387390451162,0.005956443754078099,1.2768335779623718,1.0705521961286772,1.054226033990855,1.0154863962864003
high,200,300,13,0.008214307876388134,0.006363234853916426,1.2909012577670955,1.084155428094063,1.0624853427332577,1.0203956558168217
high,200,300,14,0.007607469830924053,0.005884614804561928,1.2927727784368344,1.062442127767013,1.0466399165599858,1.0150980398865015
high,200,300,15,0.00822386056310798,0.00623589801851209,1.3187933059030728,1.0960271694911257,1.0742464976350428,1.020275301715233
high,200,300,16,0.007601343736524764,0.005943288713470857,1.2789793838040908,1.0760708182421654,1.0605956348969396,1.014591030583234
high,200,300,17,0.007726174973208027,0.006000584851089326,1.2875703227170336,1.0684542408065325,1.0497138882447856,1.017852819488825
high,200,300,18,0.007708160605914041,0.006037902845777393,1.2766287902934281,1.0726561174162506,1.05762186525098,1.0142151487778697
high,200,300,19,0.007727355874356317,0.006027957003778054,1.281919540818416,1.076921414359327,1.0607629848130296,1.0152328369085633
high,200,300,20,0.008233274260351562,0.006286054225916955,1.3097682527787236,1.098033799122167,1.0785163982921837,1.0180965267295785
high,200,300,21,0.008121064372255595,0.006236024991079382,1.3022822044287437,1.0756102380773147,1.0539037583666335,1.0205962636895065
high,200,300,22,0.0074194699627517825,0.005663086836336665,1.3101458934278476,1.0723888290684818,1.0573897290684349,1.0141850252444395
high,200,300,23,0.00799268197188069,0.006274989707635948,1.27373626799013,1.0759389183161232,1.0609460196709506,1.014131631927723
high,200,300,24,0.007358965374795394,0.005815364089864134,1.2654350202460536,1.0776268376229057,1.0605481551931875,1.0161036369221794
high,200,300,25,0.00808597207707203,0.006109069450711116,1.323601268951165,1.0868963138728776,1.0659379728725717,1.0196618767073526
high,200,300,26,0.007712468491853066,0.0057975823618784264,1.3302904573751002,1.0861043206450494,1.0650747327501924,1.0197447064024843
high,200,300,27,0.007377920027205583,0.005684714177227997,1.2978524156518338,1.0587112212478638,1.0451723132067574,1.0129537568782
high,200,300,28,0.007799003608564142,0.005981690601150426,1.3038126055975217,1.098472945742778,1.0760001651998834,1.0208854805693455
high,200,300,29,0.00791700242599011,0.005984394573639674,1.3229412480358955,1.0731101160804595,1.0532778685796391,1.0188290745419006
high,200,300,30,0.00805201341060735,0.006073400140386018,1.3257834531705288,1.0924955279613946,1.0707309213790426,1.0203268684482563
high,200,300,31,0.008069177423709521,0.0062215432768896,1.2969736068031705,1.1012968707302155,1.0799247958484228,1.0197903362937437
high,200,300,32,0.007753789254159333,0.005859586024414439,1.3232657088491477,1.0643023250000498,1.0463848380950385,1.0171232287134726
high,200,300,33,0.007732792254580317,0.006012948533417518,1.2860233563624581,1.0813334763591826,1.0611808033956267,1.0189908005300041
high,200,300,34,0.00814424370584645,0.0061546759960855015,1.3232611612741847,1.0695467830622907,1.0472976633269941,1.0212443133546358
high,200,300,35,0.007924559954744373,0.006043935905631901,1.3111588339909521,1.0931818756856797,1.074625373495901,1.0172678801817343
high,200,300,36,0.008073782420529736,0.00624307300775662,1.293238507782718,1.076651623875171,1.0594941734262289,1.0161940017031503
high,200,300,37,0.007366658737038424,0.005880757432342184,1.252671755601461,1.0779723300142656,1.0630003829341703,1.0140846111821415
high,200,300,38,0.007761683841697067,0.006081704653115359,1.2762349183992578,1.0627352914976949,1.045051261267987,1.0169216868924222
high,200,300,39,0.007869560881173677,0.005875546103877856,1.3393752243693182,1.0557543289786764,1.0347657246283635,1.0202834359998258
high,200,300,40,0.007241209269260719,0.0057730018081185676,1.2543230558281504,1.064227256491047,1.0490436527212186,1.0144737578178393
high,200,300,41,0.008362699012760476,0.006433181016825826,1.299932178324851,1.082781356342495,1.0626682531273164,1.0189269822976155
high,200,300,42,0.007560225415166853,0.005977897032881001,1.2646964933625264,1.0753779421862135,1.0583197820053931,1.0161181530108954
high,200,300,43,0.007596999458971264,0.005936586931516191,1.279691436613227,1.0813488938081652,1.0628266767150143,1.0174273167007808
high,200,300,44,0.007764799954965852,0.006146282433480464,1.263332760738245,1.0673089716899957,1.0554402818299589,1.0112452500291713
high,200,300,45,0.007903865152107692,0.006183125784192716,1.278296031485253,1.1069114072539679,1.091740757064129,1.0138958357024566
high,200,300,46,0.00789191708573233,0.00615917124740749,1.2813277580249427,1.0725102006841538,1.059556725987358,1.0122253715908651
high,200,300,47,0.007903368639297156,0.005972085573118738,1.3233850289874305,1.0775962802976282,1.0579533166796355,1.0185669474335992
high,200,300,48,0.007572863393523944,0.005708665812137494,1.3265557387196991,1.0683622135660342,1.0524814284945663,1.0150888981425386
high,200,300,49,0.007587887523771971,0.005807011518117788,1.3066768509237283,1.0808758491112083,1.0640220150497666,1.015839741869113
high,200,300,50,0.007281127191658484,0.005732648080741366,1.2701158503204097,1.0856125250820519,1.0691265905076035,1.0154200023840219
high,200,300,51,0.007225676630460806,0.005701309898550354,1.2673713162475253,1.0827482880118242,1.067417379720407,1.0143626182060412
high,200,300,52,0.007411809414863866,0.005726653323184713,1.2942654280916033,1.0594908106468026,1.0446245878176261,1.0142311630441652
high,200,300,53,0.007427033096659709,0.005668006739491167,1.3103430249849095,1.0619988003305576,1.0456062009377318,1.0156776034592416
high,200,300,54,0.007441082144087106,0.005636962678173139,1.3200516960844342,1.0922739165753037,1.0747248415196728,1.0163289005498526
high,200,300,55,0.008346621045557147,0.00641457629582723,1.3011960043232689,1.0717662145831854,1.0525052210294095,1.0183001406253716
high,200,300,56,0.008247169487819356,0.006389040787742787,1.2908306210286435,1.089645613217848,1.0694480092148997,1.0188860083229065
high,200,300,57,0.008103994287414875,0.006049461796635539,1.3396223597811598,1.0933893604639953,1.076970756890398,1.0152451712068802
high,200,300,58,0.007594960536320418,0.005647802735944877,1.3447637765361475,1.0889220530874402,1.0710001994839864,1.0167337537491483
high,200,300,59,0.007493168776923051,0.0059389992897724946,1.2616887814462243,1.0767891511176766,1.060277748679479,1.015572714280538
high,200,300,60,0.00738093570982016,0.005900325487911858,1.2509370415143477,1.0743505238123738,1.056640343751133,1.0167608403048183
high,200,300,61,0.007614299344459791,0.005836069346644059,1.3046965161300346,1.0680306062666176,1.0531266809018223,1.0141520727136384
high,200,300,62,0.007352694701641327,0.005583046158421544,1.3169682809357435,1.0986016383849084,1.0797443055302525,1.0174646282069488
high,200,300,63,0.006996466918831416,0.005603376944660946,1.248616144858476,1.0653730345838093,1.0519966285905364,1.0127152555718686
high,200,300,64,0.00748489520648531,0.006109022612024636,1.2252197580268385,1.0629761829295588,1.048677445043549,1.0136350199516457
high,200,300,65,0.007383856320899307,0.0057342765124734725,1.2876700844191225,1.0645259519608345,1.048842104332296,1.0149534878164745
high,200,300,66,0.008049076212892636,0.006076764210212725,1.32456615633781,1.079406247794736,1.0593548644676039,1.0189279192456526
high,200,300,67,0.007648354314974773,0.005835604305842965,1.3106362107719969,1.0687386777431858,1.0491853229734383,1.0186367025363379
high,200,300,68,0.0074877887634573,0.005844122428570297,1.28125118099025,1.0787666851628877,1.0604380014641162,1.0172840691049034
high,200,300,69,0.00786269004900315,0.006000025987575071,1.3104426656293335,1.0823596523853762,1.0623411496530737,1.0188437610073184
high,200,300,70,0.00817192190395254,0.0061259898952406005,1.333975740035331,1.0764593018728337,1.053919503808626,1.0213866409936945
high,200,300,71,0.007901267524151769,0.005921354388493493,1.3343682890363204,1.0852085937105524,1.0673929352284677,1.0166908154383385
high,200,300,72,0.0070109520736830015,0.005590594486952621,1.2540619946671545,1.081086649720852,1.0646408502103593,1.0154472745501388
high,200,300,73,0.007133587424091643,0.005649845771708091,1.2626163106634642,1.056004611232663,1.0438463080565732,1.0116475989638036
high,200,300,74,0.008133244143095837,0.006093450436692646,1.33475183356219,1.0773144104781034,1.0608294605423314,1.0155396796082043
high,200,300,75,0.007374361820821823,0.005762402907183471,1.2797372796735311,1.0591310774106248,1.0429686515987135,1.0154965595438912
high,200,300,76,0.008120213916768232,0.006251744225485104,1.298871742651651,1.097979541872419,1.0717270037618158,1.0244955459911482
high,200,300,77,0.00763655299789909,0.005987647852058426,1.2753844558967853,1.079027858552323,1.0659657219857757,1.0122538054434003
high,200,300,78,0.00809566520545178,0.006228617499849731,1.2997531483747546,1.0898166893866381,1.0703434041895767,1.01819349296762
high,200,300,79,0.0075033451330552906,0.005800273472401121,1.293619200673508,1.1008166682185159,1.0827405422386485,1.0166947900025
high,200,300,80,0.007385216030535698,0.005664486643175873,1.3037749924669386,1.0708309523077875,1.0535741897681214,1.0163792571109436
high,200,300,81,0.008036337903138895,0.006258320553959763,1.284104550709558,1.0714262041553255,1.0511671519410493,1.019272912188006
high,200,300,82,0.008085931885507162,0.006295252835379818,1.2844491074391144,1.0940155970456524,1.0748567009016607,1.017824605017506
high,200,300,83,0.007837110336859214,0.006085318844676493,1.2878717675927873,1.0690430599356018,1.0517994181137418,1.016394420385575
high,200,300,84,0.0077003480747542385,0.005901208949443893,1.3048763635932412,1.0930815034725232,1.073810170810615,1.0179466847919316
high,200,300,85,0.007636678630260374,0.005750579636702392,1.3279841533747623,1.0918503038102567,1.0708139987124097,1.0196451532414985
high,200,300,86,0.008081465377877482,0.006217100615529949,1.2998768843615722,1.1090505537509607,1.0871795728637148,1.0201171742305974
high,200,300,87,0.008267853519323954,0.006291915541485422,1.314043944933826,1.0980417229168418,1.0763778405363045,1.0201266521519463
high,200,300,88,0.007878956015805289,0.00601571806731698,1.3097282697823165,1.074481087906333,1.0571438566429243,1.0164000681217265
high,200,300,89,0.00806025519353491,0.0063215397204789275,1.2750461991757058,1.0641007368831839,1.046638125533627,1.0166844785447249
high,200,300,90,0.007820216264714913,0.006000127878610197,1.3033415992004325,1.0922298932820216,1.064927245806327,1.025638040141439
high,200,300,91,0.006806876491881733,0.00532396544629476,1.2785350619844862,1.062953800964255,1.0502606754469936,1.0120856905471198
high,200,300,92,0.007185111121153289,0.005641392421073898,1.2736414319118625,1.0849956541537125,1.0718810853299905,1.0122350967875178
high,200,300,93,0.007225151503682253,0.005692409828213665,1.2692605981866871,1.103687933570456,1.0833301209977841,1.0187918827124658
high,200,300,94,0.007269178323056841,0.005670044615786385,1.2820319443022001,1.078799423533398,1.0612186498925618,1.0165665894041875
high,200,300,95,0.007584199630189976,0.005890396855454377,1.287553252573666,1.0879400872300635,1.0718381083287636,1.0150227714205893
high,200,300,96,0.0076120302112780034,0.0058532697475018386,1.3004748695422417,1.073818937817885,1.0559824192508498,1.0168909237898953
high,200,300,97,0.007474534613006572,0.0057594653824278455,1.297782713619811,1.0862863198069035,1.0692882389648763,1.0158966312567714
high,200,300,98,0.008532863256686384,0.0064213528248303125,1.3288264154698382,1.102279669420313,1.0788454576186655,1.0217215650639841
high,200,300,99,0.007686548320855074,0.0059013075755816,1.3025161326382027,1.0977032652536731,1.0740235442316428,1.0220476740470068
high,200,300,100,0.007486105311188428,0.005866490516279422,1.2760789931245264,1.07502236906378,1.0559566492105217,1.0180554001601416
high,300,300,1,0.005350352007693097,0.004455396482137277,1.2008700076735945,1.0496539519254493,1.041746702742757,1.0075903760116292
high,300,300,2,0.0048795389046732435,0.004064809181443354,1.2004349249527602,1.0620876801682912,1.0535085198741097,1.0081434180477313
high,300,300,3,0.004971254152456046,0.004230888928565598,1.1749904656895482,1.0578228056110355,1.051256587619558,1.0062460659641104
high,300,300,4,0.005094767466214865,0.004299594124421459,1.1849414895412722,1.0613694296718552,1.0526862533087489,1.0082485891079263
high,300,300,5,0.005165512317945792,0.004300628415519695,1.201106400940148,1.0501021353101168,1.0409146645188248,1.0088263438920222
high,300,300,6,0.005207670265475939,0.0043745479758364875,1.190447628930197,1.0634530218230147,1.0564563828487163,1.0066227428674641
high,300,300,7,0.004792210279490652,0.004117578687148721,1.1638418215169775,1.0432504227351636,1.036424771068955,1.0065857666245943
high,300,300,8,0.005188305033756758,0.004219195616683889,1.2296905631113042,1.035387742307483,1.0258485505074704,1.0092988305099166
high,300,300,9,0.004552151370707178,0.003888937456450843,1.170538590986136,1.0500280620770661,1.0438870891616019,1.00588279420181
high,300,300,10,0.005457556033776422,0.004551379988437021,1.1990991847838637,1.059233094030825,1.0505776578871742,1.0082387399719293
high,300,300,11,0.0051075531499092134,0.0042829591757140165,1.1925290296650395,1.04491441628941,1.0371319176703384,1.0075038656958442
high,300,300,12,0.005394926897932895,0.004410370501710531,1.2232366636409595,1.0410625847064354,1.0314872694798658,1.0092830183269232
high,300,300,13,0.004893869068196529,0.004094412264310909,1.1952555708310357,1.0388187061663785,1.0313298408189513,1.0072613678486027
high,300,300,14,0.004776142029888386,0.004015559325843371,1.1894089072847338,1.0456730135309351,1.0381415543781163,1.0072547516483246
high,300,300,15,0.004811615090901048,0.004115771146981242,1.169067695717285,1.055229503121866,1.048018002770557,1.006881084420539
high,300,300,16,0.005135265106289771,0.004335638445764172,1.184431121397315,1.055296159597337,1.047736681274496,1.0072150555172368
high,300,300,17,0.005127937807593022,0.004252259178344243,1.2059325625560184,1.0493527982402926,1.0409695302556268,1.0080533269620362
high,300,300,18,0.00489328636295325,0.004183346137017128,1.1697063075068261,1.047040784492084,1.0411657865924033,1.0056427112524593
high,300,300,19,0.0051493299581359155,0.004344669857573213,1.1852062704281423,1.0648418891972162,1.0539483211820475,1.0103359603087096
high,300,300,20,0.005265426457078311,0.00431296204841635,1.2208376512405645,1.0677752717869056,1.0571752159469792,1.0100267729322725
high,300,300,21,0.005082285881033309,0.004232967411360987,1.2006437534559826,1.0610092039995611,1.0531874770030478,1.0074267185731935
high,300,300,22,0.005241318244902409,0.00431718356213405,1.2140596223134754,1.0461700821617794,1.0363280531647265,1.00949702072331
high,300,300,23,0.005143980485856341,0.0042656265038995,1.2059144140148879,1.041176449011023,1.0315574829775982,1.009324701911579
high,300,300,24,0.005070871014576884,0.004239203678127578,1.1961848025232529,1.0522425868117182,1.0437602454104322,1.0081267143854005
high,300,300,25,0.0050490831989729885,0.004268535343845171,1.1828608157721583,1.0537433215187648,1.046570223133488,1.0068539102553484
high,300,300,26,0.004798454152495634,0.0040528445224861835,1.1839719303004652,1.04717709972333,1.0412285069728877,1.005713052140434
high,300,300,27,0.005157068826232891,0.0042929861552613675,1.2012777679034736,1.0409183342577923,1.0323031629862014,1.008345582558005
high,300,300,28,0.004963291959468119,0.004301575367714756,1.1538312211660504,1.0476478715279407,1.0415842411888994,1.0058215457754238
high,300,300,29,0.005088689622254015,0.004348031823592499,1.1703432331480863,1.043155544104065,1.035235686301427,1.0076502944280574
high,300,300,30,0.004879727147183655,0.004122874939442775,1.1835738941533775,1.053588315938431,1.043849083636553,1.009330115295928
high,300,300,31,0.005391495142074672,0.0044660306808300704,1.2072230415292606,1.0746719562840847,1.064615496709857,1.0094460954262894
high,300,300,32,0.005097377010622045,0.004250945247027932,1.1991161293328583,1.0271855248693589,1.017030758027721,1.0099847194998612
high,300,300,33,0.005073941972093354,0.0042425300773188965,1.1959707720681323,1.0543873239602166,1.0465219580957075,1.0075157198601177
high,300,300,34,0.005108002403701572,0.004288592051708356,1.1910674510686565,1.0462818898466972,1.0366391244143474,1.0093019501244442
high,300,300,35,0.005013917796692409,0.004181955804044653,1.1989408859469795,1.0606741724330915,1.0515976063495924,1.0086312159981103
high,300,300,36,0.005572193519119503,0.004690245853582583,1.1880386856188478,1.061874834292344,1.0529618230241624,1.008464705057001
high,300,300,37,0.004854766734412548,0.004087558752623072,1.1876934444788452,1.0416886475256764,1.0351277819116182,1.0063382180719194
high,300,300,38,0.005216178212050984,0.00428312178582206,1.2178449441520707,1.0471868609385147,1.0367968738432969,1.0100212369050683
high,300,300,39,0.004928241866792528,0.004146060624993787,1.1886564892668239,1.0541077749852885,1.0453498658802707,1.0083779693200066
high,300,300,40,0.004896125551772624,0.00407775423208917,1.2006916731870265,1.0440292943422171,1.0384384331464747,1.0053839120522554
high,300,300,41,0.005145115683083611,0.004287227340934205,1.2001033007879793,1.0460163760452148,1.036418958200864,1.009260172026389
high,300,300,42,0.005336421332437129,0.0044571980566386355,1.1972591894338107,1.0649015481852644,1.0536936274145525,1.0106367927821798
high,300,300,43,0.005329998414515355,0.004475303504727189,1.1909803232083291,1.0538650664966431,1.0462012312795075,1.007325393039122
high,300,300,44,0.004895271889648368,0.004097833722110836,1.1945999329437806,1.0430513709097975,1.036369784588307,1.0064471064487321
high,300,300,45,0.005061138432254308,0.004257482989242795,1.188763042633893,1.0545891015747815,1.046497942347787,1.007731653259482
high,300,300,46,0.005030660395188403,0.004233032282417482,1.188429489679062,1.0508553869751718,1.0433080593354722,1.0072340355968368
high,300,300,47,0.004892227358993113,0.00407776016100574,1.1997339632124153,1.0616905965946062,1.0506498621519955,1.0105084813126959
high,300,300,48,0.004992195686275108,0.00411286221839365,1.213800857210553,1.0464429193652107,1.0381547674165272,1.007983541769315
high,300,300,49,0.00526374956853282,0.004494460449648235,1.1711638421347759,1.0395892407197478,1.0309442849192625,1.0083854733247417
high,300,300,50,0.004918886659502254,0.004039912310296464,1.2175726307141768,1.0469423641823243,1.0395523363070864,1.007108856011512
high,300,300,51,0.004949144514171787,0.004234146921304823,1.1688646157433351,1.045775087549273,1.0389481951573882,1.0065709651585184
high,300,300,52,0.004953454735975234,0.004159805063725584,1.1907901115776915,1.0480131225038738,1.0417486859168688,1.0060133856386788
high,300,300,53,0.005281457671812021,0.004356918684084032,1.2122001934774134,1.0619987872365346,1.0526952203663305,1.0088378541957914
high,300,300,54,0.005058293449190194,0.0042722005287948416,1.1840018779776482,1.0432105511337217,1.035265885170838,1.0076740343487438
high,300,300,55,0.004902996986115376,0.004110480177044231,1.1928039486717652,1.0480740439685892,1.0392660018186346,1.0084752528559013
high,300,300,56,0.005265234843468082,0.0044388972527402955,1.186158305470499,1.0554615188164531,1.044561625966825,1.0104348968779506
high,300,300,57,0.004869795652343544,0.004071948931456604,1.1959373101964559,1.0526283020315135,1.045036077472271,1.0072650358422137
high,300,300,58,0.005042423731094183,0.004233067340800673,1.191198562444892,1.0512043546638667,1.042248287809277,1.0085930262101124
high,300,300,59,0.00483620094254613,0.004136334443113336,1.1691996885305094,1.044350106605244,1.0371217250708282,1.0069696558848213
high,300,300,60,0.005060342332430101,0.004242562089509864,1.1927562226943655,1.0422745788217609,1.035441138787026,1.0065995446566283
high,300,300,61,0.00507874936160656,0.004296836865432808,1.1819739777565403,1.0553086544440862,1.047684535426233,1.0072771132531335
high,300,300,62,0.005223366048990323,0.004337309220603271,1.2042872166406922,1.0557375602316272,1.047211670293812,1.008141515397191
high,300,300,63,0.0049823373451235295,0.004245322510434149,1.1736063238724375,1.0495198875332337,1.0423933262978926,1.006836729529583
high,300,300,64,0.005344006795621381,0.004531274297162176,1.1793606930766032,1.0472314735441997,1.0389951509961637,1.0079272001800386
high,300,300,65,0.004899474904515703,0.004152446528810727,1.1799007815084201,1.0494930675209493,1.041571769549827,1.007605138889801
high,300,300,66,0.005088844484331455,0.004173076335344002,1.2194467762861956,1.0513587741360595,1.042784220853644,1.0082227493578644
high,300,300,67,0.00476410355311679,0.004043417778269962,1.1782367824368583,1.039002826492198,1.0311347186235655,1.0076305333595357
high,300,300,68,0.004693799767042985,0.004010659031166239,1.1703312923308016,1.06518481810052,1.0599406991620168,1.0049475588046095
high,300,300,69,0.00533826665527393,0.004462574621314028,1.1962302276756214,1.0511261053322576,1.0421315772369335,1.0086308948810205
high,300,300,70,0.005004399231529964,0.0042942878781346595,1.1653618419507918,1.0399821861258545,1.0341023649553276,1.0056859179224302
high,300,300,71,0.004775084421724229,0.004152523760496614,1.1499234434610826,1.0254260490210683,1.0187845094089218,1.0065190818576537
high,300,300,72,0.00487653928842351,0.0041680701095434545,1.1699753507643509,1.0507061102484714,1.0428901193581177,1.0074945487978775
high,300,300,73,0.004405922431341368,0.0037903399721037497,1.1624082440541479,1.0380926400196608,1.030371804235652,1.0074932521952464
high,300,300,74,0.004884624610078486,0.004152750275174643,1.1762384652116034,1.0526281801137425,1.0454575379163973,1.0068588555128086
high,300,300,75,0.00503367807616182,0.0041516549396551665,1.2124509742083511,1.0634482042326678,1.0557241095134977,1.0073163951164568
high,300,300,76,0.004559978057556165,0.0038793281332221165,1.1754556203959756,1.033887785019263,1.0267711555382961,1.0069310765525312
high,300,300,77,0.004737240852931327,0.004038833271423753,1.1729231029290235,1.0430246543222066,1.0359753953050483,1.0068044656746722
high,300,300,78,0.00504095303042524,0.004222948605903814,1.1937045654256437,1.04873647081505,1.0408182928105254,1.0076076468478883
high,300,300,79,0.004844065007312712,0.004129750291290905,1.172968016378182,1.026112381907532,1.0195883995534059,1.0063986431750143
high,300,300,80,0.0051635503071154,0.004284533177626766,1.205160537460356,1.045203779995893,1.0351752817438766,1.0096877296327267
high,300,300,81,0.005115013642499425,0.004293345624163384,1.1913817545253311,1.05450685588951,1.0449350599412834,1.0091601825942795
high,300,300,82,0.004514986581146857,0.0039056093960991812,1.1560261468175248,1.0438169771049863,1.0379246336843924,1.0056770436208624
high,300,300,83,0.005198992873744643,0.004364337586304598,1.1912444376574385,1.0519475665388165,1.0445468059081437,1.0070851402625642
high,300,300,84,0.005128942319240738,0.00422019970260611,1.215331662165999,1.048909775499469,1.040710474415143,1.007878561123288
high,300,300,85,0.00527022957669592,0.004247929308890803,1.2406584934606772,1.0430520896819604,1.0344726815339191,1.0082935086650329
high,300,300,86,0.005051747401707402,0.00435274515198198,1.1605888296509017,1.052036798484382,1.0468830111424068,1.0049229830717676
high,300,300,87,0.0049025346771168505,0.004132129213152908,1.1864427330858094,1.0501816725141921,1.042673207225479,1.0072011683398798
high,300,300,88,0.00526558895367927,0.00442233681751503,1.1906802152256857,1.038863989499511,1.030005738813004,1.0086001954675665
high,300,300,89,0.005118208062394735,0.004280142714962844,1.1958031316344007,1.047361078692784,1.0410357208818968,1.0060760237943889
high,300,300,90,0.005230715587362678,0.004410885506762747,1.1858651917722578,1.0578234095400583,1.048859585333853,1.00854625760354
high,300,300,91,0.005009450193457402,0.004211057873085697,1.1895942407903015,1.0395093880580297,1.0306214332293455,1.0086238792849813
high,300,300,92,0.004874603417965631,0.004064806342597411,1.1992215636159334,1.052882797738882,1.0448091742938264,1.0077273665313213
high,300,300,93,0.004818607992865375,0.004094208556516323,1.176932715163252,1.0455189029350815,1.0405571524671942,1.0047683593891243
high,300,300,94,0.005139969453898722,0.004374671295697192,1.1749384368499314,1.0583146008170548,1.0501810095111739,1.0077449422834897
high,300,300,95,0.004808824947034624,0.00409085809731179,1.1755051954001114,1.0535677379921995,1.0458448648226677,1.0073843391398603
high,300,300,96,0.005182801872556618,0.004352036896349155,1.1908910691691004,1.051090524818577,1.0425970657831638,1.0081464444071047
high,300,300,97,0.004924773766467926,0.004137188291415724,1.190367326690537,1.0428649878839187,1.03477026146332,1.0078227281185599
high,300,300,98,0.004666138882120107,0.003959198685836903,1.1785563828388093,1.039877633269799,1.0326273554897765,1.007021194762542
high,300,300,99,0.005151335105828776,0.0042084310128423065,1.2240512176887621,1.0486814045987918,1.039087576994647,1.0092329345635072
high,300,300,100,0.005183925865959058,0.004336762985088821,1.1953445193530412,1.0397707819136908,1.0311700605976832,1.0083407399464472
high,400,300,1,0.0036070124213510167,0.0031889639751817257,1.1310922448239535,1.049187854232383,1.044521181135516,1.0044677630106014
high,400,300,2,0.00393958801198485,0.0033948214971046835,1.1604698554385782,1.0371554271714143,1.030950980001061,1.006018178643515
high,400,300,3,0.003623995938293446,0.0031800345476152205,1.1396089834971013,1.0293506262508658,1.025596509363204,1.0036604228401604
high,400,300,4,0.00341517638641098,0.0030662375151711235,1.1138003398345293,1.0352431022910475,1.031593611424961,1.0035377214686754
high,400,300,5,0.0037653840778708782,0.0033360941328188457,1.1286804052766048,1.035004590264117,1.0310205146706632,1.0038642059365097
high,400,300,6,0.0036709421913462053,0.00323805053779549,1.1336889738124452,1.030445638372917,1.0279466090470473,1.0024310886420322
high,400,300,7,0.003658139187831646,0.003228155297256761,1.1331980189863478,1.0272671297826836,1.0234277400729623,1.0037515005304112
high,400,300,8,0.0036645554652344134,0.003182413377409218,1.151502030266635,1.0498782043148127,1.0452672749669558,1.0044112443374855
high,400,300,9,0.003639487891710939,0.0032746770744729427,1.1114036007036547,1.0390568080389906,1.0355917206018206,1.0033459976245815
high,400,300,10,0.0037715522768132135,0.003258117605061102,1.1575862918375173,1.0281346947505408,1.023849021130459,1.0041858453069086
high,400,300,11,0.0036859668081407073,0.0032027430243103646,1.1508781004790085,1.0325118067583665,1.026655713914544,1.0057040473884802
high,400,300,12,0.0034485225191444413,0.003030945168373294,1.1377713312429405,1.0185845691041648,1.0135321020286525,1.0049850094194348
high,400,300,13,0.0037979311820006104,0.003357116591450976,1.1313075011074043,1.0490324838656124,1.045181665920511,1.0036843527500168
high,400,300,14,0.0038500919366275285,0.0033784971990130745,1.1395871329276863,1.0419059247436468,1.036998707858833,1.004732134039922
high,400,300,15,0.003809753356288324,0.003381854671259029,1.1265278158360343,1.0329399315078938,1.0284440925691545,1.0043714957100958
high,400,300,16,0.003908128079460567,0.0034719756248519276,1.125620828523887,1.0449827523040371,1.0411943288896275,1.0036385363512783
high,400,300,17,0.003957297395878584,0.0033967046393265457,1.165040183377023,1.0371118897382285,1.0310719458215034,1.0058579267346013
high,400,300,18,0.003615307620314905,0.0032357856552247474,1.1172889695203858,1.0337404359824571,1.0304420175677358,1.003200974298881
high,400,300,19,0.0037162050469197187,0.0032213264991112194,1.1536257029348125,1.0360570731930876,1.0305119408881465,1.005380949103959
high,400,300,20,0.0038531926081307203,0.003411063060769854,1.1296163511152093,1.0290564632158332,1.0262310277343,1.0027532158014858
high,400,300,21,0.003804779109739649,0.0033621219681878134,1.1316600485467898,1.0435948954653618,1.037837749032469,1.0055472509438588
high,400,300,22,0.0038569591899884513,0.0033710037553815126,1.144157488353774,1.0329344849691438,1.0291192716586066,1.0037072605825252
high,400,300,23,0.003590631174734471,0.0031981535187456463,1.1227200800988313,1.0307900238963048,1.028228153739768,1.0024915386212867
high,400,300,24,0.0037452507254851224,0.0033337884474070835,1.12342183211957,1.0387855984279728,1.0350262872195826,1.0036320924935047
high,400,300,25,0.003671707180865809,0.0031347424268762013,1.1712946969377314,1.038549802387465,1.0327337011896813,1.0056317530754384
high,400,300,26,0.003854843038709838,0.0033273622847631804,1.158528200058684,1.0409604198149467,1.0364017231015565,1.0043985807933122
high,400,300,27,0.0038447122039350617,0.0033125719240390894,1.160642634212489,1.0443059735019355,1.039021635213427,1.0050858789744288
high,400,300,28,0.003757186002716999,0.003205432792618813,1.172130643752293,1.0418304126547422,1.0372398301420163,1.0044257676762156
high,400,300,29,0.003546012585506245,0.003099669388322333,1.1439970336402525,1.0321366013501065,1.029089627876116,1.0029608436344646
high,400,300,30,0.0038900832256857864,0.003383882424347278,1.1495917227195476,1.029093017624475,1.0238464057118828,1.0051244130792687
high,400,300,31,0.003599497904443064,0.0031230405436369784,1.1525620158139929,1.0168302603323844,1.0113343721482217,1.0054342938750205
high,400,300,32,0.0035053225334030504,0.0030324218613579966,1.1559481805850313,1.0149611949832607,1.0097191942819796,1.0051915430854106
high,400,300,33,0.003918594774702689,0.0034578668118533523,1.1332405173241462,1.0440114756029244,1.0394570734379966,1.0043815202006026
high,400,300,34,0.0036067967217850625,0.003139385434269116,1.148886238183355,1.03364524987672,1.0288129010759313,1.0046970141954237
high,400,300,35,0.0035468684049513003,0.003111640019589401,1.1398710591912653,1.0325778020188638,1.0276291990477668,1.0048155530960803
high,400,300,36,0.0036180555476623523,0.0032085207263561556,1.127639761819864,1.0372832498037177,1.0318853116366282,1.0052311415873612
high,400,300,37,0.0038526533631253464,0.0033553437019043274,1.1482142234605566,1.0516600183080527,1.046154980083171,1.0052621631877563
high,400,300,38,0.003771491344641947,0.0032406072585122072,1.1638224085116298,1.0394465011045004,1.034187873123818,1.0050847898310762
high,400,300,39,0.0036155880263968074,0.0031869306917748867,1.1345047558543515,1.0446597641409707,1.0385841394802322,1.0058499108832715
high,400,300,40,0.003749198848505389,0.0033723991480503765,1.1117304577285416,1.0489828416596603,1.0452071453257095,1.0036123904728704
high,400,300,41,0.0035883653873704244,0.003213444243544654,1.1166726774796025,1.0491354316381714,1.045050246472527,1.0039090801417765
high,400,300,42,0.003705081560235494,0.003264147818140754,1.1350838769139733,1.0450068918491755,1.0400509267238256,1.004765117743764
high,400,300,43,0.003658002838139664,0.003215363942201971,1.1376636996291503,1.0374364980577726,1.0320176269913834,1.005250754371499
high,400,300,44,0.00381720918012826,0.003357906666619441,1.1367823942442152,1.0501953388966971,1.0446098592697948,1.0053469528143328
high,400,300,45,0.0036328184428497065,0.003136170164971721,1.1583613935956385,1.0281325621174566,1.022568612835628,1.0054411500724627
high,400,300,46,0.003651964712404404,0.003240508778896344,1.1269726334912735,1.0440262654585335,1.0389638779859438,1.0048725346278673
high,400,300,47,0.003788674199999334,0.003283471566512367,1.1538623445500344,1.0301149315872713,1.024598802680359,1.0053836964209621
high,400,300,48,0.0038292205526473757,0.0033502491710494108,1.1429658981000315,1.0415447290960242,1.0370637199188713,1.0043208619596715
high,400,300,49,0.0036233713310950826,0.003155103715255741,1.1484159184926779,1.044101489277072,1.0395866169678778,1.004342949625845
high,400,300,50,0.0038240324922447664,0.0033120709028414044,1.1545744654693695,1.0479470115387064,1.0419868271547867,1.00572001893747
high,400,300,51,0.0037768147211309374,0.0032316913772243426,1.16868050821573,1.0348482395613885,1.0293318393890416,1.0053592048368203
high,400,300,52,0.0035703581402314515,0.0032154784899385215,1.110366047045059,1.0246598283585615,1.0209378173119124,1.0036456784963153
high,400,300,53,0.003691578453430021,0.003237347572623943,1.1403095807960817,1.0410233107159768,1.0372790902976432,1.0036096557362004
high,400,300,54,0.003629482782734974,0.0031658435321700686,1.1464504628398668,1.0366924295699123,1.0335529708599032,1.0030375402117968
high,400,300,55,0.0036810387207549997,0.0031440083174167056,1.1708107451126428,1.047360898175617,1.0414536437650688,1.0056721241947864
high,400,300,56,0.003563772695532787,0.0031475168142894353,1.132248977782609,1.0465127328739179,1.0408492104793168,1.0054412515641848
high,400,300,57,0.0038849680278030055,0.0034023492234562416,1.1418486970765749,1.0434210252087617,1.0388632688907347,1.0043872533128384
high,400,300,58,0.0035466663627353773,0.003188152895469435,1.1124517797673419,1.0324600001849729,1.0279527834115934,1.004384653503657
high,400,300,59,0.003984130077127967,0.0034472354900138276,1.1557464201878433,1.0348607175564095,1.028718578564718,1.005970669840785
high,400,300,60,0.0035823270265123003,0.0031552737052493642,1.1353458879185208,1.0413997069322452,1.0353124893168306,1.0058795944975332
high,400,300,61,0.003906524141152202,0.0033988820282063294,1.14935561420876,1.0416254416973365,1.0379761037987942,1.0035158207257242
high,400,300,62,0.0035988419807211577,0.0031720842909863786,1.1345354191713728,1.0456315433000378,1.0410899642744924,1.0043623310005783
high,400,300,63,0.003613166024215056,0.0031199395134038034,1.1580884849505144,1.038183238574962,1.0337427062706273,1.0042955875552
high,400,300,64,0.003729590032511593,0.0032934766900585017,1.132417315649908,1.0272902208162011,1.0232091103501502,1.003988540001031
high,400,300,65,0.0034976354296112327,0.0030492296412922256,1.147055434017419,1.026660174903269,1.0227519262564035,1.0038213065617692
high,400,300,66,0.003965475162525615,0.003459028493947688,1.1464129796745137,1.03035127204433,1.0258507225607072,1.0043871387762817
high,400,300,67,0.003841189917842988,0.003384931683733078,1.1347909726812344,1.0433078393669677,1.0376442488315245,1.0054581235734896
high,400,300,68,0.003668372090367583,0.003186215521071578,1.1513257863780186,1.0386318120385831,1.0343248892785835,1.0041639941227787
high,400,300,69,0.003697357174847453,0.003234407453469133,1.1431327771897672,1.0433271043541876,1.0393599893829086,1.0038168825159743
high,400,300,70,0.003883005831367137,0.0033909553656161404,1.1451067362137308,1.0460933068788025,1.041538385440477,1.0043732631480493
high,400,300,71,0.0037316539469772285,0.003316913008284556,1.1250382321323429,1.0369784356959102,1.0329966056454303,1.0038546400140318
high,400,300,72,0.003784236228083869,0.00335512318431306,1.1278978505996844,1.0508809151398302,1.046086514964229,1.0045831774972886
high,400,300,73,0.0040891964945792185,0.0035060408212477137,1.1663288315975666,1.0385974859788558,1.0334683580217545,1.0049630237029408
high,400,300,74,0.003966911735354004,0.0034166965574049008,1.1610371798328532,1.035951631462463,1.0296710580685393,1.0060995920441862
high,400,300,75,0.0037432003251011386,0.0033183007993741924,1.1280473204258876,1.0300727762299857,1.0257542954821417,1.0042100537788283
high,400,300,76,0.0036829136920195713,0.0031947958081607777,1.1527853149838079,1.0353753045399194,1.0314932564511223,1.0037635225092536
high,400,300,77,0.0033330738032725606,0.0029824859935269677,1.1175488537101232,1.0392445700843334,1.0360040448683852,1.0031279078802824
high,400,300,78,0.003859624835493225,0.003306464203563329,1.1672967248016062,1.0494193437245316,1.0439233907124743,1.0052647091357023
high,400,300,79,0.003771903752364695,0.0032431096121623153,1.1630515780963107,1.0344021745339265,1.0279804148501424,1.0062469669567784
high,400,300,80,0.0036303563954001596,0.0032262340206047754,1.125261333249356,1.0423479954784165,1.0398109390995371,1.002439920838952
high,400,300,81,0.0036519121517911064,0.0032150708512046315,1.1358729934125085,1.0282081365002793,1.0228450241067926,1.0052433284291236
high,400,300,82,0.0034340442950749647,0.0030685557566305964,1.1191076739129193,1.0489249123712743,1.045182151787642,1.003580964884667
high,400,300,83,0.0034770040421547746,0.003106004995939743,1.1194457338928985,1.0408099020011283,1.037002961323458,1.0036710991382434
high,400,300,84,0.003677725475492134,0.003232688082303992,1.1376679041891837,1.0305343934513849,1.0250420233477773,1.0053581901800177
high,400,300,85,0.0038129125164465,0.0033381220839386406,1.1422327945380761,1.0234396810043673,1.0182169431069232,1.0051292977717574
high,400,300,86,0.0036646984699196866,0.0032272737572656687,1.1355400085503218,1.0370381784287803,1.0330605882360264,1.0038502971055605
high,400,300,87,0.003777751137275573,0.0032316616921874005,1.1689810063993868,1.0427790303729136,1.0384685142789232,1.0041508394666963
high,400,300,88,0.0036706575701018593,0.0032336834019982418,1.1351320193663954,1.0460030621531942,1.042511790453622,1.0033489038028558
high,400,300,89,0.0037656044496197326,0.0032661889009285693,1.1529046738690407,1.037640727766204,1.0320156107128007,1.005450612369631
high,400,300,90,0.0036789784989967552,0.003207754733000464,1.146901432690123,1.032122096938151,1.0269733433591246,1.005013522125302
high,400,300,91,0.0038927156655305427,0.0033928398861804016,1.1473325580102434,1.042143869750587,1.0356440487483478,1.0062761148582804
high,400,300,92,0.0035161113872524546,0.003147259364262825,1.117197847491678,1.0289673530154757,1.0252413962010474,1.003634223928369
high,400,300,93,0.0036654778959531384,0.003210063493125007,1.1418708395654766,1.0420819035378712,1.0370881363646431,1.0048151810806871
high,400,300,94,0.0036942568994373353,0.0032458568715877357,1.1381453482359687,1.0443187636707472,1.039090614382672,1.0050314661837085
high,400,300,95,0.0037129019081948893,0.003273265540482362,1.1343112443140622,1.0278741358912664,1.0245913578365808,1.0032039876479313
high,400,300,96,0.0037726327623544284,0.00328588470007004,1.148133031653245,1.0331458737620276,1.0287564990136562,1.004266679970022
high,400,300,97,0.003712578621435202,0.0032782156057382657,1.1324998315963775,1.028834169038497,1.0261081324636732,1.0026566757328768
high,400,300,98,0.0037292670794496687,0.003285775083844554,1.1349733272327949,1.027417677119565,1.024296784611122,1.0030468635217165
high,400,300,99,0.0035577602908425324,0.0031391970730682045,1.1333344826819778,1.019074280041007,1.0151074875823787,1.0039077560821426
high,400,300,100,0.0036932022601901065,0.003187485004531573,1.1586571403283676,1.0388620952247054,1.033914978455953,1.0047848390552776
high,550,300,1,0.0026656764247576297,0.002408192401209753,1.1069200382073001,1.0340789960645327,1.0315559453896157,1.002445868967353
high,550,300,2,0.0025806031196522767,0.002315130394913227,1.1146685842500892,1.022516720263653,1.0198243370626399,1.0026400460384852
high,550,300,3,0.0027379578167322205,0.00248161544754076,1.1032965721766004,1.0299250084535352,1.0274878786561763,1.0023719304606749
high,550,300,4,0.0027181621068248845,0.0024214342697161362,1.1225421812269691,1.0242866615152213,1.0213700126722556,1.002855624119348
high,550,300,5,0.0026396433392497786,0.002445147738782745,1.0795434964448645,1.0199929707715576,1.017476060759838,1.0024736798326634
high,550,300,6,0.002651816905797155,0.0024343128445535964,1.0893492640973368,1.033185573649098,1.031453360643946,1.0016793905291759
high,550,300,7,0.0025883575345805937,0.0023486526724202338,1.1020605834890647,1.0307421397273957,1.0288419961696504,1.0018468759681463
high,550,300,8,0.0028001758152110556,0.0025171193452585166,1.1124525424214513,1.028616097555348,1.0258173677310507,1.0027282924937093
high,550,300,9,0.0027445981248913776,0.0025337085418296176,1.0832335604431733,1.0236380781312975,1.0215512541768121,1.002042799072443
high,550,300,10,0.0024970716681625427,0.002315909053258861,1.0782252716913716,1.0319295445069498,1.0302163657429166,1.001662931031772
high,550,300,11,0.0028547554224458817,0.002621973149086494,1.088781333798361,1.0203730666204667,1.0182466291447243,1.0020883324480323
high,550,300,12,0.0026684238130872924,0.0024495181550697044,1.089366824068858,1.0393202126221035,1.0360484715449025,1.0031579034833402
high,550,300,13,0.002580392649885991,0.0023601550062601873,1.0933149064538705,1.0168438839969178,1.0145604378228177,1.0022506753555267
high,550,300,14,0.0025147556173803418,0.00231339312551873,1.0870420550836817,1.0410586986333348,1.0379226662676186,1.0030214508918986
high,550,300,15,0.002465451230315243,0.0022754426278064105,1.08350401815756,1.0172671585647681,1.0152794219088055,1.001957822263575
high,550,300,16,0.0026840612310374042,0.002404448341450776,1.116289830297588,1.022067735204341,1.0195524997807748,1.002466999417987
high,550,300,17,0.002692343227010938,0.002448580842954312,1.0995525162087427,1.0293056117999764,1.027057703473167,1.0021886874702441
high,550,300,18,0.002564883205024105,0.0023292308132046523,1.10117176472315,1.029255817053904,1.0267848462681128,1.0024065127127382
high,550,300,19,0.0026932450291841836,0.0024630706119282567,1.0934501902386513,1.030855712996391,1.0288952430594966,1.0019054125773432
high,550,300,20,0.002677485814538914,0.0024093628741370795,1.1112837519329102,1.0303745122731374,1.0278779845179273,1.0024288172261817
high,550,300,21,0.002822254522924957,0.0025728116778479995,1.096953402079394,1.025241740989264,1.0229636028106912,1.0022269982747318
high,550,300,22,0.002678857034178218,0.0024300605559876252,1.1023828305749677,1.0285834605563346,1.025990433245649,1.002527340632683
high,550,300,23,0.00254060003681907,0.0022837814538219964,1.1124532220748522,1.0159752282372765,1.01439092795213,1.0015618241858146
high,550,300,24,0.0025685069210071676,0.0023123322664976988,1.1107862646822273,1.025046357493988,1.0225378353068957,1.0024532316560586
high,550,300,25,0.002573492060535756,0.002347291941498766,1.096366419122352,1.019677187353366,1.0169480736695922,1.002683631302753
high,550,300,26,0.002474970838352362,0.0022638591834430516,1.0932529975597844,1.0323703141385479,1.0304668410294644,1.00184719491525
high,550,300,27,0.002682272075097798,0.002482165200378267,1.0806178713201828,1.026620993239957,1.0243217703725238,1.002244629504064
high,550,300,28,0.0027144921163054885,0.0024569284661195095,1.1048315625537022,1.0199665038775017,1.017899650721673,1.0020305077758531
high,550,300,29,0.002766722433006808,0.002469972503233253,1.1201430094404299,1.0304834462232084,1.0281255983103914,1.0022933461793888
high,550,300,30,0.0026063696505425776,0.0023814529556860807,1.0944451555591195,1.0280732932396244,1.0256165970897393,1.0023953357978568
high,550,300,31,0.0025499863196935396,0.0023389074675097717,1.090246773382832,1.0248011250039397,1.0227286835488842,1.0020263844051622
high,550,300,32,0.002644254054173346,0.0023866851837504068,1.1079190804788919,1.0322707509516653,1.029837372872253,1.002362876065204
high,550,300,33,0.0026746228554754047,0.0024122691121371506,1.1087580743036674,1.027783721994961,1.0253338869789428,1.0023893046422532
high,550,300,34,0.002522078876257042,0.002301592662289318,1.0957972353580645,1.0245426762703784,1.0226016068247152,1.0018981678032859
high,550,300,35,0.002670576249793148,0.0024768791287331526,1.0782020885932635,1.0202622940081982,1.0185582495098238,1.0016729966098596
high,550,300,36,0.002481737222310011,0.0022625680237856475,1.0968674515949615,1.0274824163694267,1.0247635520123297,1.002653162626401
high,550,300,37,0.0028226911800203103,0.002550210062919963,1.106846538276286,1.0182589331003518,1.016013172449373,1.002210365684103
high,550,300,38,0.0027053085558966183,0.0024064363361073903,1.1241970191792725,1.0193805818407091,1.0157169375279105,1.003606954041463
high,550,300,39,0.002473980359852716,0.002227013003168634,1.110896234702129,1.0273960376955196,1.025314433521699,1.0020302105439702
high,550,300,40,0.0025294270095941006,0.0023145921811204306,1.0928175728865006,1.0218987738772336,1.0197236728965091,1.0021330297986966
high,550,300,41,0.0027881787476183237,0.0024952921770764955,1.117375661749149,1.016253243925806,1.014064504777549,1.002158382566341
high,550,300,42,0.0027762223309376814,0.0025093403421618797,1.106355437041224,1.021232143442431,1.019115182385107,1.0020772539688492
high,550,300,43,0.0025425904664175924,0.002347501187501,1.083105082099776,1.020986221582714,1.0191208978352075,1.0018303262659696
high,550,300,44,0.0026909716697232967,0.0025066412456745046,1.073536819186581,1.0164129411459972,1.0148930951820607,1.0014975429147677
high,550,300,45,0.0026297882719712186,0.0023570970023176316,1.1156894558796102,1.0238568479447656,1.021590239381841,1.0022187061656893
high,550,300,46,0.002597334184417081,0.0023742795937920524,1.0939462189744804,1.037879265251548,1.035325294595163,1.0024668291885825
high,550,300,47,0.002618438790379183,0.0023968102311099854,1.0924681296802372,1.02061755059688,1.0177314275352005,1.002835839577706
high,550,300,48,0.0027305181918802113,0.0024581835626429544,1.1107869377112147,1.0322340987571514,1.0290624123741836,1.0030821127512084
high,550,300,49,0.0026971564981761653,0.00240750626539236,1.120311310066975,1.0299644755582358,1.0271842106142859,1.002706685826379
high,550,300,50,0.002569233562749699,0.0023930729845725823,1.073612706053167,1.0268319562735502,1.0252776406644553,1.0015159948363719
high,550,300,51,0.0025897032891488594,0.0023881157379677122,1.0844128062874785,1.016678814523506,1.013789324749394,1.0028501876115397
high,550,300,52,0.0025841931595671636,0.002331670550366027,1.1083011530773483,1.0299501156456212,1.0268984744877925,1.0029717067788526
high,550,300,53,0.0027179451294112493,0.0024670496886812217,1.101698576190472,1.0268789486571388,1.0246146673668868,1.002209885689096
high,550,300,54,0.0026317471579643077,0.0024008384984388663,1.0961783392242288,1.0327927175873177,1.031022722864767,1.001716736870389
high,550,300,55,0.0025923364895377044,0.002352002690112198,1.102182620979078,1.0210944116807088,1.0188281391920573,1.002224391338905
high,550,300,56,0.0027293585577746575,0.002466214474156456,1.1066995942063018,1.030416984866969,1.0275682916345472,1.0027722665788865
high,550,300,57,0.0026885065049753304,0.002437201462468361,1.1031121334764225,1.029761191431595,1.0262044470841454,1.0034659217834767
high,550,300,58,0.0025505864195686455,0.002336330802882694,1.0917060274262493,1.0320425712370516,1.029866019347412,1.0021134320860676
high,550,300,59,0.002586126325710213,0.0023878965034537006,1.0830144112066018,1.0298344189044446,1.0276896875329804,1.0020869445295426
high,550,300,60,0.002668681840457681,0.0024270231188444564,1.099570012224804,1.02512422181695,1.0229579126292676,1.0021176914132415
high,550,300,61,0.0025660950361520063,0.002308371124809977,1.1116475200075313,1.0300644094246054,1.0276039236324441,1.0023943912003215
high,550,300,62,0.0029222872824047766,0.002687925505898773,1.0871905772655106,1.0329455490643755,1.0299343039448763,1.002923725433715
high,550,300,63,0.002695437578828925,0.0024690049541640545,1.0917100730328568,1.032649660039506,1.0302074993595263,1.0023705522251567
high,550,300,64,0.0026530619021453753,0.002409253675959408,1.1011965774375663,1.0232936626959448,1.0211297845502019,1.002119101977518
high,550,300,65,0.0027994614865592387,0.002520794920787785,1.1105470990414272,1.0222916547106218,1.0199599363393712,1.0022860881963847
high,550,300,66,0.0026402177440538635,0.002390014427028369,1.104686948411682,1.013415871673651,1.0116679086590292,1.0017278031651105
high,550,300,67,0.0027305671185098995,0.002494241099125062,1.0947486670265103,1.0231115366134833,1.020682558532426,1.0023797585848335
high,550,300,68,0.0027233684457220308,0.0024933676189305607,1.092245052452442,1.0293214217017763,1.0276142106921131,1.0016613345669028
high,550,300,69,0.00258030032155087,0.0022951995536206406,1.1242161133573276,1.0381473421693979,1.0351027522586962,1.0029413407548748
high,550,300,70,0.0025717232922185442,0.0023659855078901133,1.0869564854232345,1.0265188047100655,1.025141491024095,1.0013435352076079
high,550,300,71,0.0027679627166303056,0.0024761632032291427,1.1178434091180378,1.0366569378886805,1.0336599091297358,1.002899434071568
high,550,300,72,0.002695843838350207,0.0024109693523154123,1.1181576554514103,1.0171680992488257,1.0151258007817592,1.0020118673621474
high,550,300,73,0.002757685103785852,0.002477883733508495,1.112919491134146,1.0256471523340958,1.0231333381745058,1.0024569761005688
high,550,300,74,0.0028322795738580167,0.002569710862559773,1.10217830928912,1.0204068941470614,1.0168416997900587,1.003506144916892
high,550,300,75,0.002790062257584509,0.002543101630947269,1.0971100107176017,1.028898400797111,1.0262733339764043,1.0025578632259065
high,550,300,76,0.0026408089558624622,0.0024311597730666355,1.0862342266100338,1.026344330091738,1.024270651367984,1.0020245417761258
high,550,300,77,0.002621674493485309,0.002424719465335031,1.0812279651176324,1.0341173600746034,1.0323880935652079,1.0016750159365202
high,550,300,78,0.002708235192794585,0.002433768779035858,1.1127742356311503,1.024547557295438,1.0215440888710665,1.0029401260866682
high,550,300,79,0.002647809279217587,0.0024454615396370142,1.082744192170206,1.0222538007597874,1.0206935203952043,1.0015286472711016
high,550,300,80,0.002494932035218684,0.0022812862808925267,1.0936514439750942,1.030047616438947,1.0277652466865486,1.0022207111592425
high,550,300,81,0.0026970623465643216,0.0024692681014549106,1.092251726321331,1.029402101680403,1.0277878864362835,1.0015705723578008
high,550,300,82,0.002687191270027079,0.002449342944076168,1.097106992112377,1.0275285165248609,1.0250920398385446,1.0023768369976809
high,550,300,83,0.002616841256848254,0.002409044930286332,1.0862567252065423,1.0206681864459197,1.0178685205819988,1.0027505181733296
high,550,300,84,0.00275841405236991,0.0024502078570377305,1.1257877752889083,1.0224034175987948,1.0196744420674133,1.0026763204203182
high,550,300,85,0.002738260530639631,0.002515578140013245,1.0885213570130696,1.028456027937953,1.0262339569491865,1.0021652674555541
high,550,300,86,0.0027852867053517133,0.0025340265612229327,1.0991545029455103,1.0351192667297255,1.032368066125432,1.0026649415984157
high,550,300,87,0.0025776458514511678,0.0023209885156365243,1.1105810451389744,1.0371871075083514,1.0344234783911066,1.0026716612441389
high,550,300,88,0.0026930090923302508,0.002458909786051694,1.0952045120184963,1.0190424842416894,1.0168622618822127,1.0021440685146885
high,550,300,89,0.002673109552925419,0.0024510161636980177,1.0906127803303889,1.0397204954128643,1.0371174865560986,1.0025098495498417
high,550,300,90,0.0026552165774458634,0.0024008967026472676,1.1059270373932284,1.0169030452979224,1.0136510522991753,1.003208197723833
high,550,300,91,0.0026846831012804595,0.0023820394097578703,1.1270523444250455,1.0332973001751744,1.0305125188175723,1.0027023265673642
high,550,300,92,0.002587921654182839,0.00235987654793031,1.0966343372718086,1.0390473541613179,1.0365543591208928,1.0024050789218033
high,550,300,93,0.0027711334907015548,0.002467442880688616,1.1230790841764833,1.0270290930483157,1.0245825861269877,1.002387808415304
high,550,300,94,0.00267647969460452,0.0024152179449186966,1.1081731568927284,1.0255408235100931,1.0220755775598638,1.0033904008923709
high,550,300,95,0.0027782005200897696,0.0025473479099830487,1.090624688210829,1.027713476815958,1.0255814364012057,1.0020788601851391
high,550,300,96,0.0026447240355512163,0.0023692336352444804,1.116278275054249,1.0271210591822757,1.024626802348047,1.0024343076215778
high,550,300,97,0.002617811376945961,0.0023577410082881536,1.1103048925830206,1.0109030230691176,1.0088752638261704,1.00200992066676
high,550,300,98,0.002590934933951151,0.002359259973671166,1.098198148091108,1.0243899675703123,1.021910578298926,1.0024262291868176
high,550,300,99,0.0026283878702378864,0.002349499048627958,1.1187013979736624,1.0304645686661185,1.0279964334108382,1.0024009181112536
high,550,300,100,0.00254506543962236,0.0023052006194166563,1.1040537722336734,1.037961310645485,1.0354255846428435,1.0024489698151666
high,700,300,1,0.0020000297681968563,0.0018489281650638087,1.0817238906238593,1.01603324424445,1.0142622647859874,1.0017460764537427
high,700,300,2,0.00210263208946891,0.0019112340092922197,1.1001437182710923,1.0145344186305334,1.0123711029381077,1.002136880128391
high,700,300,3,0.0020816363764130153,0.0019300139636814215,1.0785602672233419,1.0202299765844294,1.018537921709904,1.0016612585927922
high,700,300,4,0.0020742220620248272,0.0019286374852071093,1.0754857135850413,1.0146908703034943,1.0131400494290521,1.0015307073047957
high,700,300,5,0.0020626374801098815,0.001913177176766713,1.078121517002287,1.014234800548502,1.0124654113657678,1.001747604572829
high,700,300,6,0.002034909332224404,0.0019077330478243753,1.0666635641423015,1.0273617091688807,1.0255535876741235,1.0017630687625576
high,700,300,7,0.0021014549541277317,0.0019679287001354807,1.0678511645178295,1.0116934403924096,1.0103140286270968,1.0013653297155412
high,700,300,8,0.0020813109629108993,0.0019003459985574586,1.0952273767465557,1.0220773877362077,1.0202927217600417,1.0017491705449857
high,700,300,9,0.002182262848251855,0.0020503255959947904,1.0643494148026038,1.0244026175140597,1.0224896381606092,1.0018709034126663
high,700,300,10,0.0021375136376047725,0.001968733292066364,1.0857304268783194,1.0224103946748795,1.020270595662157,1.0020972857806745
high,700,300,11,0.002126858660522494,0.001984491691100289,1.0717397659363697,1.020663448926129,1.0190594036800495,1.001574044889127
high,700,300,12,0.0021862703400011554,0.001987536129852294,1.099990237744071,1.0258751050182062,1.0239481148543643,1.0018819216871315
high,700,300,13,0.002156702214505662,0.0019842590647639402,1.0869055622846489,1.014498990499533,1.0131797278560164,1.001302101302706
high,700,300,14,0.002162403644844706,0.002015423667368459,1.072927583344379,1.0191983304706245,1.017558686343663,1.0016113509215405
high,700,300,15,0.0020997590151438476,0.0019152144095638827,1.0963571517937711,1.0226256750127807,1.020322976801227,1.0022568326538845
high,700,300,16,0.002101643389002382,0.0019484348990095792,1.0786315673521765,1.028639983088815,1.0270241206268067,1.0015733442180716
high,700,300,17,0.00213621197962156,0.0019728967737552058,1.0827793972998905,1.0246548209853255,1.0226206500826258,1.0019891744827716
high,700,300,18,0.002125187509372222,0.0019637417461700253,1.0822133376331546,1.0263831873452678,1.0242200262444559,1.002112008206619
high,700,300,19,0.002140872996434792,0.0019790089199195958,1.0817904734465638,1.0199577648133944,1.0180233495949145,1.0019001678294015
high,700,300,20,0.0021237687872884773,0.0019210422144091102,1.1055294731988612,1.0146290876996533,1.0129932152082535,1.0016148898796557
high,700,300,21,0.0020875377607464324,0.0019176452140143008,1.08859435806506,1.0239576768750072,1.0228649491306672,1.0010683010941657
high,700,300,22,0.002082457625134928,0.001951784037531237,1.0669508434800894,1.017728703036025,1.0164287531462266,1.0012789385244902
high,700,300,23,0.0021030888373225376,0.0019807060915533066,1.0617874334264585,1.0254755468369807,1.024139051403429,1.0013049941135632
high,700,300,24,0.002030040877692087,0.0018942506861426077,1.071685438755732,1.0233791798702832,1.0217213287391465,1.0016226059733748
high,700,300,25,0.002113105389216798,0.0019563161844531295,1.0801451248063447,1.0221926387701559,1.0201037232011694,1.00204774820587
high,700,300,26,0.002106012602030757,0.001954044961806228,1.0777708001580768,1.0243983674116088,1.0231460515530706,1.0012239854287053
high,700,300,27,0.0020354708557772084,0.0018542694798323218,1.0977211661604183,1.0150836299077435,1.012985271809128,1.002071459632249
high,700,300,28,0.0021561705984906947,0.00199640850773904,1.0800247495101027,1.029749707410091,1.0285378073747138,1.001178274660093
high,700,300,29,0.002052675150979771,0.0019165247192783283,1.0710402690515313,1.019390837901445,1.0178255235691764,1.0015379004515228
high,700,300,30,0.002151807510732299,0.0020075989436329324,1.0718313623130364,1.0237518453637344,1.0224741700948932,1.0012495917317135
high,700,300,31,0.002203773761043783,0.002052265534472223,1.0738248652655578,1.0087033595495245,1.0071207443180656,1.0015714255121717
high,700,300,32,0.002151804512990187,0.001976621088241159,1.0886277222231349,1.0192545567918774,1.0177611721264053,1.001467323284059
high,700,300,33,0.0021758911184186556,0.002018521740109442,1.0779626868426402,1.0245565800917753,1.0231270007860571,1.0013972647624585
high,700,300,34,0.002040000746559962,0.0018981483089591637,1.07473200957547,1.0223507951783932,1.020758636461454,1.0015597798148037
high,700,300,35,0.002130299759162118,0.00200436490895469,1.0628303008323496,1.0239431937526788,1.0226154829079903,1.0012983480759678
high,700,300,36,0.0020336360437830164,0.0019058260980522833,1.067062753449201,1.0240583152694795,1.0224479640305397,1.0015749957900955
high,700,300,37,0.002046366859421309,0.0018622269140422488,1.098881583114571,1.0241854472096203,1.0226098981661156,1.0015407136644485
high,700,300,38,0.0020554741782245196,0.0019023630826023065,1.0804846861371844,1.0170473671874138,1.0156650577015645,1.0013609895066957
high,700,300,39,0.0019709439429023124,0.0018184041564075582,1.0838866244103358,1.0332350810276356,1.030971480452444,1.0021955996049456
high,700,300,40,0.0021750117726105226,0.0020229935841261913,1.0751451658953204,1.0173588183106559,1.0154206635963967,1.001908720970277
high,700,300,41,0.0020864175797236273,0.0019452472534696801,1.0725719190720593,1.0343601806389957,1.0330311715464722,1.0012865140270006
high,700,300,42,0.002118607491860989,0.0019695173926366633,1.0756987979805213,1.0155295055218756,1.0141407760130625,1.0013693656163523
high,700,300,43,0.0020770614114677005,0.0019171476609096008,1.0834123285434507,1.0157580079849735,1.0140700678695207,1.0016645202032233
high,700,300,44,0.0021133305250977084,0.0019457133662975903,1.086146891779373,1.0123256744923734,1.010695783501086,1.001612642516071
high,700,300,45,0.002237500032566509,0.002057094057380525,1.0876994294639646,1.0225944505059266,1.0209541054368447,1.0016066785571913
high,700,300,46,0.001976185849341994,0.0018315880940734163,1.0789466560393473,1.0225498648790547,1.0214430884816945,1.001083541912262
high,700,300,47,0.001982417046129798,0.0018336554681464055,1.0811284238329526,1.0188861840336714,1.017809970665487,1.00105738143583
high,700,300,48,0.002156791599613149,0.0019907737364170774,1.083393637438107,1.022611833534524,1.0204242348610026,1.002143812934646
high,700,300,49,0.0019988897478782734,0.0018272578604881457,1.0939286627801272,1.0258196750815045,1.0240816933828207,1.001697112359213
high,700,300,50,0.0020747122441644814,0.0018944547647922528,1.0951500572736008,1.0227093409763162,1.0210331207302774,1.0016416903741965
high,700,300,51,0.002103386295213508,0.0019290220784465727,1.0903899539124766,1.0209935128530228,1.0193818337108311,1.0015810357698103
high,700,300,52,0.001960744072598564,0.0018220590385878493,1.0761144568170522,1.0212901120064874,1.0199218334360323,1.0013415523872506
high,700,300,53,0.0022572594233361545,0.0020883880198449543,1.0808620820874741,1.0268344175454718,1.0254308971989543,1.001368712753196
high,700,300,54,0.0020616576492043077,0.0019099002161834615,1.0794583045412194,1.0235687482006577,1.0222459690203323,1.0012939930510003
high,700,300,55,0.0020607835658238015,0.0018886839441778886,1.0911214510910796,1.0172435420003436,1.0148000268773847,1.0024078784570767
high,700,300,56,0.0020867465391864494,0.001917260115826053,1.0884003281356391,1.0185742843545225,1.0166318340111624,1.0019106723578546
high,700,300,57,0.0021897680075499224,0.0020126564657129828,1.0879988934297329,1.0198022024753564,1.0181918842056805,1.0015815469506832
high,700,300,58,0.0021388181376809537,0.001964276844925835,1.0888577866231013,1.0169657705753279,1.015179010655893,1.001760044189921
high,700,300,59,0.0020652092073560327,0.0019163917762337794,1.0776550144745034,1.0226905609060428,1.020963168452193,1.001691924358514
high,700,300,60,0.002195821066758311,0.0020529481447005785,1.0695940238074402,1.0248937968388026,1.0234953438936447,1.0013663500801457
high,700,300,61,0.0021761644346101968,0.0020442581672673707,1.0645252490389459,1.0172524858469347,1.0159620660027826,1.0012701456947395
high,700,300,62,0.0020720847457190443,0.001917436819110943,1.0806534666836152,1.0176449715853517,1.016206112213597,1.0014159129279594
high,700,300,63,0.002087198490040086,0.00193161676428945,1.0805448206015478,1.0103382108179957,1.008942576587504,1.001383264283694
high,700,300,64,0.0021919457252785996,0.0020464721853846765,1.0710850315644913,1.0109950962523426,1.0093189351789775,1.00166068525512
high,700,300,65,0.0022071735668575147,0.002048275621514326,1.0775764470729348,1.0127438236373147,1.0111512487689593,1.001575011523048
high,700,300,66,0.0019290167860511807,0.0017726949551044324,1.0881831532811799,1.0171333935660456,1.0155986383904365,1.001511182781853
high,700,300,67,0.002038675882718928,0.0018978926517263066,1.0741787112482712,1.022759741211245,1.0211826433416613,1.0015443837396443
high,700,300,68,0.0021286414689401616,0.0019594506594586775,1.0863460422770865,1.0297842170103049,1.0277257780659437,1.0020029067950742
high,700,300,69,0.002124110406751655,0.001980398964862952,1.0725669142624745,1.0178177148867058,1.0164712521726806,1.0013246441659291
high,700,300,70,0.0020644488874548904,0.0019028028720830112,1.0849515300525714,1.0102154214781331,1.0084219317549665,1.0017785112230209
high,700,300,71,0.002000410535180287,0.0018524911381069716,1.0798489094120427,1.0186079851627539,1.0168995896159496,1.0016800041658482
high,700,300,72,0.0020528977391241795,0.0018978929574032172,1.0816720358839662,1.0263328787068393,1.0246698239399423,1.0016230152660321
high,700,300,73,0.0020901342575103047,0.0019171190851538088,1.0902474831617541,1.0254243705015351,1.0236550652152103,1.0017284194124052
high,700,300,74,0.0019686038105085984,0.0018620826655030085,1.057205379212751,1.0213219268824254,1.020001438488987,1.00129459463841
high,700,300,75,0.0020567455400204247,0.0018960020726131509,1.0847802171364351,1.0228890388671585,1.0211314256314716,1.0017212409603395
high,700,300,76,0.002111943249377278,0.001970544995492069,1.0717559123027791,1.0242025068010883,1.0228488137628957,1.0013234536912767
high,700,300,77,0.0020695471825591155,0.0019097203793919885,1.0836912067818076,1.0276170024490499,1.0263265226245273,1.0012573774486726
high,700,300,78,0.002077963363120113,0.0019169839224791256,1.083975373373399,1.0293919655521644,1.027619248964306,1.0017250714110748
high,700,300,79,0.0021007192312653225,0.001939821718597232,1.0829444846016274,1.0148673289292112,1.0136830731356878,1.001168270266031
high,700,300,80,0.002172504586713918,0.0020184161703603806,1.0763412514308313,1.0297961027928357,1.0273461373000776,1.0023847517441364
high,700,300,81,0.0020946640816636363,0.0019214284009517813,1.0901598418270713,1.0260265873768633,1.0245447994284549,1.0014462890731912
high,700,300,82,0.0020825198251799596,0.001945215868648379,1.0705854598168507,1.028712003311608,1.0279421319487732,1.0007489442634045
high,700,300,83,0.002217182493833697,0.0020517735471243435,1.0806175452165185,1.0096188660695977,1.0083692438269105,1.0012392506518195
high,700,300,84,0.0020351129843730713,0.0018954597219303794,1.0736777789719878,1.0336101195492877,1.0317711414136226,1.001782350815846
high,700,300,85,0.002145025903547751,0.0019761694925115557,1.0854463201036426,1.0249501740346894,1.0236295210657123,1.0012901669420418
high,700,300,86,0.0020291107766118002,0.0018553028782768279,1.0936816841983246,1.0273658975594084,1.026115520125729,1.0012185542554957
high,700,300,87,0.002240686736565391,0.0020722312980175103,1.0812918126992104,1.0152559295587493,1.012855500606407,1.0023699619056272
high,700,300,88,0.0021092724417418308,0.0019441201381242355,1.0849496388515067,1.0259290367583582,1.02459137884931,1.0013055525711632
high,700,300,89,0.002036664163906504,0.00188289703709369,1.0816651807207462,1.022280358452573,1.020666311527428,1.0015813659243145
high,700,300,90,0.002157887175828778,0.0019812835459855453,1.0891359695592613,1.020894944048788,1.0188343420284636,1.002022509386778
high,700,300,91,0.0021280504597349496,0.001951128140693575,1.090676934718641,1.0242984594776663,1.0222401718587109,1.0020135068799076
high,700,300,92,0.0020238348337274802,0.0018951858113636468,1.0678820100870565,1.0249493148233486,1.0238077570125368,1.001115011878932
high,700,300,93,0.0018881840801812737,0.0017633286608327694,1.0708066636253384,1.0273310765994434,1.0262672896001437,1.0010365593935224
high,700,300,94,0.0020425512177935697,0.0019174100609530471,1.0652657245254682,1.0147427763493633,1.0138724413839442,1.000858426494196
high,700,300,95,0.002172556895471176,0.0020080150586498056,1.0819425313134896,1.0208178832109018,1.0194048908525948,1.0013860953297224
high,700,300,96,0.0022131711231117073,0.0020315315545862147,1.0894101635366866,1.0285810376107407,1.026641945687487,1.0018887713787648
high,700,300,97,0.002016324808671594,0.0018879446596429003,1.067999953480086,1.0165759791530706,1.0147466188180838,1.0018027754919918
high,700,300,98,0.002117234155556875,0.0019887773076885462,1.0645908656397671,1.0179930157284536,1.0167276218386623,1.0012445751080343
high,700,300,99,0.002170513658393269,0.0019981153807002694,1.0862804417393455,1.0254524864221648,1.0235962806591847,1.0018134158926257
high,700,300,100,0.002126295314714237,0.001977327031885749,1.0753382118517942,1.0250142146840744,1.0239354799298677,1.00105351828836
high,850,300,1,0.0016642017068037387,0.0015685298936097957,1.0609945743359503,1.024918408373449,1.0238923590882731,1.0010021065945736
high,850,300,2,0.0017436021359281326,0.0016440158090467649,1.0605750421214684,1.0186850423572262,1.017231518762438,1.0014289014525983
high,850,300,3,0.0016932354700471674,0.001596487760266724,1.0606003454509916,1.0121651540993046,1.0108269808280128,1.001323840080125
high,850,300,4,0.0016909020699771803,0.0015889606083872815,1.0641560659539349,1.0318514534354608,1.0307315242955513,1.0010865381658671
high,850,300,5,0.0016883326248897327,0.0015905604344322451,1.0614702769796909,1.0194507496304483,1.0186221694464899,1.000813432309655
high,850,300,6,0.0016014826805373014,0.0014996387864765319,1.0679122832639294,1.01177924709051,1.0107589700294048,1.0010094167762622
high,850,300,7,0.0016914717291535597,0.0015688527116459966,1.0781583998276771,1.0247007047639078,1.023180918899822,1.0014853539936222
high,850,300,8,0.0017213361677392617,0.0015983284385341476,1.0769602331032329,1.014334635861204,1.0136162038714964,1.0007087810819948
high,850,300,9,0.0016917405925505828,0.0016075256235141928,1.0523879481636433,1.0235367190482751,1.022863784295457,1.000657892832995
high,850,300,10,0.001781588788576764,0.0016751820054036568,1.0635195356861937,1.0165630437687572,1.0152727006521984,1.001270932544261
high,850,300,11,0.0017961405502305398,0.001697790818406908,1.0579280620188043,1.0152368408514385,1.0144366106501885,1.0007888419964823
high,850,300,12,0.0016657968916159813,0.0015642992457672584,1.0648837785502736,1.014404536048025,1.0134008996767099,1.0009903645947376
high,850,300,13,0.0017506329007109661,0.0016292344717286627,1.0745125585597857,1.017913521840772,1.0164146430854208,1.0014746725320693
high,850,300,14,0.0016483642419056037,0.0015698804036086145,1.0499935142298622,1.020574522334087,1.019611640631403,1.0009443612296223
high,850,300,15,0.0017556458246219193,0.001639161872146436,1.071063117349692,1.0182938236070314,1.017658110662004,1.0006246822369587
high,850,300,16,0.0016542235952807702,0.001571170641014824,1.0528605563888989,1.0184659248392796,1.0175070710554464,1.0009423558922677
high,850,300,17,0.0016437248796404395,0.0015346726899188156,1.0710589237939674,1.0146287577876092,1.013421589797077,1.0011911804550897
high,850,300,18,0.001659113431815773,0.0015567557910829237,1.0657506086177115,1.0165373470839527,1.01537439338163,1.0011453447220091
high,850,300,19,0.0017891135588999972,0.0017050246374736655,1.049318302843369,1.0158720335389482,1.0146411766810035,1.0012130957093333
high,850,300,20,0.00173089885558894,0.0016045753288153849,1.07872707781617,1.019195438597755,1.0182771519874383,1.0009018041979283
high,850,300,21,0.0016930116404123945,0.001581875666465308,1.07025582117678,1.0171312414805693,1.0160833589704235,1.001031295809438
high,850,300,22,0.0017979465110667836,0.001687409276052105,1.0655070684886205,1.0207832032160422,1.0196535964795082,1.0011078338177144
high,850,300,23,0.0018304496857688124,0.001713803521663306,1.068062740349779,1.0151773250826863,1.0144263108052152,1.0007403339892427
high,850,300,24,0.0015906689390273972,0.0014900307862096784,1.0675409889172296,1.0147138293800835,1.0138386519466243,1.0008632314735475
high,850,300,25,0.0017299246201832172,0.0016356367359358927,1.0576459810273056,1.0150333248771162,1.014224463657887,1.0007975169680998
high,850,300,26,0.0016565838972021657,0.001574139112077256,1.0523745229963282,1.0085712624303256,1.0078235762603878,1.0007418819995382
high,850,300,27,0.0017350863546516605,0.0016153725524853317,1.074109097608563,1.0149440882977543,1.0138681383549681,1.0010612326219581
high,850,300,28,0.0017302025798033261,0.001627912474036146,1.0628351384970767,1.02662168647545,1.0252925732480138,1.0012963258118859
high,850,300,29,0.001701968972529319,0.0015947144620734554,1.0672562474390623,1.0220953008500326,1.0210413959181799,1.0010321862914333
high,850,300,30,0.001748782435160348,0.0016248946463237029,1.076243582386673,1.0119527945639275,1.0108240695445736,1.001116638447146
high,850,300,31,0.0016712757131402494,0.0015746910486338654,1.06133562808411,1.015835285558268,1.014853752025499,1.0009671674670464
high,850,300,32,0.0017974751433609934,0.0016831293351551534,1.0679364359098995,1.0258978537262675,1.0245970501733945,1.0012695757348247
high,850,300,33,0.0017624832639517888,0.001670717252497497,1.0549261171015707,1.0253880348382438,1.0244284125488863,1.0009367392368296
high,850,300,34,0.0016288774537927123,0.0015254309746384666,1.0678145919901507,1.0143932591424554,1.0132916180109728,1.0010871906092
high,850,300,35,0.0016051632085850086,0.0015194150437694083,1.0564349847444408,1.016599652041484,1.015589202249101,1.0009949394796096
high,850,300,36,0.0017441293379729743,0.0016382859125887894,1.0646061988147923,1.0177745214727596,1.0165849755737855,1.0011701391694312
high,850,300,37,0.0017234415838839154,0.0016169474832159504,1.065861199434974,1.0154771266534965,1.0146172516754712,1.0008474870465738
high,850,300,38,0.0017628715272929706,0.0016683421865033464,1.0566606428551368,1.0217759962646442,1.0206535240977943,1.0010997582826573
high,850,300,39,0.00180911996578687,0.0016932821456490607,1.068410229467935,1.0187063875770364,1.0179075883017141,1.0007847463605757
high,850,300,40,0.001777479501065986,0.0016464189481718331,1.0796034041272917,1.0176117411446586,1.0164030821665513,1.0011891532004518
high,850,300,41,0.0017706108541881743,0.0016597678637296702,1.0667822247199248,1.0222395167086187,1.021286193234921,1.0009334537958239
high,850,300,42,0.0017139228320183731,0.0016250860314739152,1.0546659061882926,1.014095722915327,1.0131217260108234,1.0009613819144305
high,850,300,43,0.0017760994969514836,0.0016733746394587618,1.0613878417124496,1.024098074192086,1.0233024419016052,1.0007775143084798
high,850,300,44,0.001785443037567469,0.0016654420199784337,1.0720535546416616,1.0089606475034665,1.007592384780712,1.0013579526239198
high,850,300,45,0.0017260954107136352,0.001619586930186817,1.0657627439081225,1.0326865638469365,1.0313689794034817,1.0012775102507123
high,850,300,46,0.001778136728744985,0.0016756741814976076,1.0611470585264988,1.0137212000636087,1.0125156054070523,1.0011906924200655
high,850,300,47,0.0016817603306770634,0.0015995913929860708,1.051368704564984,1.017568566839409,1.0165256903217108,1.0010259224411417
high,850,300,48,0.0016558436560827313,0.0015680371496743385,1.05599772073425,1.0055792750565056,1.005024325341192,1.0005521754064264
high,850,300,49,0.0017967402570034355,0.0016997743870243989,1.057046317863857,1.0211757060974123,1.0200068336831518,1.0011459456698342
high,850,300,50,0.0016729823975295671,0.0015828119028560152,1.0569685472486332,1.014433174620128,1.0133578133315977,1.0010611861618701
high,850,300,51,0.001646924084055879,0.0015604979761107117,1.0553836719228373,1.0102298450941567,1.0094433661257352,1.0007791214394128
high,850,300,52,0.0017219663478994433,0.0016285588635242838,1.0573559153846126,1.0182465704678074,1.0172674300520748,1.000962520166091
high,850,300,53,0.0017827349112239674,0.0016662083245242065,1.0699351845652527,1.0150057023868315,1.013774322791384,1.001214648633097
high,850,300,54,0.0017288555771892901,0.0016099620671926633,1.0738486405483731,1.0174587299822124,1.0160688074833732,1.0013679413132284
high,850,300,55,0.0016989824897213777,0.001588598347942644,1.0694852427120358,1.0072273699262413,1.0064720290397375,1.0007504837339836
high,850,300,56,0.0017643913800745356,0.0016942789832740581,1.0413818488528914,1.0173987274482674,1.016769824809102,1.0006185299994357
high,850,300,57,0.0017526097933083502,0.001638473594289102,1.0696600783906862,1.0215021686439614,1.0203064849611232,1.001171886781533
high,850,300,58,0.0017717387719997071,0.001647278014038669,1.0755554052809184,1.005330526958062,1.0042244688603412,1.0011014052455582
high,850,300,59,0.0017611662412359177,0.0016448046147538099,1.0707449538008043,1.0199797925310203,1.0186815428270255,1.0012744411765742
high,850,300,60,0.0017011446584505117,0.001600623770724832,1.0628010714099039,1.026822861609563,1.0255066903069439,1.0012834351204722
high,850,300,61,0.0017659462832275668,0.0016557418138975644,1.0665589697650895,1.0219598098778464,1.020728691213328,1.0012061174287705
high,850,300,62,0.0016437851128878308,0.0015705169573995567,1.0466522536691298,1.018730789016165,1.018021831568914,1.0006964069190525
high,850,300,63,0.001728006433935781,0.0016117350071350653,1.072140535687311,1.0146765501542303,1.0134001302995246,1.0012595418300652
high,850,300,64,0.0017380110792172465,0.0016167496181831015,1.0750032408669552,1.0149391174773101,1.0136668575431969,1.0012551065714004
high,850,300,65,0.0016851750153586908,0.0015901566903798443,1.059754064208697,1.0211484488064968,1.0205556524176942,1.0005808565043937
high,850,300,66,0.0016613291988274868,0.0015591914783089041,1.065506848863336,1.0145063987824792,1.013685959633252,1.000809362250143
high,850,300,67,0.0018601337722879314,0.0017408401198915982,1.0685264838701911,1.0114539271623264,1.0103289892221092,1.0011134372587718
high,850,300,68,0.001688916338510416,0.001579222649654223,1.0694605595228837,1.0161648318416305,1.0153482557741984,1.0008042325013002
high,850,300,69,0.0016967498744329672,0.0015998610629731035,1.0605607659953986,1.0203822769024617,1.0197768921701378,1.000593644293151
high,850,300,70,0.0016599212661020752,0.0015575529824348809,1.0657237890599167,1.0130349116229356,1.0119450558787997,1.0010769910261477
high,850,300,71,0.0017305684236561976,0.0016255200875597963,1.0646244466004098,1.0213823410459855,1.0197776099193292,1.0015736089035954
high,850,300,72,0.0016416025405010318,0.0015622139496805207,1.0508180014886863,1.0294303622644476,1.0288899973235024,1.0005251921413862
high,850,300,73,0.0017525979893241938,0.001626968298797982,1.0772170488011525,1.0101549115348307,1.0089425672766106,1.0012015988794016
high,850,300,74,0.001780237638182097,0.0016555164589512864,1.0753367195816448,1.0180630857823492,1.0167590305580947,1.0012825607494615
high,850,300,75,0.0016917880638169904,0.0015930629544897658,1.0619718819328423,1.0214632439937614,1.020594481929779,1.0008512313944122
high,850,300,76,0.0017591763880341078,0.001644390085984489,1.069804788430658,1.0253473047394384,1.0243961303905142,1.0009285220050192
high,850,300,77,0.0017644934135638574,0.0016412923034586594,1.0750634788486968,1.0205032537109022,1.0193869314767485,1.0010950917651422
high,850,300,78,0.0015979468757747043,0.0015082652524822644,1.059460113627125,1.0225329224311086,1.0222611766842153,1.0002658281005787
high,850,300,79,0.0017570596575623926,0.0016705008773170759,1.0518160639246927,1.016183320045199,1.0150998330485443,1.0010673698895218
high,850,300,80,0.0016678481781673537,0.0015629436111700627,1.067119866799773,1.0261036759344435,1.025022722353728,1.0010545654814689
high,850,300,81,0.0017634828208196944,0.001654069625782108,1.0661478775331792,1.012427653046022,1.0113185900134518,1.0010966504952266
high,850,300,82,0.0016704078137830857,0.0015781942775010087,1.0584297748361453,1.011071466861285,1.0099202664307771,1.0011398923942545
high,850,300,83,0.0018088672523555113,0.0016711222271843385,1.0824266609171123,1.0193752427061942,1.0177907190106936,1.0015568266303712
high,850,300,84,0.0016352797041938871,0.001531324071691265,1.0678861087763145,1.0065969697348556,1.00534652716226,1.0012437926016666
high,850,300,85,0.001672311750407622,0.0015748135164516661,1.061910971005403,1.0072215867071113,1.0057156250853483,1.0014974030274564
high,850,300,86,0.0017768183982874493,0.0016508179816270138,1.0763260505172423,1.019349742203851,1.01804508407527,1.0012815327621432
high,850,300,87,0.0016683117788594984,0.0015676953656865952,1.0641811000881773,1.0161904036355447,1.0150383215525718,1.0011350133866972
high,850,300,88,0.0017077744665516014,0.0016172476055007314,1.0559758819508909,1.0203505035758402,1.019234120228981,1.0010953159089773
high,850,300,89,0.0016938395916388474,0.0015832512031627522,1.069848921166256,1.0197448000089886,1.0186704016989903,1.001054706515676
high,850,300,90,0.0018064469574347157,0.0016908843038697518,1.0683445066587274,1.0137026273231347,1.0123491024255165,1.0013370139750954
high,850,300,91,0.001793240468364868,0.0016825937525432018,1.065759614080598,1.0206156408544829,1.0198348933857073,1.0007655626159089
high,850,300,92,0.0017524197682285791,0.0016362677349960858,1.0709859583173724,1.020521735240311,1.0192721611523754,1.001225947431472
high,850,300,93,0.0016139218104632223,0.0015220199724480044,1.060381492804857,1.0146937451329485,1.0137911177809866,1.0008903484515999
high,850,300,94,0.001645815684514213,0.001558724819577994,1.0558731495401463,1.0198091565470417,1.0189445535277426,1.0008485280345292
high,850,300,95,0.0016107037711364733,0.0015342892574364236,1.0498045028534757,1.0062459776378032,1.0057486666270776,1.0004944684762977
high,850,300,96,0.0016865461052687895,0.0015673244615850874,1.0760669833246457,1.0228905875335899,1.0214325518311886,1.001427441978217
high,850,300,97,0.0016868417303668995,0.0015882193550845415,1.062096192800212,1.010690715113591,1.0096188645253246,1.0010616388282032
high,850,300,98,0.0017942372410955734,0.0016574673333291583,1.0825174077438386,1.0175487054304346,1.01615622943219,1.0013703365269164
high,850,300,99,0.0017321395127865887,0.0016281929061310856,1.0638417022111348,1.0255927570972985,1.0247793944798724,1.0007936953278016
high,850,300,100,0.001745863579408675,0.0016423722826465763,1.0630132996371133,1.015015224827521,1.0140872961134735,1.0009150382985803
high,1000,300,1,0.0014669730789287608,0.0014081733627854009,1.041756020740978,1.016391798802869,1.0156015142866068,1.0007781442870507
high,1000,300,2,0.0014818883363606093,0.0014080529574361925,1.0524379275186193,1.0040516520412808,1.0031131761401795,1.000935563327672
high,1000,300,3,0.0014157423627718917,0.001336004617227578,1.0596837350081785,1.0192010365919584,1.0182325768798888,1.0009511183732083
high,1000,300,4,0.001402243167701552,0.0013412445635143163,1.0454791063811717,1.0114538328593679,1.0109156013038303,1.0005324198724832
high,1000,300,5,0.0015406413851722714,0.0014674192928462034,1.0498985482084309,1.012250211560971,1.0117564917859505,1.0004879828091333
high,1000,300,6,0.0014763811059839628,0.001399122868859228,1.0552190510528408,1.009439351220215,1.0086002682205588,1.0008319281940472
high,1000,300,7,0.0015227329580008078,0.0014373225176976445,1.059423295225331,1.0128072279525213,1.011804723516595,1.0009908082188448
high,1000,300,8,0.0013677872205958876,0.001294044098313919,1.0569865604874304,1.0119059788138052,1.0112211993834965,1.000677180651203
high,1000,300,9,0.0014562627983270373,0.0013707342031456793,1.06239619248216,1.0135693891083268,1.0128139355393257,1.000745895709461
high,1000,300,10,0.0014682082342064196,0.0013862993234752849,1.059084578160075,1.0189915855804061,1.0179426556327302,1.0010304410979063
high,1000,300,11,0.001450803829482199,0.0013989398710103824,1.0370737581697187,1.0102616022231248,1.0097017826691748,1.000554440492786
high,1000,300,12,0.001580195303931167,0.0015073916339132837,1.0482977803378677,1.009516962875675,1.0085347361795074,1.000973914592063
high,1000,300,13,0.0014724612705402454,0.0013934507281498595,1.0567013535493224,1.0180128276836204,1.0170994735622212,1.0008979988144133
high,1000,300,14,0.0014114449585923416,0.0013440779072869304,1.0501213887529735,1.0088424844244905,1.007968216689642,1.0008673564507022
high,1000,300,15,0.001455296857301434,0.0013602668458497385,1.0698613009216817,1.0162570087810645,1.0153002562555364,1.000942334565202
high,1000,300,16,0.0015163042233299825,0.0014377470278308783,1.0546390943458412,1.0180188450846468,1.0172508090613632,1.0007550114646675
high,1000,300,17,0.0014013168547373086,0.0013089219635924372,1.0705885405813549,1.0210981987107008,1.0202921927299977,1.0007899756427092
high,1000,300,18,0.0014021766939906243,0.001321671773474562,1.0609114321208675,1.020944419710501,1.0200189820955028,1.0009072748951173
high,1000,300,19,0.001384141000175878,0.0013306364390523484,1.0402097519301623,1.0202327316885997,1.0196912195830479,1.000531054985227
high,1000,300,20,0.0015169753700609169,0.0014384349571042693,1.0546012960605173,1.0112789446935155,1.010579515568239,1.0006921069688248
high,1000,300,21,0.0013820601619438126,0.0013238665458812568,1.0439573129509199,1.0124451066466453,1.0119242897162,1.0005146797401132
high,1000,300,22,0.0014477766808522427,0.001363410649067078,1.0618786657144659,1.0165290862134675,1.0157218010916613,1.0007947895978393
high,1000,300,23,0.0014886561259824188,0.0014134820347828105,1.0531836198478173,1.015205887000968,1.0145953715600462,1.0006017329252972
high,1000,300,24,0.001475217595538837,0.0013980850495743913,1.0551701386034609,1.0117975162444686,1.0111542579005668,1.000636162424156
high,1000,300,25,0.001507935876053181,0.0014316216992193702,1.0533061051501407,1.0106488986543047,1.0097965601093046,1.0008440695667529
high,1000,300,26,0.0014557428967325826,0.0013818722815470159,1.0534569049339841,1.0150906771738761,1.0141898670911647,1.0008882065498201
high,1000,300,27,0.001488452377610038,0.0014112738345288213,1.0546871494340317,1.0133266080216754,1.0125748024180343,1.0007424692001476
high,1000,300,28,0.001423531982598633,0.001346775745685776,1.0569925892701406,1.0116497674343277,1.011017936632689,1.0006249451950804
high,1000,300,29,0.0015454263094882728,0.001482027445029864,1.0427784685573966,1.0157061858853145,1.0151952709900445,1.0005032676075922
high,1000,300,30,0.001449967738382559,0.0013688958919048778,1.059224260191815,1.0164025143962874,1.015716069312718,1.0006758237900417
high,1000,300,31,0.0014319324896842288,0.0013489932200786703,1.0614823472579957,1.013026284015484,1.0118526666970145,1.0011598697686894
high,1000,300,32,0.0014587982673521054,0.0013575435621970184,1.0745867079147122,1.0207293543095957,1.0202151721338497,1.000503993853248
high,1000,300,33,0.0014957091373370079,0.0014337369354680358,1.0432242486999483,1.018012534417396,1.0175595564137832,1.0004451611709189
high,1000,300,34,0.0014580627591177062,0.001374830238334804,1.06054021686613,1.0146080123105776,1.0139144257377293,1.0006840681572744
high,1000,300,35,0.0014923013656034797,0.0014080843297325514,1.0598096535077017,1.013913657371966,1.0130233440597287,1.0008788675181652
high,1000,300,36,0.0014632021851294745,0.0013981345699206138,1.0465388787379424,1.0226190456432622,1.0222958646472242,1.0003161325475474
high,1000,300,37,0.0014341915628597666,0.0013556301375410604,1.057951961337483,1.0119435502215133,1.0111083956542026,1.0008259792628567
high,1000,300,38,0.0014922325768780057,0.0014177015090213795,1.0525717630843703,1.014473931033996,1.0142419075406892,1.0002287654371032
high,1000,300,39,0.0014262335160158525,0.0013400284563469718,1.0643307679479306,1.0185236504839814,1.0173526119990228,1.0011510645091455
high,1000,300,40,0.0015359663571631295,0.0014552743778853295,1.0554479488569395,1.0228016781705012,1.021926352550275,1.0008565447187476
high,1000,300,41,0.0014544687225667339,0.0013753434208472993,1.057531304923601,1.0159115428570336,1.0150443833568032,1.0008543069785407
high,1000,300,42,0.0014018806166865914,0.0013266194338450994,1.0567315545976539,1.014652625512709,1.0136077188995747,1.0010308787054905
high,1000,300,43,0.0014475664093809397,0.0013808444647445454,1.0483196669428934,1.016872899691344,1.0160308322894878,1.0008287813470766
high,1000,300,44,0.0014192991891663475,0.0013337518021157202,1.064140409718603,1.0162497433698792,1.0155975885275688,1.0006421390220668
high,1000,300,45,0.0014411037985013267,0.0013870414711773579,1.038976720197183,1.0137288603060715,1.0133754742275707,1.0003487217595928
high,1000,300,46,0.001440432269863611,0.0013583539534811082,1.0604248371141833,1.0122623073139807,1.0114039562718402,1.0008486728144752
high,1000,300,47,0.0013794526826740163,0.0013156288418073284,1.0485120414196838,1.0198792356309543,1.0193170994573066,1.0005514831193816
high,1000,300,48,0.0015211379842480692,0.0014368016887474162,1.0586972413528941,1.016766331160559,1.0156023394915719,1.0011461096767165
high,1000,300,49,0.0014901524208078382,0.0014056541719862149,1.0601131135279354,1.0160026604253791,1.014948463509321,1.0010386703896403
high,1000,300,50,0.001442255585833113,0.001392020030957807,1.0360882413744725,1.007525783426833,1.0070819638959139,1.0004406985199121
high,1000,300,51,0.0014308028535505487,0.001351969209066445,1.0583102366203587,1.0108282541151783,1.0100596335669265,1.0007609655140237
high,1000,300,52,0.0014527657999430575,0.0013875188847832245,1.04702416368915,1.0119132218645321,1.0111212601634076,1.0007832509633874
high,1000,300,53,0.0014278605350400385,0.0013339105718482229,1.0704319803550562,1.0141697470982267,1.0130795643539723,1.0010761077240262
high,1000,300,54,0.0014794915110594093,0.0014057109561447193,1.0524862914329411,1.014480135552516,1.0137092417381297,1.0007604683696723
high,1000,300,55,0.0014185964169624405,0.0013439949548010187,1.0555072486655777,1.0129975900415933,1.012274186842633,1.0007146316762423
high,1000,300,56,0.001458896217044696,0.0013702486088930084,1.0646945434400432,1.0184590631028914,1.0176582464860706,1.0007869209723264
high,1000,300,57,0.0014320257017424525,0.001350764600731605,1.0601593356583632,1.008946138422245,1.0080600843505643,1.0008789695033422
high,1000,300,58,0.0015115895017309483,0.0014265470512779726,1.0596141924493765,1.0181963623933834,1.0174840553352793,1.000700067047114
high,1000,300,59,0.0015076281096072037,0.0014403323796209934,1.0467223614065515,1.0196770571535245,1.019153984125099,1.0005132423918006
high,1000,300,60,0.001447565693178024,0.0013909844648349642,1.0406771101859666,1.0164354029432845,1.0158294894472641,1.0005964716542637
high,1000,300,61,0.0014330999031308528,0.0013853363354875967,1.0344779577491157,1.018119887639455,1.0176426462405985,1.000468967569922
high,1000,300,62,0.001499753403197691,0.00140610599355839,1.066600533721011,1.011095947823331,1.0101951919639687,1.0008916651618696
high,1000,300,63,0.0014222357839395864,0.001346154154412588,1.056517768992213,1.016783597567184,1.0161034314687865,1.0006693866759355
high,1000,300,64,0.0014023106376203351,0.001330615256773515,1.0538813759137766,1.0184061036290695,1.0180175745410103,1.00038165263329
high,1000,300,65,0.0014342271043193064,0.001374022096642109,1.0438166226178813,1.014476722468661,1.013862315497939,1.0006060063199216
high,1000,300,66,0.0014021654238717512,0.001335366765810722,1.0500227052007503,1.0143103461006506,1.0136198553457005,1.0006812127360258
high,1000,300,67,0.0015282288456409177,0.0014704546967891302,1.0392899889931615,1.015693720953876,1.0149517410763633,1.0007310494159316
high,1000,300,68,0.0015249361799451074,0.0014511354359425617,1.0508572405956096,1.014631887024428,1.013955206994385,1.00066736678837
high,1000,300,69,0.0014524048840178904,0.0013732879250946738,1.057611340985003,1.0085760595039917,1.0079626245954671,1.0006085889432366
high,1000,300,70,0.0015418100840106218,0.001447655478620651,1.0650393735114951,1.0116150434224798,1.0105001753118235,1.001103283441106
high,1000,300,71,0.0013783681374400284,0.0013108066743911975,1.0515418973436412,1.009094180712362,1.0084968788792548,1.000592269391821
high,1000,300,72,0.001504335339615185,0.0014069974934361974,1.0691812505943186,1.0186102076904786,1.0173185208679016,1.0012696975392477
high,1000,300,73,0.001404869419313266,0.0013287731324531015,1.0572680806088244,1.0053992064041761,1.004793278396117,1.0006030374815267
high,1000,300,74,0.0014986693991498714,0.0014136333688533214,1.0601542324694326,1.0109190876495155,1.0102312087176257,1.00068091237526
high,1000,300,75,0.0013905633665577135,0.0013105655813576505,1.0610406578182765,1.0118017369657444,1.01088116468074,1.0009106632086622
high,1000,300,76,0.0013709768188330698,0.0012953356198405663,1.0583950582643697,1.0170399312647322,1.0164164382892713,1.0006134227585992
high,1000,300,77,0.0014667344627216276,0.0013916538685712035,1.0539506236759206,1.0078881389026462,1.007277385381078,1.0006063409448402
high,1000,300,78,0.0013878622166334533,0.0013283150702873094,1.0448290828570244,1.0184900250622242,1.0176381501167184,1.0008371098758513
high,1000,300,79,0.0014706795316183298,0.0014098617668256738,1.043137395611194,1.0167222529533526,1.0163369380014244,1.0003791212712252
high,1000,300,80,0.0014709339305809563,0.001399832916539309,1.0507925004488567,1.0170045272740367,1.016345385403093,1.0006485412148374
high,1000,300,81,0.0013356517140311747,0.0012683451437034438,1.0530664469855597,1.0151245596118135,1.014546218536145,1.0005700490180753
high,1000,300,82,0.0014210871725094639,0.0013398517438161174,1.0606301623058494,1.0124833933912794,1.0118177202819374,1.000657898251828
high,1000,300,83,0.0014914126833113742,0.0014275894458657898,1.0447069972606007,1.0209061382573117,1.0200531895759608,1.0008361805933919
high,1000,300,84,0.0014475319174380623,0.0013644744811314687,1.0608713738916682,1.0167866607713671,1.0156869802535249,1.001082696282636
high,1000,300,85,0.001436309482203562,0.0013743863254134753,1.0450551316213492,1.0136228016683677,1.0129165440093677,1.0006972515783032
high,1000,300,86,0.0015268599938380195,0.0014368794452437829,1.062622197632572,1.0190165335364523,1.0178765824803144,1.0011199305257226
high,1000,300,87,0.0014773897755905956,0.0014003022979756459,1.0550505970934931,1.0188285560661332,1.0184828027647137,1.000339478782048
high,1000,300,88,0.0014532899019090587,0.0013594963445700957,1.0689914009063575,1.0209091903262613,1.019878041583061,1.001011051028807
high,1000,300,89,0.0013987687196206366,0.0013426023641076134,1.0418339465314104,1.017587953643796,1.0171083676889667,1.0004715190338263
high,1000,300,90,0.0014773518123605538,0.0014253380415114461,1.0364922350588157,1.014688168482696,1.0141933453936691,1.0004878981816183
high,1000,300,91,0.0014632329497146763,0.0014005895714857956,1.0447264348558774,1.0150172988730748,1.0143567154513178,1.000651233842784
high,1000,300,92,0.0014369254339363041,0.0013756880595459696,1.044513997170656,1.011498025228899,1.0112785542591107,1.0002170232611618
high,1000,300,93,0.0014824221543922858,0.001419384941733504,1.0444116397217755,1.0105085728170085,1.010016644955068,1.0004870492624034
high,1000,300,94,0.0014903734947077764,0.0014100749014241316,1.0569463318597798,1.0223392885653377,1.0217537061719846,1.0005731150176562
high,1000,300,95,0.0014677352788037864,0.0013827735280603642,1.0614429977283404,1.0144082867801674,1.013477504737935,1.0009184042446735
high,1000,300,96,0.0014287411974982026,0.0013507915561866402,1.0577066394548826,1.015829323646172,1.0151614266332338,1.0006579219771512
high,1000,300,97,0.0014345451161428965,0.0013768285251059365,1.0419199558874037,1.0191993541165998,1.0184492991628433,1.0007364676419073
high,1000,300,98,0.0014138200955862224,0.0013478473421896177,1.048946754822716,1.01404448013883,1.0132924404832033,1.000742174347287
high,1000,300,99,0.0014036589415907326,0.001326102393808367,1.0584845847081497,1.0215467622023895,1.0207551860080388,1.0007754809431304
high,1000,300,100,0.0014833718051750129,0.0013870062511680266,1.069477375408968,1.0078343032160189,1.006723639690026,1.0011032456994202
